,MP2,MP2,MP2,MP2,MP2,MP2,B2PLYP,B2PLYP,B2PLYP,B2PLYP,B2PLYP,B2PLYP,B2GPPLYP,B2GPPLYP,B2GPPLYP,B2GPPLYP,B2GPPLYP,B2GPPLYP,DSD-PBEPBE-D3,DSD-PBEPBE-D3,DSD-PBEPBE-D3,DSD-PBEPBE-D3,DSD-PBEPBE-D3,DSD-PBEPBE-D3
,xx,yy,zz,xy,yz,zx,xx,yy,zz,xy,yz,zx,xx,yy,zz,xy,yz,zx,xx,yy,zz,xy,yz,zx
AlF,6.04181601,6.04181601,5.24418691,-0.0,0.0,-0.0,6.07485857,6.07485857,5.31687229,-0.0,0.0,0.0,6.06886357,6.06886357,5.25793238,0.0,0.0,0.0,6.104361,6.104361,5.2468751,0.0,-0.0,-0.0
Ar,1.60421905,1.60421905,1.60421905,0.0,0.0,0.0,1.62936788,1.62936788,1.62936788,-0.0,0.0,0.0,1.61442823,1.61442823,1.61442823,0.0,-0.0,-0.0,1.61295036,1.61295036,1.61295036,0.0,-0.0,0.0
BF,3.05513225,3.05513225,2.726481,-0.0,0.0,0.0,3.10718348,3.10718348,2.7752784,-0.0,-0.0,-0.0,3.08109113,3.08109113,2.73205798,0.0,0.0,0.0,3.07100031,3.07100031,2.72789618,0.0,0.0,0.0
BH2,2.82714884,2.98358053,2.8962229,-8.27e-06,-0.0,0.0,2.89244614,3.13511534,2.98262322,-9.34e-06,-0.0,-0.0,2.86472116,3.07324803,2.94725447,-9.6e-06,-0.0,0.0,2.87293638,3.06017003,2.93918633,-9.38e-06,-0.0,0.0
BH2Cl,3.55237624,4.04922363,5.4910359,0.0,0.0,-0.0,3.58865052,4.10870863,5.58588908,0.0,0.0,-0.0,3.56110579,4.07229979,5.51922347,0.0,0.0,-0.0,3.56004003,4.06487292,5.52002885,-0.0,0.0,-0.0
BH2F,2.07261629,2.64503332,2.63566384,0.0,-0.0,0.0,2.10894222,2.70244233,2.68527894,0.0,0.0,0.0,2.08555497,2.66988568,2.64606425,0.0,0.0,-0.0,2.09322893,2.67016674,2.65215571,-0.0,0.0,0.0
BH3,2.7251038,2.72504607,2.09066744,-0.0,-0.0,0.0,2.78894388,2.78888431,2.13016549,-0.0,0.0,0.0,2.76087528,2.76081572,2.11135473,0.0,-0.0,-0.0,2.75870007,2.75864258,2.11943922,0.0,-0.0,0.0
BHF2,2.04412232,2.61799928,2.52289113,0.0,-0.0,-0.0,2.07526265,2.66816451,2.56894519,-0.0,0.0,-0.0,2.04737889,2.62267351,2.52864119,0.0,0.0,-0.0,2.05429736,2.62867978,2.5296109,0.0,-0.0,-0.0
BN,3.42669853,2.52094294,2.15600538,-1e-08,0.0,-2.722e-05,3.31127055,2.58272425,4.37534222,-0.0,0.0,-2.103e-05,3.27883082,2.56003851,4.22414498,1e-08,-0.0,-2.234e-05,3.3434491,2.55302249,4.09506973,-0.0,0.0,-2.626e-05
BO,2.2988896,2.2988896,2.38331295,-0.0,-0.0,-4e-06,2.33576504,2.33576504,2.89228323,-0.0,-0.0,-4.5e-06,2.30530017,2.30530009,2.83589116,0.0,-0.0,-2.923e-05,2.30774601,2.30774601,2.78997401,-0.0,-0.0,-4.48e-06
BS,4.48544576,4.48544576,5.30759783,0.0,0.0,-9.15e-06,4.47815524,4.47815524,6.46904485,0.0,-0.0,-6.68e-06,4.44589146,4.44589146,6.39355949,0.0,0.0,-6.53e-06,4.43723343,4.43723343,6.27911038,0.0,0.0,-7.05e-06
Be,7.08991376,6.95557065,7.23126896,0.10707012,0.1408394,0.25461804,6.27112554,6.27112554,6.27112554,0.0,0.0,0.0,6.26388491,6.26388491,6.26388491,0.0,-0.0,0.0,6.15519813,6.15519813,6.15519813,-0.0,-0.0,0.0
BeH,5.3818703,5.3818703,3.73475191,0.0,0.0,-8.69e-06,5.39585927,5.39585927,3.91723442,0.0,-0.0,-3.95e-06,5.37816513,5.37816513,3.85658611,-0.0,-0.0,-5.21e-06,5.44337357,5.44337357,3.86318458,0.0,0.0,-6.28e-06
BeH2,2.84223719,2.84223719,2.94361624,0.0,-0.0,0.0,2.92865315,2.92865315,3.03377691,0.0,0.0,0.0,2.89125858,2.89125858,2.99728932,-0.0,-0.0,0.0,2.928014,2.928014,3.00603102,0.0,-0.0,0.0
C2H,3.15090037,3.15090037,4.2651357,0.0,0.0,-2.875e-06,3.54110475,3.54110476,4.02013415,0.0,0.0,-0.00028178999999999997,3.39461823,3.39461201,4.00913112,3.05e-07,1.4665e-05,1.6295e-05,3.27492762,3.27492762,4.02769094,0.0,-0.0,-5.556e-05
C2H2,2.77549441,2.77549441,4.49977819,0.0,0.0,0.0,2.84437806,2.84437806,4.62727803,-0.0,-0.0,0.0,2.82050846,2.82050846,4.59642859,-0.0,-0.0,-0.0,2.7941912,2.7941912,4.55153816,0.0,0.0,0.0
C2H3,3.48387026,5.65706284,3.43301291,-0.12666727,0.0,0.0,3.50935712,5.20380338,3.25554712,-0.091827995,-0.0,-0.0,3.47375464,5.19450009,3.24874925,-0.10040907,0.0,0.0,3.45846168,5.22378251,3.25346419,-0.10102673000000001,-0.0,-0.0
C2H4,3.33717394,3.73366697,5.10924901,0.0,-0.0,0.0,3.37874831,3.7762923,5.29304026,0.0,0.0,0.0,3.35843911,3.7494764,5.26456916,0.0,0.0,0.0,3.31828203,3.72677055,5.19144319,0.0,-0.0,0.0
CH2-t,2.09325288,2.2821343,1.99596147,-0.0,0.0,6.5e-07,2.18973001,2.34963513,2.08238201,-0.0,-0.0,4.7e-07,2.14431197,2.32106266,2.04474681,-0.0,0.0,5.3e-07,2.11578635,2.29980053,2.01893493,-0.0,0.0,6.4e-07
CH2BH,4.22357221,3.65215474,5.7473428,-0.0,0.0,-0.0,4.3021065,3.68862874,5.90278779,-0.0,-0.0,-0.0,4.26487374,3.6616634,5.86221188,-0.0,-0.0,-0.0,4.22339402,3.64352187,5.81162951,0.0,-0.0,-0.0
CH2F,2.20297104,2.5402295,2.30778872,0.033955374999999996,0.0,0.0,2.27416753,2.59880755,2.35881726,0.03415322,-0.0,-0.0,2.22774832,2.55894245,2.32763783,0.035128535,-0.0,-0.0,2.22121987,2.55008483,2.32053848,0.033327615000000005,-0.0,-0.0
CH2NH,3.304015,2.71478801,8.15673679,0.000166745,0.0029846300000000003,0.313911145,3.2845256,2.5678842,4.34906336,-0.0,-0.0,0.08238036500000001,3.24965198,2.5498997,4.30765981,0.0,-0.0,0.08868704999999999,3.23456018,2.52938842,4.26380255,-0.0,-0.0,0.08377673
CH2PH,9.00122384,5.22226455,5.7643592,3.75e-07,-1.2000000000000002e-07,-0.684124435,7.71415277,5.02870126,5.73746523,0.0,-0.0,-0.47036247,7.67512657,5.0082746,5.701508,0.0,-0.0,-0.473547815,9.28515886,5.23679293,5.77406306,3.078e-05,-6.130000000000001e-06,-0.73832234
CH3,2.33338148,2.33330333,2.35518547,0.0,-0.0,0.0,2.37618465,2.37610511,2.41206169,-0.0,0.0,-0.0,2.35236336,2.35228295,2.36943744,0.0,0.0,-0.0,2.34093705,2.34085883,2.35197526,0.0,-0.0,-0.0
CH3BH2,3.7121643,4.88123177,4.2665888,-0.03711536,-1.2e-07,9.1e-07,3.76020552,4.98874544,4.3364489,-0.038577075,-1.3e-07,9.4e-07,3.73019573,4.9237419,4.29876797,-0.036490075,-1.2e-07,9.3e-07,3.72714202,4.91420182,4.28886862,-0.037126055000000005,-1.2e-07,9.2e-07
CH3Cl,3.92789431,3.92782118,5.42103717,-0.0,0.0,-2.47e-05,3.97073123,3.9706521,5.48651607,0.0,0.0,-2.2449999999999997e-05,3.93846158,3.93838405,5.44733413,-0.0,-0.0,-2.317e-05,3.92802458,3.92795011,5.4139757,-0.0,0.0,-2.514e-05
CH3F,2.37962236,2.37950549,2.58631092,0.0,4.624e-05,-0.0,2.41968647,2.41956822,2.62164152,0.0,4.639e-05,-0.0,2.39327858,2.39316408,2.59132348,0.0,4.599e-05,0.0,2.38771706,2.38759858,2.58584043,0.0,4.7044999999999994e-05,0.0
CH3NH2,4.16367883,3.64822888,3.53944856,-0.06424435,0.0,-0.0,4.22170498,3.69500065,3.58323805,-0.067482125,0.0,-0.0,4.17364453,3.64730101,3.55167289,-0.060249165,0.0,-0.0,4.15002365,3.63837747,3.53813202,-0.061233209999999996,0.0,-0.0
CH3O,,,,,,,0.61835144,-61.06079004,3.50253287,-11.7613722,-0.074763945,0.005728495,27.78830503,8.49900824,3.41850813,-12.060772715,-0.01791023,0.000803445,30.8799056,6.97405848,3.38682031,10.916550189999999,0.009912484999999999,-0.010674389999999999
CH3OH,3.02203739,3.4407657,2.93949203,-0.101985085,-0.0,-0.0,3.06431868,3.48760955,2.97812818,-0.104054215,-0.0,0.0,3.03363375,3.4468999,2.94255332,-0.106103235,-0.0,-0.0,3.02455921,3.43119307,2.93569219,-0.104676905,-0.0,-0.0
CH3SH,6.34476075,5.01003366,5.01825996,-0.20475134,-0.03492633,0.12731971,6.41138925,5.06003711,5.07022355,-0.209956515,-0.03698231,0.12734742,6.3646882,5.02180658,5.02496685,-0.205935415,-0.03239664,0.129196985,6.32295764,5.0010332,5.00880072,-0.20117483,-0.0340329,0.126927805
CH4,2.44734612,2.44734612,2.44734612,0.0,0.0,-0.0,2.48371746,2.48371746,2.48371746,0.0,-0.0,0.0,2.46225859,2.46225859,2.46225859,-0.0,0.0,0.0,2.45289317,2.45289317,2.45289317,-0.0,-0.0,0.0
CN,2.52005461,2.52005461,3.3155584,0.0,0.0,1.023e-05,3.19174415,3.19174415,4.5179661,-0.0,-0.0,5.4495e-05,3.30300284,3.30300283,4.24269442,0.0,0.0,7.475e-05,3.16702832,3.16702832,3.98494425,-0.0,-0.0,5.81e-05
CO,1.76278184,1.76278184,2.31222548,-0.0,-0.0,-0.0,1.77620758,1.77620758,2.29634041,0.0,0.0,0.0,1.75973305,1.75973305,2.2805072,-0.0,0.0,0.0,1.75912494,1.75912494,2.28989973,0.0,-0.0,-0.0
CO2,1.89366347,1.89366347,4.07232152,-0.0,-0.0,-0.0,1.89061318,1.89061318,3.94311602,-0.0,-0.0,0.0,1.87526354,1.87526354,3.92792982,-0.0,-0.0,-0.0,1.87714056,1.87714056,3.95400773,0.0,0.0,0.0
CS,3.49236134,3.49236134,5.57598517,0.0,0.0,-0.0,3.54677421,3.54677421,5.61942351,0.0,-0.0,-0.0,3.52526231,3.52526231,5.58177762,0.0,0.0,-0.0,3.50792035,3.50792035,5.57968355,0.0,-0.0,-0.0
CSO,3.79920293,3.79920293,7.96117585,0.0,-0.0,0.0,3.81356623,3.81356623,7.7275855,0.0,0.0,-0.0,3.79247596,3.79247596,7.72195693,-0.0,-0.0,0.0,3.78504062,3.78504062,7.75473397,0.0,-0.0,-0.0
Cl2,3.65607388,3.65607388,6.12024413,0.0,0.0,0.0,3.68347512,3.68347512,6.18950395,-0.0,-0.0,0.0,3.65379581,3.65379581,6.16598267,0.0,0.0,-0.0,3.64899608,3.64899608,6.12778231,-0.0,0.0,0.0
ClCN,3.37877149,3.37877149,6.5783302,-0.0,0.0,0.0,3.41722844,3.41722844,6.78735376,0.0,-0.0,0.0,3.39266177,3.39266177,6.70828768,-0.0,-0.0,-0.0,3.382423,3.382423,6.67407977,0.0,-0.0,0.0
ClF,2.32660354,2.32660354,3.28785462,-0.0,-0.0,0.0,2.35605329,2.35605329,3.32635373,0.0,-0.0,0.0,2.33093296,2.33093296,3.3104635,-0.0,-0.0,0.0,2.3304342,2.3304342,3.29799899,-0.0,-0.0,-0.0
F2,0.89137832,0.89137832,2.46097057,0.0,-2e-07,5.05e-07,0.91262476,0.91262476,1.84924172,-0.0,-0.0,0.0,0.90081195,0.90081195,1.84326251,0.0,0.0,-0.0,0.88599513,0.88599513,2.65045663,0.0,-4.295e-06,4.224999999999999e-06
FCN,2.14828313,2.14828313,3.68456071,0.0,0.0,0.0,2.18787477,2.18787477,3.78427439,-0.0,-0.0,0.0,2.16770274,2.16770274,3.73964029,-0.0,0.0,-0.0,2.16053736,2.16053736,3.73328141,-0.0,-0.0,0.0
FCO,3.13462998,2.46150415,2.01664816,-0.148356305,-0.0,-0.0,3.3709281,2.43415705,2.03598375,0.02262186,-0.0,-0.0,3.33256839,2.39890779,2.00822524,0.011413235,0.0,0.0,3.33435682,2.4010821,2.00574079,-0.0037031449999999997,0.0,-0.0
FH-OH,1.84594515,1.55410706,2.2675872,-0.0,-0.0,-0.10839498,1.88150631,1.57571765,2.35407731,-0.0,-0.0,-0.116825,1.85203911,1.55107076,2.2973456,-0.0,-0.0,-0.11428468,1.8532375,1.55034367,2.29788081,0.0,0.0,-0.11258431
FNO,3.33559072,2.40621551,1.72188272,0.65419321,0.0,-0.0,3.41733021,2.44601316,1.73082894,0.64309931,-0.0,0.0,3.38307609,2.41662643,1.71284631,0.639161635,0.0,-0.0,3.37515308,2.41123581,1.71032957,0.63728618,0.0,-0.0
H,,,,,,,,,,,,,,,,,,,,,,,,
H2,0.68296801,0.68296801,0.95315454,0.0,0.0,-0.0,0.70779395,0.70779395,0.98238668,0.0,-0.0,-0.0,0.70003405,0.70003405,0.97303394,0.0,0.0,-0.0,0.69928144,0.69928144,0.96925916,0.0,-0.0,-0.0
H2CN,2.28794701,2.76116108,3.83529051,0.0,-0.0,-1.9e-07,2.29718,2.8177553,3.75122067,-0.0,0.0,-2.3e-07,2.27899725,2.78472138,3.70843314,-0.0,-0.0,-2.3e-07,2.26529892,2.77049998,3.68285288,0.0,-0.0,-1.5e-07
H2O,1.36292104,1.47306955,1.40504635,0.0,-0.0,0.0,1.3763527,1.49465569,1.42278184,-0.0,-0.0,0.0,1.34831966,1.47600835,1.40013328,-0.0,0.0,-0.0,1.35099223,1.47166684,1.39898679,-0.0,-0.0,-0.0
H2O-Li,39.42213601,34.42574294,41.74637911,2.5275589,-4.421951815,1.846784245,34.78088191,30.26936018,44.01788253,2.28238982,-4.11617222,1.7191031350000001,35.76381627,31.2045031,43.72169994,2.30657984,-4.23568553,1.7690553150000001,37.93727802,33.14562776,40.5046552,2.424602975,-4.13840788,1.728369345
HBO,2.13888208,2.13888208,3.25542584,0.0,0.0,0.0,2.14489655,2.14489655,3.21666623,0.0,-0.0,-0.0,2.12335089,2.12335089,3.19065998,0.0,0.0,-0.0,2.12830853,2.12830853,3.20510483,-0.0,-0.0,0.0
HBS,4.25415774,4.25415774,6.73504906,-0.0,-0.0,0.0,4.29859555,4.29859555,6.72800487,0.0,-0.0,-0.0,4.27378167,4.27378167,6.69755211,-0.0,-0.0,-0.0,4.25366807,4.25366807,6.69504924,-0.0,0.0,0.0
HCCCl,3.9886661,3.9886661,8.18317851,-0.0,-0.0,0.0,4.04620629,4.04620629,8.44070998,-0.0,-0.0,0.0,4.01617763,4.01617763,8.35071728,-0.0,-0.0,0.0,3.99320091,3.99320091,8.27307718,-0.0,0.0,-0.0
HCCF,2.759818,2.759818,4.78928198,-0.0,-0.0,-0.0,2.82841758,2.82841758,4.91236638,0.0,0.0,-0.0,2.80035191,2.80035191,4.86237031,0.0,0.0,-0.0,2.77957848,2.77957848,4.83262295,0.0,0.0,-0.0
HCHO,1.91538677,2.66755949,3.29467984,-0.0,-0.0,0.0,1.93273791,2.71293037,3.36497363,-0.0,-0.0,-0.0,1.91751404,2.67378632,3.32817222,-0.0,0.0,-0.0,1.90944132,2.66278821,3.3127775,0.0,-0.0,0.0
HCHS,4.16544653,4.6777898,8.23205274,5.48e-06,0.0,4.965e-06,3.92089661,4.6492589,6.72382677,-0.0,0.0,0.0,3.9043911,4.6053256,6.68227621,-0.0,-0.0,0.0,3.8751689,4.58472349,6.60968237,-0.0,0.0,0.0
HCN,2.05874584,2.05874584,3.24622391,-0.0,0.0,0.0,2.10125412,2.10125412,3.3538011,0.0,-0.0,-0.0,2.08319477,2.08319477,3.32522033,-0.0,-0.0,-0.0,2.07054078,2.07054078,3.30719797,0.0,0.0,-0.0
HCO,2.50518262,2.96081502,1.91417848,-0.510530715,0.0,0.0,2.68292878,2.91097786,1.93915122,-0.35837515,-0.0,0.0,2.64358119,2.87664697,1.91791749,-0.366977895,-0.0,0.0,2.64097032,2.8734398,1.91120169,-0.37416742000000003,-0.0,-0.0
HCONH2,5.21590633,4.11349059,2.99063482,0.341919475,-0.0,-0.0,5.24174438,4.18112369,2.98219463,0.31564795,-0.0,0.0,5.16722054,4.1120707,2.95330205,0.315935145,-0.0,0.0,5.16551237,4.09668609,2.94956795,0.32756359,0.0,-0.0
HCOOH,4.03362344,3.55042406,2.40501096,0.16081916000000002,0.0,-0.0,4.05702192,3.62550816,2.41516026,0.16474242,0.0,-0.0,4.00384843,3.56265456,2.38964075,0.15657843,0.0,-0.0,4.00480719,3.54607721,2.3860199,0.15661065000000002,-0.0,-0.0
HCP,4.67536127,4.67536111,8.41505689,-6.45e-07,-1.9214999999999998e-05,9.064999999999999e-06,4.51376283,4.51376283,6.99293072,-0.0,0.0,0.0,4.48971592,4.48971592,6.95530579,0.0,0.0,-0.0,4.45696958,4.45696958,6.89904993,-0.0,-0.0,-0.0
HCl,2.44142347,2.44142347,2.69917925,0.0,-0.0,0.0,2.47439812,2.47439812,2.72956795,0.0,-0.0,0.0,2.44995563,2.44995563,2.71042244,-0.0,0.0,-0.0,2.44537149,2.44537149,2.70033546,-0.0,-0.0,-0.0
HF,0.73154734,0.73154734,0.93595271,0.0,-0.0,-0.0,0.74063696,0.74063696,0.95425255,0.0,0.0,-0.0,0.72753343,0.72753343,0.93959601,0.0,0.0,0.0,0.72864023,0.72864023,0.93910865,-0.0,0.0,-0.0
HNC,2.31509615,2.31509615,3.47242752,0.0,-0.0,0.0,2.33350681,2.33350681,3.49395314,-0.0,-0.0,-0.0,2.31276075,2.31276075,3.46338663,-0.0,0.0,-0.0,2.30728321,2.30728321,3.46370156,0.0,0.0,0.0
HNO,1.51221647,2.15387392,4.55875794,-0.02719928,-0.34502503500000004,0.318182655,1.55987245,2.33923557,2.77380323,-3.8e-07,-0.4176727,1.03e-05,1.48978709,2.28905312,2.71892272,-2.262e-05,-0.402532275,0.000219935,1.37301845,2.28788168,2.6620486,1.2774999999999999e-05,-0.400625645,-0.00034337500000000004
HNS,6.78555057,3.96532981,3.30147412,0.057539405,-0.060710280000000005,0.018374515,5.79612167,3.95875468,3.03047621,0.003951685,0.00039635500000000004,0.001404795,6.97459277,3.97072,4.78389485,0.052262275,-0.412786205,0.73765041,6.95854645,3.97120118,3.55434862,0.051826115,-0.196163805,0.239385105
HO2,1.69491878,2.75739031,1.46465661,0.19930333,-0.0,0.0,1.72456843,2.79772244,1.44679312,0.21423218500000002,0.0,-0.0,1.69735984,2.79393006,1.43559504,0.210804575,0.0,0.0,1.69920431,2.78035636,1.43882122,0.20814802,-0.0,0.0
HOCl,2.91923186,2.77964256,4.13645754,0.0,0.0,-0.14127741,2.95105896,2.80597569,4.22240932,0.0,-0.0,-0.14875336,2.92153391,2.7745173,4.19905447,-0.0,0.0,-0.149135825,2.91837035,2.7738641,4.16796147,-0.0,-0.0,-0.146864235
HOF,1.44258116,1.25417003,4.01541394,2.695e-06,-3.129e-05,-0.32326866499999996,1.51196578,1.33124178,2.28773313,0.0,0.0,-0.12504078,1.4918582,1.30959287,2.28056004,-0.0,0.0,-0.12541494,1.49385773,1.31451297,2.24855051,0.0,-0.0,-0.12228086
HOOH,2.00976069,2.69690882,1.85353542,0.184091165,-0.0,0.0,2.02870871,2.82594495,1.86366452,0.202517005,0.0,0.0,2.00191728,2.80919408,1.83386586,0.20357167,-0.0,-0.0,2.00142293,2.768193,1.83758375,0.1976869,-0.0,-0.0
He,0.20075429,0.20075429,0.20075429,-0.0,-0.0,-0.0,0.21002772,0.21002772,0.21002772,-0.0,0.0,0.0,0.20671991,0.20671991,0.20671991,0.0,0.0,0.0,0.20807861,0.20807861,0.20807861,-0.0,0.0,-0.0
Li,24.56062171,24.56062172,24.56062172,0.0,-0.0,0.0,22.16768299,22.16768298,22.16768298,0.0,-0.0,-0.0,22.60269229,22.60269228,22.60269228,0.0,-0.0,0.0,23.34040114,23.34040113,23.34040113,0.0,0.0,0.0
Li2,22.57679081,26.89138897,39.74189689,0.33352835,1.784e-05,-0.00023212,24.55684705,24.55684705,38.2865369,-0.0,0.0,-0.0,24.57918431,24.57918431,38.00184843,-0.0,0.0,-0.0,20.97417953,27.09131899,42.65417314,-2.35459664,-0.00442391,-0.012998115
LiBH4,4.29075612,4.29082115,4.6361435,-0.0,-2.553e-05,-0.0,4.38856493,4.38863465,4.78465787,0.0,-3.1905e-05,-0.0,4.33299343,4.33306734,4.71025784,0.0,-1.844e-05,0.0,4.3361394,4.33621048,4.70843047,0.0,-2.483e-05,-0.0
LiCN,3.67780926,3.83508649,3.13640442,0.313308575,0.0,0.0,3.82505713,3.91871719,3.20351857,0.29819897,-0.0,-0.0,3.7386549,3.85957218,3.15199585,0.30871301500000004,0.0,-0.0,3.72294575,3.86465505,3.14770417,0.316825755,0.0,-0.0
LiCl,3.78987457,3.78987457,4.03581971,0.0,0.0,-0.0,3.8960995,3.8960995,4.20408566,0.0,-0.0,-0.0,3.81728957,3.81728957,4.10323985,-0.0,-0.0,-0.0,3.81507163,3.81507163,4.07946438,0.0,0.0,-0.0
LiH,4.01776192,4.01776192,3.5077034,-0.0,0.0,-0.0,4.30830889,4.30830889,3.9480867,0.0,-0.0,-0.0,4.16973632,4.16973632,3.76155062,0.0,-0.0,-0.0,4.27305073,4.27305073,3.76530634,0.0,0.0,-0.0
Mg,10.79562688,10.79562688,10.79562688,-0.0,0.0,-0.0,10.75649289,10.75649289,10.75649289,-0.0,0.0,0.0,10.79684496,10.79684496,10.79684496,0.0,-0.0,-0.0,10.97967272,10.97967272,10.97967272,-0.0,0.0,0.0
Mg2,18.66891544,18.66891544,32.83059647,0.0,0.0,0.0,18.52480099,18.52480099,33.17211007,0.0,-0.0,-0.0,18.59600817,18.59600817,33.15007604,0.0,0.0,0.0,18.89974986,18.89974986,34.23315501,-0.0,0.0,-0.0
N,1.05236288,1.05236288,1.05236288,-0.0,-0.0,0.0,1.09343202,1.09343202,1.09343202,0.0,0.0,0.0,1.07667482,1.07667482,1.07667482,-0.0,-0.0,0.0,1.07099354,1.07099354,1.07099354,-0.0,0.0,0.0
N2,1.49522882,1.49522882,2.11656432,-0.0,-0.0,0.0,1.51945896,1.51945896,2.20451032,-0.0,-0.0,-0.0,1.50572142,1.50572142,2.18534616,0.0,0.0,-0.0,1.50170839,1.50170839,2.17802243,0.0,-0.0,0.0
N2H2,4.30150509,2.12457289,2.99561949,1.2165e-05,-5.685000000000001e-06,-0.610451395,3.57701666,2.08407598,2.94611673,-0.0,0.0,-0.29491907500000003,3.52770888,2.06877171,2.90136315,-0.0,-0.0,-0.292790605,3.48444188,2.05501219,2.88698946,0.0,0.0,-0.279286015
N2H4,3.14884167,3.76497835,3.19340731,0.06446138,-0.0,-0.0,3.18443591,3.82262387,3.23474595,0.066396485,-0.0,-0.0,3.14802065,3.77770557,3.18336697,0.069806235,-0.0,0.0,3.13848102,3.74723154,3.1787967,0.06738543,0.0,-0.0
NCO,2.23202093,2.26384808,4.00452166,1.695e-05,1e-08,-1.13e-06,2.28109355,2.29784792,4.7729971,5.95e-06,1e-08,-1.5e-06,2.26485384,2.27687037,4.69815176,4.82e-06,1e-08,-1.39e-06,2.25705278,2.27352285,4.63546906,7.23e-06,1e-08,-1.37e-06
NH,1.30863521,1.30863521,1.67374214,0.0,-0.0,-7.7e-07,1.33496042,1.33496042,1.72528173,-0.0,0.0,-8e-07,1.31700911,1.31700911,1.6993464,-0.0,-0.0,-7.7e-07,1.31135761,1.31135761,1.69358413,-0.0,0.0,-8e-07
NH2,1.55265098,1.85994367,1.89942722,0.0,0.0,-1.73e-06,1.56880234,1.89888502,1.94731379,0.0,-0.0,-1.87e-06,1.54905024,1.87658893,1.91250414,-0.0,-0.0,-1.77e-06,1.54283167,1.868959,1.91027121,-0.0,0.0,-1.79e-06
NH2Cl,3.42343727,3.41888537,4.98079533,0.00637077,-0.077045965,0.054290365,3.45581348,3.45092319,5.05915149,0.006845605,-0.08268559,0.05826406,3.42246985,3.41500228,5.02755327,0.010453565000000001,-0.0855061,0.06025167,3.41703674,3.41095489,4.98786133,0.00850923,-0.082877015,0.058399110000000004
NH2F,2.07531039,2.40685904,2.04735018,-0.20511966,-0.15822633,0.05325924,2.10538136,2.43178236,2.07535104,-0.20886664,-0.161116685,0.057204055000000004,2.07618078,2.41124255,2.04810038,-0.21311763,-0.164395805,0.053489195,2.0748209,2.40040672,2.04646646,-0.20659885,-0.15936681,0.054015105
NH2OH,2.67061992,3.24568307,2.49033584,0.24688554499999998,-0.0,0.0,2.70324914,3.30233073,2.51189631,0.26226423499999996,0.0,-0.0,2.66229827,3.27236553,2.47917905,0.26381769,-0.0,0.0,2.66105763,3.24282268,2.47590883,0.25801865,0.0,-0.0
NH3,2.01759246,2.01753686,2.26050667,-0.0,-3.531e-05,-0.0,2.04282308,2.04275698,2.29427721,0.0,-4.372e-05,0.0,2.02033381,2.02027188,2.24700006,-0.0,-3.9885e-05,0.0,2.01275798,2.01270057,2.24852562,-0.0,-3.909e-05,0.0
NH3O,2.5857889,2.58581098,3.69987629,0.0,0.0,-1.158e-05,2.64538022,2.64540544,3.9040843,0.0,-0.0,-2.244e-05,2.59375858,2.5937394,3.78667873,-0.0,0.0,-8.317e-05,2.58956193,2.58959638,3.75163627,0.0,0.0,-1.2015e-05
NO,1.44373147,1.24009846,0.43372305,-0.0,0.0,-1.81e-06,1.48729028,1.3555595,2.25513829,0.0,0.0,-3.01e-06,1.46452963,1.343611,2.23949476,0.0,0.0,-2.7e-06,1.46870893,1.34036053,2.24123613,-0.0,0.0,-2.77e-06
NOCl,6.0623282,6.78330706,3.45299445,2.821368335,-0.00209537,-0.000711255,4.8122,6.92508825,3.36045622,1.81394379,0.0,-0.0,4.78203682,6.89431022,3.34219899,1.81458636,0.0,-0.0,4.7704497,6.84657425,3.33944844,1.800705405,-0.0,-0.0
NP,3.35465745,3.35465765,7.00895811,1.3e-07,8.949999999999999e-07,5.7e-07,3.59125392,3.59125392,5.46861299,0.0,0.0,-0.0,3.35744092,3.35744581,6.68918125,-2.06e-06,6.94e-05,1.244e-05,3.31984025,3.31984197,6.9462734,5.9e-07,1.4965e-05,4.504e-05
Na,25.11173808,25.11173804,25.11173804,0.0,-0.0,-0.0,22.47782691,22.47782686,22.47782686,0.0,-0.0,0.0,23.00505669,23.00505666,23.00505666,0.0,-0.0,-0.0,25.47352561,25.47352556,25.47352556,0.0,-0.0,-0.0
Na2,30.06783877,30.06783833,26.17088152,3.3e-07,-0.0056928099999999995,0.00300116,28.5789765,28.5789765,49.50833759,-0.0,0.0,0.0,28.97265814,28.97265814,49.92558331,0.0,-0.0,-0.0,29.64029285,29.64029287,22.13407009,-0.0,0.00026013,-0.00090049
NaCN,4.38160048,4.00348283,3.43691703,-0.169657285,-0.0,0.0,4.58113262,4.28533313,3.53290746,-0.059947525,0.0,-0.0,4.47623721,4.14332029,3.46513037,-0.10229438499999999,0.0,-0.0,4.45712083,4.09337611,3.45781061,-0.14054925000000001,-0.0,0.0
NaCl,4.17985878,4.17985878,4.87689727,0.0,-0.0,0.0,4.33500209,4.33500209,5.47141665,0.0,-0.0,0.0,4.22937967,4.22937967,5.20179314,0.0,0.0,0.0,4.22518984,4.22518984,5.06359098,-0.0,0.0,-0.0
NaH,5.19404951,5.19404951,6.85481882,0.0,-0.0,0.0,5.45088204,5.45088204,8.02517905,0.0,0.0,0.0,5.2986568,5.2986568,7.55924878,0.0,0.0,-0.0,5.50901323,5.50901323,7.55690404,0.0,-0.0,0.0
NaLi,26.50192632,26.50192173,-10.68465763,4e-07,-0.034299005,0.00315329,26.62823536,26.62823536,44.18359877,-0.0,0.0,0.0,26.82971553,26.82971553,44.21155124,-0.0,-0.0,0.0,27.7305399,27.7305399,46.18887444,0.0,0.0,-0.0
Ne,0.36045125,0.36045125,0.36045125,-0.0,0.0,-0.0,0.36596415,0.36596415,0.36596415,-0.0,-0.0,0.0,0.36074618,0.36074618,0.36074618,-0.0,-0.0,-0.0,0.36153396,0.36153396,0.36153396,-0.0,-0.0,0.0
O2,1.15351364,1.15351364,1.79206777,0.0,-0.0,0.0,1.18644035,1.18644035,2.21795849,-0.0,0.0,-0.0,1.17368151,1.17368151,2.19284546,-0.0,0.0,0.0,1.17910296,1.17910296,2.23615463,-0.0,-0.0,-0.0
O3,1.70863066,4.3870366,2.09659441,-1.425e-05,-3.665e-06,3.91e-06,1.71302869,4.58000387,2.12422585,-1.685e-06,1.54e-06,-7.149999999999999e-07,1.69619524,4.51805656,2.09538783,8.1e-07,4.5e-08,5e-08,1.69649175,4.49489833,2.09626575,1.785e-06,-3.595e-06,9.7e-07
OCl,2.38972223,2.47504557,4.28870016,0.0,0.0,2.74e-06,2.46460421,2.42334098,4.30250275,0.056563975,4.6e-07,3.61e-06,2.44338746,2.4077961,4.31055046,0.048855465,1.8e-07,3.71e-06,2.37577176,2.47792228,4.30336813,0.0,0.0,2.91e-06
OCl2,4.18492395,7.50149415,4.61096364,-0.0,0.0,0.0,4.22630834,7.88349116,4.64050081,-0.0,0.0,0.0,4.18456782,7.77572344,4.606522,-0.0,-0.0,0.0,4.17965438,7.68060795,4.59311485,-0.0,-0.0,-0.0
OF,1.05656619,1.08077779,1.81406612,0.0,-0.0,-3e-07,,,,,,,,,,,,,,,,,,
OF2,1.391407,2.16994844,2.1600477,1.5385e-05,-0.00203639,-1.2999999999999998e-06,1.42932952,2.95765582,1.95846198,0.0,-0.0,0.0,1.40972988,2.91969707,1.94343631,-0.0,-0.0,0.0,1.41415225,2.87085099,1.9325605,-0.0,-0.0,-0.0
OH,1.07127962,0.87863462,1.24392679,-0.0,0.0,-5e-07,1.03237157,0.95286179,1.27589397,-0.097407685,3.665e-06,1.93e-06,1.01310338,0.93812948,1.256451,0.09138612,5.35e-07,-8.35e-07,0.87584948,1.07912781,1.25523229,-0.0,0.0,9e-08
P,3.68247556,3.68247556,3.68247556,-0.0,0.0,-0.0,3.84374791,3.84374791,3.84374791,0.0,0.0,0.0,3.79309964,3.79309964,3.79309964,0.0,0.0,-0.0,3.74757697,3.74757697,3.74757697,-0.0,0.0,0.0
P2,6.10676833,6.10676706,11.06943367,-8.5e-07,-3.2e-07,4.9950000000000005e-06,5.99037251,5.99037251,10.24727478,-0.0,-0.0,0.0,5.96823026,5.96823026,10.19533191,0.0,-0.0,0.0,6.17602986,6.17602851,11.02558023,-5.46e-06,2.5e-08,-1.2000000000000002e-07
P2H4,7.4446415,10.82478992,7.48000031,0.1848668,0.0,0.0,7.49532325,10.88636537,7.53149284,0.18973262000000002,-0.0,0.0,7.45222664,10.81290273,7.48283377,0.19255842,0.0,0.0,7.42285607,10.75206199,7.45076863,0.189540435,0.0,-0.0
PH,3.91791821,3.91791821,4.37986044,-0.0,-0.0,2.45e-06,4.01112242,4.01112242,4.45215218,-0.0,0.0,2.63e-06,3.9689666,3.9689666,4.41597822,0.0,0.0,2.43e-06,3.9398849,3.9398849,4.3872802,-0.0,-0.0,2.65e-06
PH2,4.10056343,4.43588147,4.52068615,-0.0,0.0,-3.51e-06,4.16195827,4.48849293,4.58465885,-0.0,0.0,-4.01e-06,4.12562107,4.45966942,4.54536558,-0.0,0.0,-3.95e-06,4.10562298,4.43865435,4.52139599,0.0,0.0,-3.95e-06
PH2OH,4.90889605,5.01609187,4.89060666,-0.22336915499999999,-0.21349283,0.20214639,4.96980573,5.04748953,4.9505358,-0.2212595,-0.21147612,0.21297812,4.92428592,4.99569542,4.90549951,-0.22267946,-0.212833515,0.20763338,4.90720677,4.99168569,4.88872945,-0.221938675,-0.21212476,0.20421245
PH3,4.43513327,4.43523064,4.6651325,0.0,3.231e-05,0.0,4.48342032,4.48351856,4.72309216,0.0,3.456e-05,-0.0,4.45558212,4.45568045,4.67940819,0.0,3.4399999999999996e-05,0.0,4.43903007,4.43912588,4.65735192,-0.0,3.316e-05,0.0
PH3O,4.12517254,4.12527599,5.00495756,0.0,0.0,-6.732e-05,4.16377856,4.16387885,5.03442635,0.0,0.0,-7.0935e-05,4.12069951,4.12080032,4.9679851,0.0,0.0,-6.923000000000001e-05,4.11870324,4.11880398,4.97072641,0.0,0.0,-6.5245e-05
PS,5.15378752,5.68611309,12.0498243,0.025198935,-5.48e-06,1.8809999999999998e-05,5.69381678,5.14894404,9.39479682,0.0,-0.0,1.352e-05,5.65100278,5.13033087,9.30085902,0.0,-0.0,1.336e-05,5.64847092,5.10683152,8.45193578,0.0,-0.0,1.575e-05
S2,4.64967255,4.64967255,8.17221994,0.0,-0.0,-0.0,4.68475963,4.68475963,8.64803278,-0.0,0.0,-0.0,4.65648796,4.65648796,8.61960467,-0.0,0.0,-0.0,4.65270139,4.65270139,8.64883001,0.0,-0.0,0.0
S2H2,5.69729597,8.32741618,5.66767707,0.32910862500000004,-0.0,0.0,5.72689049,8.40086961,5.69748716,0.340314255,-0.0,0.0,5.68635309,8.34382362,5.6565734,0.33891776500000004,-0.0,0.0,5.66698561,8.29275439,5.63709133,0.33491692,0.0,0.0
SCl,4.38671522,4.06481636,7.13731992,-0.0,0.0,-7.3e-06,4.10205805,4.44385241,7.30276214,-0.0,-0.0,-4.17e-06,4.07169705,4.3976437,7.22636895,0.0,-0.0,-3.96e-06,4.06037562,4.38585966,7.17110526,-0.0,0.0,-3.86e-06
SCl2,5.59753822,10.0204105,7.04375991,0.0,0.0,-0.0,5.62784057,10.17700167,7.08323714,-0.0,0.0,0.0,5.58228574,10.08680145,7.03868552,-0.0,0.0,0.0,5.57308839,10.02732639,7.00856478,0.0,0.0,0.0
SF,3.17034999,2.78618301,3.59213035,0.0,-0.0,-7.02e-06,3.25092266,2.83601134,3.64344977,-0.0,-0.0,-7.63e-06,3.20160895,2.80503836,3.6032255,0.0,-0.0,-7.21e-06,3.19563817,2.79825175,3.59497173,-0.0,0.0,-7.21e-06
SF2,3.15260695,3.79942679,3.44213935,-0.0,-0.0,0.0,3.20909128,3.83517405,3.47136036,-0.0,-0.0,-0.0,3.16410399,3.79738005,3.43532354,0.0,-0.0,0.0,3.16549942,3.79526829,3.4330395,-0.0,0.0,0.0
SH,3.44905374,2.87470911,3.4465619,-0.0,-0.0,1.9e-07,3.51700909,2.91681619,3.49035938,0.0,0.0,8e-08,3.47356891,2.89276184,3.46516477,-0.0,-0.0,3e-08,3.46296452,2.88040176,3.44890615,-0.0,-0.0,-3e-08
SH2,3.67397525,3.57707895,3.56582695,-0.0,-0.0,0.0,3.72153111,3.61151226,3.6017077,-0.0,-0.0,-0.0,3.68019777,3.58973956,3.57482778,-0.0,-0.0,0.0,3.67048556,3.5743493,3.55986428,0.0,0.0,-0.0
SO-trip,2.87606946,2.87606946,3.93871163,0.0,0.0,-5.58e-06,2.94381732,2.94381732,4.32529237,0.0,0.0,-7.04e-06,2.91211884,2.91211884,4.28251406,-0.0,0.0,-6.65e-06,2.9048535,2.9048546,4.26224831,0.0,0.0,-6.35e-06
SO2,2.87804765,5.07118929,3.44319447,-0.0,-0.0,0.0,2.8845015,5.03489909,3.4246623,-0.0,-0.0,-0.0,2.86351879,5.00180194,3.38930448,0.0,0.0,-0.0,2.85865982,5.01226534,3.39025523,-0.0,0.0,0.0
SiH3,4.9879388,4.98793928,4.93451072,-2.17e-06,-9e-08,2.67e-06,5.08303686,5.08305226,5.07228975,-2.36e-06,1.185e-05,2.54e-06,5.0370976,5.03766862,5.00499224,-2.45e-06,-9.153500000000001e-05,2.41e-06,5.02853111,5.02853122,4.98490083,-2.3e-06,3.02e-06,2.81e-06
SiH3Cl,5.64530138,5.645259,7.15983806,-0.0,9.28e-06,0.0,5.73014303,5.73010287,7.26952497,-0.0,9.255e-06,-0.0,5.67845671,5.67841666,7.19435338,-0.0,8.84e-06,-0.0,5.67675258,5.67671117,7.20242246,-0.0,1.0160000000000001e-05,0.0
SiH3F,4.20730085,4.20732177,3.88804029,0.0,2.433e-05,-0.0,4.29824272,4.29826428,3.94915982,-0.0,3.1665e-05,-0.0,4.24910826,4.24912857,3.90257771,-0.0,3.0160000000000003e-05,-0.0,4.25348084,4.25349958,3.91598223,-0.0,2.007e-05,0.0
SiH4,4.56116435,4.56116435,4.56116435,0.0,-0.0,0.0,4.6558557,4.6558557,4.6558557,-0.0,-0.0,0.0,4.60945577,4.60945577,4.60945577,-0.0,0.0,-0.0,4.61303455,4.61303455,4.61303455,0.0,0.0,0.0
SiO,4.10115308,4.10115308,5.28779454,0.0,0.0,-0.0,4.10828205,4.10828205,5.20865897,-0.0,-0.0,0.0,4.08275484,4.08275484,5.15235751,-0.0,-0.0,-0.0,4.08455548,4.08455548,5.16698236,-0.0,0.0,-0.0
