,MP2,MP2,MP2,MP2,MP2,MP2,B2GPPLYP,B2GPPLYP,B2GPPLYP,B2GPPLYP,B2GPPLYP,B2GPPLYP,B2PLYP,B2PLYP,B2PLYP,B2PLYP,B2PLYP,B2PLYP,DSD-PBEPBE-D3,DSD-PBEPBE-D3,DSD-PBEPBE-D3,DSD-PBEPBE-D3,DSD-PBEPBE-D3,DSD-PBEPBE-D3
,xx,yy,zz,xy,yz,zx,xx,yy,zz,xy,yz,zx,xx,yy,zz,xy,yz,zx,xx,yy,zz,xy,yz,zx
AlF,6.041869254202474,6.041869254202474,5.24417594123655,0.0,0.0,0.0,6.068778501238954,6.068778501238954,5.257843684006829,0.0,0.0,0.0,6.074752449334185,6.074752449334185,5.3167539974060976,0.0,0.0,0.0,6.104494958417071,6.104494958417071,5.246925108459195,0.0,0.0,0.0
Ar,1.6041417343289315,1.6041417343289315,1.6041417343289315,0.0,0.0,0.0,1.6144266424133686,1.6144266424133686,1.6144266424133686,0.0,0.0,0.0,1.6293769090429682,1.6293769090429682,1.6293769090429682,0.0,0.0,0.0,1.6130157757754422,1.6130157757754422,1.6130157757754422,0.0,0.0,0.0
BF,3.0551479504308285,3.0551479504308285,2.7264788985670414,0.0,0.0,0.0,3.0810775483397665,3.0810775483397665,2.7320678924188098,0.0,0.0,0.0,3.107166785638373,3.107166785638373,2.7752875194591367,0.0,0.0,0.0,3.0709612892754556,3.0709612892754556,2.727914763965793,0.0,0.0,0.0
BH2,2.8271659644710314,2.9837992939015394,2.8960596300668904,0.0,0.0,0.0,2.8644683388867365,3.0733611851331606,2.947531441412035,0.0,0.0,0.0,2.892241117510849,3.1352812485701977,2.983843853044279,0.0,0.0,0.0,2.8724609924878814,3.060344521529677,2.939145238854162,0.0,0.0,0.0
BH2Cl,3.5524570720645126,4.049106697639789,5.490893513006619,0.0,0.0,0.0,3.5611501058859596,4.072539353523479,5.519171868229332,0.0,0.0,0.0,3.5886894491340904,4.10901344949441,5.5858597006656305,0.0,0.0,0.0,3.5601694639208503,4.064920777407973,5.520150480063895,0.0,0.0,0.0
BH2F,2.0727105497203584,2.644939920254647,2.6357232905736843,0.0,0.0,0.0,2.0855863933925303,2.669866707765639,2.646092263844939,0.0,0.0,0.0,2.108962457534908,2.702432965436453,2.6852951220037458,0.0,0.0,0.0,2.093287063838191,2.670139693641113,2.6522587631542573,0.0,0.0,0.0
BH3,2.7251098051992786,2.72505208725416,2.090892309989974,0.0,0.0,0.0,2.760904074169389,2.760803693845838,2.1114392019839827,0.0,0.0,0.0,2.7889816391080577,2.788868722357916,2.1302293049496046,0.0,0.0,0.0,2.7587136225828783,2.7586637584274682,2.119576469045054,0.0,0.0,0.0
BHF2,2.044148983877079,2.6180358300461264,2.522823966953965,0.0,0.0,0.0,2.0473880053004376,2.6227785261922065,2.528683145990161,0.0,0.0,0.0,2.0752632684710046,2.668286732734981,2.569006725121832,0.0,0.0,0.0,2.054330918405514,2.628669461212071,2.5295946746058395,0.0,0.0,0.0
BN,3.4267516108608977,2.520993648671746,2.1560070135292833,0.0,0.0,0.0,,,,,,,,,,,,,,,,,,
BO,2.298860083538091,2.298860083538091,2.3833364681121134,0.0,0.0,0.0,2.3044219892246027,2.3044219892246027,2.83513037406617,0.0,0.0,0.0,2.3357929149203267,2.3357929149203267,2.8922687687780098,0.0,0.0,0.0,2.3077461131277595,2.3077461131277595,2.7899305102710272,0.0,0.0,0.0
BS,4.485446479308298,4.485446479308298,5.30789638964409,0.0,0.0,0.0,4.4458363651069535,4.4458363651069535,6.393590067967583,0.0,0.0,0.0,4.478094946861337,4.478094946861337,6.46906033406176,0.0,0.0,0.0,4.4373226792418015,4.4373226792418015,6.27903888491367,0.0,0.0,0.0
Be,7.019240886458913,7.019240886458913,7.6673953464223,0.0,0.0,0.0,,,,,,,,,,,,,,,,,,
BeH,5.385002348220437,5.385002348220437,3.742032588960368,0.0,0.0,0.0,5.3783650809012435,5.3783650809012435,3.859457162480553,0.0,0.0,0.0,5.395440212564056,5.395440212564056,3.9193569644722053,0.0,0.0,0.0,5.446889129371278,5.446889129371278,3.8659414587220944,0.0,0.0,0.0
BeH2,2.8469654275988465,2.8469654275988465,2.9458761440925354,0.0,0.0,0.0,2.8929780252625292,2.8929780252625292,2.998730518795715,0.0,0.0,0.0,2.9299329658037165,2.9299329658037165,3.03520582988128,0.0,0.0,0.0,2.9314314836984785,2.9314314836984785,3.006727099291714,0.0,0.0,0.0
C2H,3.150940075216173,3.150940075216173,4.2649728644940845,0.0,0.0,0.0,3.3950547232553485,3.3950547232553485,4.009092839373567,0.0,0.0,0.0,3.5426184963310297,3.5426184963310297,4.0200977621525755,0.0,0.0,0.0,3.2749048847064794,3.2749048847064794,4.027658827781558,0.0,0.0,0.0
C2H2,2.775560683156264,2.775560683156264,4.499670137023665,0.0,0.0,0.0,2.820642191822354,2.820642191822354,4.596495272251153,0.0,0.0,0.0,2.8444403601153607,2.8444403601153607,4.627244014798819,0.0,0.0,0.0,2.7942313788813817,2.7942313788813817,4.5514901676222985,0.0,0.0,0.0
C2H3,3.483792411121762,5.657103753607092,3.433180900937541,-0.12662211701031,0.0,0.0,3.4736747887581063,5.194504870505216,3.2486974108265896,-0.10038845889190288,0.0,0.0,3.5092676302499126,5.20381995410848,3.255451521790779,-0.09181206125685541,0.0,0.0,3.4584029613046123,5.223814443135064,3.253368089202894,-0.10102626070855023,0.0,0.0
C2H4,3.3373355778407783,3.733553296766748,5.109134591296179,0.0,0.0,0.0,3.358343072373456,3.749398095225621,5.264580442541305,0.0,0.0,0.0,3.3785793692122197,3.776219839189977,5.293070968633905,0.0,0.0,0.0,3.3181634991443945,3.7267468321439954,5.191448457101805,0.0,0.0,0.0
CH2-t,2.0932864562808735,2.2819103457781265,1.9958988859809934,0.0,0.0,0.0,2.1443291247015948,2.3210038584383375,2.0447220437932843,0.0,0.0,0.0,2.189735928446308,2.34960421903908,2.082370044230027,0.0,0.0,0.0,2.1158237505009057,2.29976115031314,2.0189802255507248,0.0,0.0,0.0
CH2BH,4.223790688325673,3.6522099519104403,5.7472533305859415,0.0,0.0,0.0,4.2648560356675596,3.661640589951711,5.862201174475522,0.0,0.0,0.0,4.302016686225213,3.688586334882627,5.902785692065624,0.0,0.0,0.0,4.2232475913581276,3.643532581212996,5.811595117488683,0.0,0.0,0.0
CH2F,2.20306864040242,2.5402272832972748,2.3077133494880533,0.033932031701039755,0.0,0.0,2.227846576370738,2.5589828147697107,2.3276315678436417,0.03513718832250056,0.0,0.0,2.2742941554364764,2.598845865455068,2.358820833901572,0.034162547838205846,0.0,0.0,2.221279252235359,2.5501065950079416,2.32053642458447,0.033324963393551746,0.0,0.0
CH2NH,3.2987384987824697,2.712808562564311,6.677532320909132,0.0,0.0,0.23200892031252468,,,,,,,,,,,,,,,,,,
CH2PH,9.001878930068859,5.222641887150127,5.764180959186954,0.0,0.0,-0.684127691609542,7.675143109969266,5.008291264613942,5.701687998836896,0.0,0.0,-0.4734743220800012,7.714211846145719,5.0286804880749445,5.737723379151041,0.0,0.0,-0.47030856317799447,9.287824669946454,5.236724147013807,5.774177262727328,0.0,0.0,-0.7387157533445902
CH3,2.333316348292906,2.3332415298320837,2.35541720890071,0.0,0.0,0.0,2.352346747586651,2.3522598372533725,2.369470113373048,0.0,0.0,0.0,2.376170344376146,2.3760938958834976,2.412047285596787,0.0,0.0,0.0,2.340943207933782,2.3408626102692125,2.3520174070654045,0.0,0.0,0.0
CH3BH2,3.712238956152025,4.881217554695421,4.266527218388129,-0.0371209370549784,-1.1854776917773022e-07,9.039267399801929e-07,3.7302349224303963,4.92375959232407,4.298775279027999,-0.036484483719205464,-1.1854776917773022e-07,9.335636822746255e-07,3.7602378809621655,4.988730512237838,4.336474447645614,-0.038578822701854976,-1.3336624032494648e-07,9.335636822746255e-07,3.7271930904025945,4.91423004098789,4.2888479851077586,-0.03712839074596545,-1.1854776917773022e-07,9.187452111274092e-07
CH3Cl,3.927855802229268,3.927782687892628,5.4207465159396,0.0,0.0,-2.470239140240954e-05,3.938574758152078,3.9383724415655053,5.447286427401206,0.0,0.0,6.4608534201862976e-06,3.970878284329453,3.9706527916540053,5.486507467824111,0.0,0.0,1.0950850177792828e-05,3.9281368641715173,3.928031919758853,5.414035274812439,0.0,0.0,-3.0511232092118314e-05
CH3F,2.3796025245709087,2.379485680925913,2.586323131131863,0.0,4.6233629979314784e-05,0.0,2.393283218684971,2.39300937333817,2.5913169114530614,0.0,0.00010955295719136995,0.0,2.4197032190780536,2.4195988970411775,2.6216991783907853,0.0,1.8952824597289618e-05,0.0,2.3877309450047046,2.3876114488533733,2.5858869938890576,0.0,4.607062679669541e-05,0.0
CH3NH2,4.163624465041265,3.6482807009195155,3.539412609009156,-0.06427345893228212,0.0,0.0,4.17364184044761,3.6473364679380147,3.5516620018135794,-0.0602683225506125,0.0,0.0,4.221876349312049,3.6950859089679207,3.583229687169197,-0.06759571570807457,0.0,0.0,4.1500587474448345,3.6384056272915974,3.538119178755071,-0.06127104403773118,0.0,0.0
CH3O,-318.4015498815669,2.6438159984920153,3.3262156044517823,0.0,-0.008305901262726196,0.0,,,,,,,,,,,,,,,,,,
CH3OH,3.0219995491209963,3.440736009541122,2.939497029359197,-0.10195693478895114,0.0,0.0,3.0336011672776904,3.446895129251809,2.9425587625937504,-0.10608986566579436,0.0,0.0,3.0642920436955263,3.487612272158678,2.9781380451844566,-0.10404090084179761,0.0,0.0,3.024558995457544,3.4312209210327835,2.9357198307007137,-0.10466052039434731,0.0,0.0
CH3SH,6.344515870435588,5.010028226527934,5.018462144562901,-0.2047604932899562,-0.03504264647658132,0.12723361604067104,6.364608843021416,5.021863561611562,5.024997905354736,-0.2059258623163867,-0.0324321949623454,0.1291715460603617,6.411313241010606,5.060097810403831,5.070230088235452,-0.20996198412122516,-0.03700241892274297,0.12734422110931387,6.323026879319923,5.001098497266852,5.009004033076123,-0.20123291177794791,-0.03410085854281999,0.12691573019762095
CH4,2.4473641478819474,2.4473641478819474,2.4473641478819474,0.0,0.0,0.0,2.4622865557857905,2.4622865557857905,2.4622865557857905,0.0,0.0,0.0,2.483724378720584,2.483724378720584,2.483724378720584,0.0,0.0,0.0,2.452929461816823,2.452929461816823,2.452929461816823,0.0,0.0,0.0
CN,2.5200645453492863,2.5200645453492863,3.3155130822134744,0.0,0.0,0.0,3.3036547784995687,3.3036547784995687,4.2428133079220665,0.0,0.0,0.0,3.192433854195868,3.192433854195868,4.517842146739266,0.0,0.0,0.0,3.167538555936064,3.167538555936064,3.98530951918865,0.0,0.0,0.0
CO,1.7627825368642238,1.7627825368642238,2.3122376361878945,0.0,0.0,0.0,1.759709467499243,1.759709467499243,2.280485297863312,0.0,0.0,0.0,1.7761807760997488,1.7761807760997488,2.2963161373223637,0.0,0.0,0.0,1.7591386599906524,1.7591386599906524,2.2898928931819493,0.0,0.0,0.0
CO2,1.8936404842150234,1.8936404842150234,4.072324115230065,0.0,0.0,0.0,1.8752238511777246,1.8752238511777246,3.927890403359397,0.0,0.0,0.0,1.8905744684423087,1.8905744684423087,3.943072075234432,0.0,0.0,0.0,1.8771570541051195,1.8771570541051195,3.954005765622636,0.0,0.0,0.0
CS,3.4923625257250435,3.4923625257250435,5.576067077011175,0.0,0.0,0.0,3.5252183363220744,3.5252183363220744,5.58181760701692,0.0,0.0,0.0,3.5467244279534427,3.5467244279534427,5.619459991253097,0.0,0.0,0.0,3.5079892111071,3.5079892111071,5.5796697585349575,0.0,0.0,0.0
CSO,3.799185150130625,3.799185150130625,7.96120029956836,0.0,0.0,0.0,3.792379841348622,3.792379841348622,7.721894793699888,0.0,0.0,0.0,3.813460168666988,3.813460168666988,7.727514743337883,0.0,0.0,0.0,3.7851448709957047,3.7851448709957047,7.754763111086567,0.0,0.0,0.0
Cl2,3.656034940138373,3.656034940138373,6.119842315618002,0.0,0.0,0.0,3.653807175641514,3.653807175641514,6.166049598355618,0.0,0.0,0.0,3.683501035683623,3.683501035683623,6.189644368313657,0.0,0.0,0.0,3.649143491583591,3.649143491583591,6.128046977085851,0.0,0.0,0.0
ClCN,3.3787492333469804,3.3787492333469804,6.578207102140514,0.0,0.0,0.0,3.3925967686276888,3.3925967686276888,6.708244209919055,0.0,0.0,0.0,3.417156798977787,3.417156798977787,6.787315142224937,0.0,0.0,0.0,3.3825052267732523,3.3825052267732523,6.674146670713772,0.0,0.0,0.0
ClF,2.326596408723182,2.326596408723182,3.2878250059704395,0.0,0.0,0.0,2.330899589015035,2.330899589015035,3.3105359133984322,0.0,0.0,0.0,2.3560152527592697,2.3560152527592697,3.326450077120745,0.0,0.0,0.0,2.3306751632695106,2.3306751632695106,3.298086115590214,0.0,0.0,0.0
F2,0.891373509243367,0.891373509243367,2.4609946370157627,0.0,0.0,0.0,0.9008242707684561,0.9008242707684561,1.8432849186644567,0.0,0.0,0.0,0.9126374226007765,0.9126374226007765,1.8492678319347318,0.0,0.0,0.0,0.886039748738638,0.8860397635571092,2.6487469484955497,0.0,0.0,0.0
FCN,2.148278380628568,2.148278380628568,3.684573892994681,0.0,0.0,0.0,2.1676907852900174,2.1676907852900174,3.7396590699813053,0.0,0.0,0.0,2.1878623254098675,2.1878623254098675,3.7842925273537875,0.0,0.0,0.0,2.160570717362376,2.160570717362376,3.7332759246238147,0.0,0.0,0.0
FCO,3.1346509152630087,2.4614912484393194,2.016628682364373,-0.14836628219912962,0.0,0.0,3.332587102490951,2.3988887647690107,2.008234033277946,0.011382408513013208,0.0,0.0,3.370953517227382,2.4341403220518254,2.0359955795009292,0.02259038880215254,0.0,0.0,3.334388495117491,2.401086225492374,2.005756325628247,-0.0037326543342146024,0.0,0.0
FH-OH,1.8459036240671216,1.5541082630672207,2.2675493801091093,0.0,0.0,-0.1083716731269273,1.8520248974024982,1.5511559346051473,2.2973329363570723,0.0,0.0,-0.11427418137275763,1.881496287737274,1.5758408550300742,2.3540702987842548,0.0,0.0,-0.11681350422548692,1.8532400564919835,1.550407794452338,2.2979062630057583,0.0,0.0,-0.11256472254121476
FNO,3.335593607283539,2.406232176693783,1.721871657265576,0.6542018632200945,0.0,0.0,3.383082109855013,2.41666964093868,1.712849297741353,0.6391463261714649,0.0,0.0,3.4173337167048135,2.446056980905109,1.7308322089466437,0.6430795781495996,0.0,0.0,3.3751615184790564,2.411273405759595,1.7103434942703586,0.6372836147113177,0.0,0.0
H,,,,,,,,,,,,,,,,,,,,,,,,
H2,0.6832957826393373,0.6832957826393373,0.9530275514863692,0.0,0.0,0.0,0.7001647745500208,0.7001647745500208,0.9729298696224167,0.0,0.0,0.0,0.7078982086353877,0.7078982086353877,0.9823498087275194,0.0,0.0,0.0,0.6994819690364993,0.6994819690364993,0.9691886650303502,0.0,0.0,0.0
H2CN,2.28796595846785,2.7610830516639053,3.8351949685820426,0.0,0.0,0.0,2.278973117338152,2.784722499312454,3.70842130306731,0.0,0.0,0.0,2.297145171509166,2.817763674165065,3.751221463644873,0.0,0.0,0.0,2.265288170322871,2.77045561611675,3.6828310185107016,0.0,0.0,0.0
H2O,1.3629619585928179,1.4730125348637824,1.405032531743447,0.0,0.0,0.0,1.3483426328793489,1.4759813711027137,1.4001322707936588,0.0,0.0,0.0,1.3763763647803642,1.4946333362803013,1.4227828670440823,0.0,0.0,0.0,1.35104046891794,1.4716459754545859,1.3990052519705571,0.0,0.0,0.0
H2O-Li,39.41971948972768,34.425033182021764,41.73910084412317,-2.5266954851813006,4.421805917278714,1.8467233077986298,35.769836052605825,31.214704364246867,43.712745142676674,-2.306055621939285,4.235901646972639,1.7686659885561589,34.78764462369793,30.28075328268104,44.008993024520656,-2.2818297481135565,4.116522665292848,1.7186626877017037,37.934397769528395,33.167133843037874,40.493181824144614,-2.4205965209742213,4.14181060858264,1.7271013624659093
HBO,2.138924235535359,2.138924235535359,3.2553752363013135,0.0,0.0,0.0,2.1233596840028226,2.1233596840028226,3.190610633961328,0.0,0.0,0.0,2.1448976649841,2.1448976649841,3.21659854255423,0.0,0.0,0.0,2.128351152642522,2.128351152642522,3.2050857907690053,0.0,0.0,0.0
HBS,4.254206622829844,4.254206622829844,6.734964565903821,0.0,0.0,0.0,4.273773465597589,4.273773465597589,6.6974303416885475,0.0,0.0,0.0,4.298581601610105,4.298581601610105,6.727938150713831,0.0,0.0,0.0,4.253823772809284,4.253823772809284,6.694988909656217,0.0,0.0,0.0
HCCCl,3.9886583603016805,3.9886583603016805,8.182871706223874,0.0,0.0,0.0,4.016159783082145,4.016159783082145,8.350624327393707,0.0,0.0,0.0,4.046186525260105,4.046186525260105,8.440649829313639,0.0,0.0,0.0,3.9932998166528826,3.9932998166528826,8.273137015462384,0.0,0.0,0.0
HCCF,2.759840611769038,2.759840611769038,4.789227019772069,0.0,0.0,0.0,2.8004022940951017,2.8004022940951017,4.862367229463056,0.0,0.0,0.0,2.828472168247245,2.828472168247245,4.912374234935299,0.0,0.0,0.0,2.779631746916068,2.779631746916068,4.832616718405752,0.0,0.0,0.0
HCHO,1.9154187911613663,2.667424342169626,3.294646763255416,0.0,0.0,0.0,1.9175072323924993,2.6734773616268983,3.3276464463888153,0.0,0.0,0.0,1.9327255058912673,2.7129552506101975,3.3649963584599605,0.0,0.0,0.0,1.9094607284672052,2.6627616509492698,3.312784216296301,0.0,0.0,0.0
HCHS,4.165631671413569,4.677866475833218,8.232477516408277,0.0,0.0,0.0,3.9044538057623828,4.604967866495815,6.682281329723921,0.0,0.0,0.0,3.9209624865471215,4.648822257566203,6.723874259094062,0.0,0.0,0.0,3.875261743608732,4.584829149289556,6.609712075726235,0.0,0.0,0.0
HCN,2.0587599519728212,2.0587599519728212,3.246200957810889,0.0,0.0,0.0,2.0832001008913386,2.0832001008913386,3.3252221148721883,0.0,0.0,0.0,2.101257578643442,2.101257578643442,3.3537897266516956,0.0,0.0,0.0,2.070571310770133,2.070571310770133,3.307164503753844,0.0,0.0,0.0
HCO,2.505146820082326,2.9607178802394527,1.9141166624647181,-0.5105092230914988,0.0,0.0,,,,,,,,,,,,,,,,,,
HCONH2,5.21586830471485,4.113376274132631,2.9906870230200635,0.3419539446135077,0.0,0.0,5.167203067349575,4.112053666308857,2.9533158612612933,0.3158865941967858,0.0,0.0,5.241734020194671,4.181114558351612,2.982211198348692,0.3155931588311286,0.0,0.0,5.165525082950749,4.0966557336659,2.949592720385555,0.32759619455272954,0.0,0.0
HCOOH,4.033592588183038,3.550270310277318,2.4050161433145,0.16080664064122718,0.0,0.0,4.003838046501581,3.562590920654075,2.3896648740371855,0.15660286265382914,0.0,0.0,4.057020857799268,3.6254577954865916,2.415190120323929,0.16477219688646258,0.0,0.0,4.00481184233302,3.546030864229868,2.3860351339850885,0.15661911851667762,0.0,0.0
HCP,4.675342193728704,4.675342178910232,8.41480031042278,0.0,0.0,0.0,4.489785712940454,4.489785712940454,6.95533128026718,0.0,0.0,0.0,4.5138321054436465,4.5138321054436465,6.992967233286881,0.0,0.0,0.0,4.457066054456323,4.457066054456323,6.898943233660351,0.0,0.0,0.0
HCl,2.4414594909578007,2.4414594909578007,2.6988848307049635,0.0,0.0,0.0,2.4499776371827684,2.4499776371827684,2.710305945064613,0.0,0.0,0.0,2.4744196532286504,2.4744196532286504,2.7294783794043047,0.0,0.0,0.0,2.4455438320677523,2.4455438320677523,2.700329320453923,0.0,0.0,0.0
HF,0.7315464140003842,0.7315464140003842,0.9359190338080622,0.0,0.0,0.0,0.7275440486728193,0.7275440486728193,0.9395911991430538,0.0,0.0,0.0,0.7406473410586297,0.7406473410586297,0.9542510533751103,0.0,0.0,0.0,0.7286579235120131,0.7286579235120131,0.9391008707512635,0.0,0.0,0.0
HNC,2.3151228073387284,2.3151228073387284,3.472385952230077,0.0,0.0,0.0,2.312763929009159,2.312763929009159,3.4634269268515374,0.0,0.0,0.0,2.3335035352204376,2.3335035352204376,3.493946279465844,0.0,0.0,0.0,2.3073151771683276,2.3073151771683276,3.4636820268323367,0.0,0.0,0.0
HNO,1.5127141234875194,2.153537337490946,4.558340450464233,-0.027212269952969294,-0.34454199059936896,0.31824581335119173,1.4897445003717675,2.2890134761932464,2.71881232542349,0.0,-0.4025652406788225,0.0,1.5598457231814133,2.3391704594119695,2.7737205995015586,0.0,-0.41769770041117715,0.0,1.3728900971659141,2.2879142123666036,2.6619333873229674,0.0,-0.4006298742546403,0.0
HNS,6.784772337031489,3.965643955766121,3.3008966312834085,0.05757219063620338,0.060433207679067576,-0.018461295909336456,6.974377401958812,3.970561687693392,4.786434775253798,0.05230066771029266,-0.4130746634196109,0.7382447482391759,5.7960774515988565,3.9585133963609076,3.0305288684732092,0.003920597003774747,0.0,0.0,6.957143045823523,3.971533586760525,3.553807019967553,0.05181885993941207,-0.19586543925135896,0.23869954894631973
HO2,1.6948956381981066,2.7573378460846287,1.4646680018467755,0.19927416180629542,0.0,0.0,1.6973252302719908,2.793832169268676,1.4355734748702156,0.2107934189003532,0.0,0.0,1.7245384041517,2.797631847547889,1.4467684445416875,0.214222309394521,0.0,0.0,1.6992228540501608,2.7803109367226293,1.4388373024142747,0.20812385650471105,0.0,0.0
HOCl,2.919219314893577,2.7796229447442067,4.136267551991428,0.0,0.0,-0.14124590308359417,2.9215646195035756,2.774432004664394,4.199043219134033,0.0,0.0,-0.14911150311312313,2.9511031819680618,2.8058843726775433,4.22243219016478,0.0,0.0,-0.14872857900020792,2.9185163562592953,2.77400892249467,4.168022513185402,0.0,0.0,-0.1468406613206391
HOF,1.4425977562003613,1.254239961989499,4.023401510657905,0.0,0.0,-0.32418175206793026,,,,,,,,,,,,,,,,,,
HOOH,2.0097188885423103,2.696832042715411,1.8535399230741185,0.1840383876931024,0.0,0.0,2.001910191441987,2.809167182683142,1.833834883244454,0.2035545512895246,0.0,0.0,2.0287070107378726,2.825925421340471,1.8636313908361999,0.2025038772297735,0.0,0.0,2.0014194481330043,2.7681883159388705,1.8375945812885124,0.19766863973137913,0.0,0.0
He,0.2008423265154496,0.2008423265154496,0.2008423265154496,0.0,0.0,0.0,0.20675240700003616,0.20675240700003616,0.20675240700003616,0.0,0.0,0.0,0.21005245088757893,0.21005245088757893,0.21005245088757893,0.0,0.0,0.0,0.2081332958708318,0.2081332958708318,0.2081332958708318,0.0,0.0,0.0
Li,24.55897302254493,24.55897302254493,24.55897302254493,0.0,0.0,0.0,22.60191463864778,22.60191463864778,22.60191463864778,0.0,0.0,0.0,22.167230450668196,22.167230450668196,22.167230450668196,0.0,0.0,0.0,23.34853601671247,23.34853601671247,23.34853601671247,0.0,0.0,0.0
Li2,26.837378873989095,22.980254583421253,39.70163002654565,-1.296889166801485,0.0,0.0,,,,,,,,,,,,,,,,,,
LiBH4,4.291042230222883,4.291107298129689,4.636476841068746,0.0,-2.5532225786653645e-05,0.0,4.333071874756203,4.3331291926026,4.710301797492976,0.0,-4.568534654686779e-05,0.0,4.388611163791133,4.3886910057136745,4.784664634782908,0.0,-3.3119283014028384e-05,0.0,4.3363490092873525,4.336441906282974,4.708522988216464,0.0,-6.89207093057029e-05,0.0
LiCN,3.6778869837971446,3.8351601007194334,3.1364477289819646,0.3132969033606271,0.0,0.0,3.738660038293502,3.859566893259398,3.1520166964189027,0.30870240674449045,0.0,0.0,3.8249909545315983,3.9186573844493453,3.2035330520883156,0.2981374295553711,0.0,0.0,3.722979354402585,3.8646511107100077,3.1476878949904354,0.31684484545199165,0.0,0.0
LiCl,3.7899586809848205,3.7899586809848205,4.035531985231372,0.0,0.0,0.0,3.8174795307809593,3.8174795307809593,4.103305759688752,0.0,0.0,0.0,3.894128487707127,3.894128487707127,4.193817989111987,0.0,0.0,0.0,3.815697165071372,3.815697165071372,4.080715267157301,0.0,0.0,0.0
LiH,4.029887837029993,4.029887837029993,3.5106632634995,0.0,0.0,0.0,4.1751019785021,4.1751019785021,3.7623198168844647,0.0,0.0,0.0,4.312649828381609,4.312649828381609,3.948555324476094,0.0,0.0,0.0,4.281737623278718,4.281737623278718,3.7673736268322804,0.0,0.0,0.0
Mg,10.795668095334124,10.795668095334124,10.795668095334124,0.0,0.0,0.0,10.796914136117481,10.796914136117481,10.796914136117481,0.0,0.0,0.0,10.756577161087892,10.756577161087892,10.756577161087892,0.0,0.0,0.0,10.980880772773286,10.980880772773286,10.980880772773286,0.0,0.0,0.0
Mg2,18.66915229243696,18.66915229243696,32.8325215321326,0.0,0.0,0.0,18.596027612503732,18.596027612503732,33.15066149714439,0.0,0.0,0.0,18.52479852621813,18.52479852621813,33.17250793942107,0.0,0.0,0.0,18.901983356347202,18.901983356347202,34.238756716175885,0.0,0.0,0.0
N,1.0523181839433307,1.0523181839433307,1.0523181839433307,0.0,0.0,0.0,1.0766630649108422,1.0766630649108422,1.0766630649108422,0.0,0.0,0.0,1.0934254675585637,1.0934254675585637,1.0934254675585637,0.0,0.0,0.0,1.0710045724293933,1.0710045724293933,1.0710045724293933,0.0,0.0,0.0
N2,1.495220859024346,1.495220859024346,2.1165991714590975,0.0,0.0,0.0,1.505737053806449,1.505737053806449,2.185398176661268,0.0,0.0,0.0,1.5194755103210424,1.5194755103210424,2.204560223252685,0.0,0.0,0.0,1.5017188327147561,1.5017188327147561,2.1780090349345356,0.0,0.0,0.0
N2H2,4.301550823129286,2.124580192560392,2.9955624778491514,0.0,0.0,-0.6105015546126943,3.5276756389370036,2.0687553219495123,2.901285645467908,0.0,0.0,-0.29281488663330046,3.577001987574041,2.084052948361274,2.9460381544375873,0.0,0.0,-0.2949528956504209,3.484404710349565,2.055019266027245,2.8869809899892505,0.0,0.0,-0.2792755310970408
N2H4,3.1488036073200516,3.7648875022909696,3.1934522684439313,0.06443053472644261,0.0,0.0,3.1480298904860424,3.777662387719216,3.183369899223135,0.06979599194095554,0.0,0.0,3.1844476466296716,3.8225879616134235,3.234746872352937,0.06638977370764296,0.0,0.0,3.13845211984475,3.747220239339586,3.178821902969458,0.06738111460892059,0.0,0.0
NCO,2.263830951507196,2.2320426191161973,4.004530706298415,0.0,0.0,0.0,,,,,,,,,,,,,,,,,,
NH,1.3086369395391038,1.3086369395391038,1.6736188624077413,0.0,0.0,0.0,1.3169740040466527,1.3169740040466527,1.6992772230208002,0.0,0.0,0.0,1.3349179278543553,1.3349179278543553,1.7252172975888385,0.0,0.0,0.0,1.3113606930837316,1.3113606930837316,1.6935231217635092,0.0,0.0,0.0
NH2,1.5526866234007703,1.8598463680249508,1.899442360223293,0.0,0.0,0.0,1.5489832059101292,1.8765546387975718,1.9124934915906653,0.0,0.0,0.0,1.5687088285962172,1.8988605722275824,1.9472991758951317,0.0,0.0,0.0,1.5428075043302287,1.8689255119306099,1.9102918372399678,0.0,0.0,0.0
NH2Cl,3.4233957902479575,3.4188608935227744,4.980498273595185,0.00634697346941994,-0.07701792203926286,0.054270605627661304,3.4225448543607992,3.4149925760852073,5.027517712280965,0.010438975728954537,-0.08549527301316236,0.06022312621361349,3.4559121244894766,3.4509196037383254,5.05915990490951,0.0068307817339054045,-0.08267634042835624,0.058233805735984294,3.417117781943256,3.411042386594551,4.987894320729472,0.008503372209234,-0.08286213441960005,0.05839557898549846
NH2F,2.075275182521807,2.406841749322895,2.047304710674119,-0.20508812968702114,-0.158201997967681,0.05327879053530697,2.0761892895514653,2.4112667374475785,2.0480933052531607,-0.2131142582144879,-0.16439253283719976,0.053498548462420185,2.1053933546667456,2.4318110213906654,2.0753472151100536,-0.2088670917435708,-0.16111633186973284,0.05721227960897979,2.074818595788819,2.400421617061421,2.0464579832327674,-0.20658863325691712,-0.15935730525220257,0.054029183095730855
NH2OH,2.6706197676508694,3.2456060702866845,2.4903086403684838,0.24682069351078242,0.0,0.0,2.6622988404583996,3.272354181267909,2.4791693436931115,0.2637890729074503,0.0,0.0,2.7032403942923224,3.3023304961885556,2.511888957721829,0.26224156514707536,0.0,0.0,2.661032750283582,3.2428217832874204,2.4759011891554783,0.25799948141176177,0.0,0.0
NH3,2.017559400900187,2.0175038019964426,2.2606082304020996,0.0,-3.531241674381639e-05,0.0,2.0203128654794646,2.020250864996185,2.247009378704184,0.0,-4.230673512530247e-05,0.0,2.0427966502001844,2.0427381024206817,2.2942751744727867,0.0,-3.993577974174787e-05,0.0,2.0127515331180015,2.012690495835346,2.24857253477009,0.0,-3.817238167522913e-05,0.0
NH3O,2.5857667419956987,2.585788865973121,3.699853796514951,0.0,0.0,-1.161768137941756e-05,2.5938080742745626,2.593789106631494,3.787041679757962,0.0,0.0,-3.670535303165472e-05,2.645441629232278,2.645410184436504,3.9042892170033507,0.0,0.0,-4.375894529772967e-05,2.5895920562299968,2.5896049038444815,3.7516585196328887,0.0,0.0,-1.1706592206300858e-05
NO,1.4437486772174233,1.2401094680022346,0.43395695668956613,0.0,0.0,0.0,,,,,,,,,,,,,,,,,,
NOCl,5.814198648776894,6.48724782907971,3.45240213250272,2.486790616770366,0.0,0.0,,,,,,,,,,,,,,,,,,
NP,3.354501383728541,3.354501383728541,7.008945472078433,0.0,0.0,0.0,3.3574297803597113,3.3574297803597113,6.635325062180641,0.0,0.0,0.0,3.5912367146873545,3.5912367146873545,5.468620906318218,0.0,0.0,0.0,3.319818752008481,3.319818752008481,6.949488134816765,0.0,0.0,0.0
Na,25.11166751375374,25.11166751375374,25.11166751375374,0.0,0.0,0.0,23.004512198412176,23.004512198412176,23.004512198412176,0.0,0.0,0.0,22.477451987800816,22.477451987800816,22.477451987800816,0.0,0.0,0.0,25.47652792515897,25.47652792515897,25.47652792515897,0.0,0.0,0.0
Na2,30.066176278361137,30.066176278361137,26.147744860778317,0.0,0.0,0.0,,,,,,,,,,,,,,,,,,
NaCN,4.381640258594059,4.003518530626705,3.436927425360749,-0.1696627072822361,0.0,0.0,4.47621025960848,4.14327694075807,3.465125508925258,-0.10229780408075055,0.0,0.0,4.581086344302605,4.285304799745632,3.5329078336404898,-0.05995757921065538,0.0,0.0,4.457028889730686,4.093544343734532,3.4578423192672285,-0.14056361621656288,0.0,0.0
NaCl,4.179748636136676,4.179748636136676,4.876813771802949,0.0,0.0,0.0,4.229313502885298,4.229313502885298,5.2017190653615835,0.0,0.0,0.0,4.333732052464282,4.333732052464282,5.471379883368764,0.0,0.0,0.0,4.225397692247704,4.225397692247704,5.0637230456407,0.0,0.0,0.0
NaH,5.19590770553178,5.19590770553178,6.8548821545544,0.0,0.0,0.0,5.326100081251003,5.326100081251003,7.562352124192105,0.0,0.0,0.0,5.45130466331137,5.45130466331137,8.025219680994352,0.0,0.0,0.0,5.510046105413444,5.510046105413444,7.556972337515993,0.0,0.0,0.0
NaLi,26.442519460583895,26.442519460583895,-11.85161870147283,0.0,0.0,0.0,,,,,,,,,,,,,,,,,,
Ne,0.3604474706975893,0.3604474706975893,0.3604474706975893,0.0,0.0,0.0,0.36075458351211537,0.36075458351211537,0.36075458351211537,0.0,0.0,0.0,0.36597320449603055,0.36597320449603055,0.36597320449603055,0.0,0.0,0.0,0.3615391030115913,0.3615391030115913,0.3615391030115913,0.0,0.0,0.0
O2,1.1535157758152847,1.1535157758152847,1.792334169220262,0.0,0.0,0.0,1.173635673563187,1.173635673563187,2.1928089533558754,0.0,0.0,0.0,1.186387442176443,1.186387442176443,2.2178849035974353,0.0,0.0,0.0,1.1791117358463428,1.1791117358463428,2.236200356113741,0.0,0.0,0.0
O3,1.708633146330547,4.386977619987277,2.0966025189357267,0.0,0.0,0.0,1.6961707528218535,4.518034134851449,2.095406401581666,0.0,0.0,0.0,1.7130032172011591,4.5799879844027025,2.1242518004212987,0.0,0.0,0.0,1.696513637425729,4.494955507061938,2.0963232500284863,0.0,0.0,0.0
OCl,2.4750286331189164,2.3897212435014294,4.2885837273117895,0.0,0.0,0.0,,,,,,,,,,,,,,,,,,
OCl2,4.184889371236241,7.500935992503371,4.610918949690065,0.0,0.0,0.0,4.184605197415051,7.77556322111554,4.6066963522443105,0.0,0.0,0.0,4.226356921522005,7.883409416437115,4.640707870224584,0.0,0.0,0.0,4.179783014989737,7.680549021610011,4.593252353569883,0.0,0.0,0.0
OF,1.0565661506116897,1.0807773096955688,1.8140163931996864,0.0,0.0,0.0,,,,,,,,,,,,,,,,,,
OF2,1.390309802738313,2.1733973044364547,2.1680072930152505,0.0,0.0,0.0,1.4097462429599632,2.9197433997626407,1.94347058677871,0.0,0.0,0.0,1.429346116099896,2.9577132425742296,1.9584993913053899,0.0,0.0,0.0,1.414166637358591,2.870832872244466,1.9325761653390456,0.0,0.0,0.0
OH,1.071307210065633,0.8786333583114901,1.243877642211789,0.0,0.0,0.0,,,,,,,,,,,,,,,,,,
P,3.681684039206965,3.681684039206965,3.681684039206965,0.0,0.0,0.0,3.79275092550309,3.79275092550309,3.79275092550309,0.0,0.0,0.0,3.8434697214184173,3.8434697214184173,3.8434697214184173,0.0,0.0,0.0,3.747431832289097,3.747431832289097,3.747431832289097,0.0,0.0,0.0
P2,6.10674170537547,6.10674170537547,11.068147831107638,0.0,0.0,0.0,5.968223705008424,5.968223705008424,10.195625521386432,0.0,0.0,0.0,5.990356825427916,5.990356825427916,10.247545102474232,0.0,0.0,0.0,6.176349265637318,6.176349265637318,11.025544311642198,0.0,0.0,0.0
P2H4,7.444626039239488,10.823746386377879,7.480180915808215,0.18458582647269398,0.0,0.0,7.452338208818759,10.812732216872874,7.482879507588835,0.19252523730700724,0.0,0.0,7.495457751904957,10.886352974764696,7.53151272223796,0.1897428174351079,0.0,0.0,7.423049144952978,10.752303291731968,7.45096850789368,0.18949069596700915,0.0,0.0
PH,3.9176700000798643,3.9176700000798643,4.379083079483598,0.0,0.0,0.0,3.968847264674015,3.968847264674015,4.415709124057672,0.0,0.0,0.0,4.011017699501705,4.011017699501705,4.451971271435785,0.0,0.0,0.0,3.9399369905676997,3.9399369905676997,4.387149869895892,0.0,0.0,0.0
PH2,4.1007792103581515,4.435514425663119,4.520585638487462,0.0,0.0,0.0,4.125681102837616,4.459512302491777,4.545349941462324,0.0,0.0,0.0,4.162002657466558,4.488364014000118,4.584656054728085,0.0,0.0,0.0,4.105904830617146,4.438554731388394,4.521491713905759,0.0,0.0,0.0
PH2OH,4.908934586231078,5.016297077017466,4.890636975154033,-0.22328727202329218,-0.2134145693507574,0.20223744111854658,4.9243351861988405,4.995829078563844,4.905548165475218,-0.22265710171928565,-0.21281892608452388,0.20765362195979642,4.969856862731889,5.047647197579699,4.950592153772363,-0.22125142154626073,-0.21147152695852095,0.21298698236580443,4.907337955238849,4.991956611954356,4.8888777410779065,-0.22194993463919824,-0.21212706648513147,0.2042612293600642
PH3,4.435026720140722,4.435124062677689,4.665552104032815,0.0,3.230426710093149e-05,0.0,4.455492080906479,4.455584325889371,4.679590975412975,0.0,5.625091647483299e-05,0.0,4.4833254522591135,4.483419594006311,4.723241894056042,0.0,6.3171142500583e-05,0.0,4.439083069158676,4.439233313637638,4.65763204612182,0.0,5.115336240019059e-05,0.0
PH3O,4.125060208896548,4.125163627006684,5.0049797364112605,0.0,0.0,-6.730549595065634e-05,4.120610799931413,4.120765608499489,4.968041362920815,0.0,0.0,-6.225239728945559e-05,4.1636935932091665,4.163853232598835,5.034495522885593,0.0,0.0,-6.323041638517186e-05,4.118720407567163,4.118786349763768,4.970765531382635,0.0,0.0,-8.350208491456372e-05
PS,5.687331597256991,5.152441365765323,12.050224520593442,0.0,0.0,0.0,,,,,,,,,,,,,,,,,,
S2,4.649717085764899,4.649717085764899,8.17523762998755,0.0,0.0,0.0,4.656333799864612,4.656333799864612,8.620034446506017,0.0,0.0,0.0,4.684581169664156,4.684581169664156,8.648300946951812,0.0,0.0,0.0,4.652844776014529,4.652844776014529,8.64915615055866,0.0,0.0,0.0
S2H2,5.697409876579751,8.32679102450561,5.667813166434483,0.32890288733849105,0.0,0.0,5.686389335132152,8.343703997638658,5.656507828789906,0.3388424954082555,0.0,0.0,5.7269257371464395,8.400833990277357,5.697390123557712,0.3402557181830944,0.0,0.0,5.667186300649543,8.293002717156226,5.637273823702598,0.33489722565002067,0.0,0.0
SCl,4.064845025383469,4.3867509862895515,7.136956672574083,0.0,0.0,0.0,,,,,,,,,,,,,,,,,,
SCl2,5.597574665308129,10.019579787294477,7.043608795330588,0.0,0.0,0.0,5.582359162863466,10.08665158113667,7.038629833480537,0.0,0.0,0.0,5.627924153787675,10.176935932110602,7.083181685532412,0.0,0.0,0.0,5.5732636741841315,10.027381327073236,7.008849655843996,0.0,0.0,0.0
SF,3.170448459115243,2.7862801132701507,3.592170233914216,0.0,0.0,0.0,,,,,,,,,,,,,,,,,,
SF2,3.152760450304253,3.7995453871642137,3.442212418276933,0.0,0.0,0.0,3.1640351878059105,3.7973476152529564,3.435365588138775,0.0,0.0,0.0,3.209010329486105,3.8351090659048026,3.4713991605994416,0.0,0.0,0.0,3.1658092107162417,3.795411819093111,3.4331538127722836,0.0,0.0,0.0
SH,2.8747708957703098,3.4493438371534726,3.446301056743517,0.0,0.0,0.0,,,,,,,,,,,,,,,,,,
SH2,3.674443645293608,3.576959606746559,3.5657710386546233,0.0,0.0,0.0,3.680363031778075,3.5896661345674032,3.5747829659751584,0.0,0.0,0.0,3.7216645262761636,3.6114419223736514,3.601660931219046,0.0,0.0,0.0,3.6708931692436773,3.5744108148907667,3.560005349352895,0.0,0.0,0.0
SO-trip,2.87600511141369,2.87600511141369,3.9391182996737584,0.0,0.0,0.0,2.912127090873221,2.912127090873221,4.282610860964953,0.0,0.0,0.0,2.9438267643513463,2.9438267643513463,4.325359082801144,0.0,0.0,0.0,2.904400428829169,2.904400428829169,4.26166026936148,0.0,0.0,0.0
SO2,2.878037864830252,5.0711624368030925,3.443166001713727,0.0,0.0,0.0,2.863515614921268,5.0017754346658,3.389373721516227,0.0,0.0,0.0,2.8845004964669756,5.034885915507966,3.42474965022738,0.0,0.0,0.0,2.858676109703184,5.012166650462246,3.390261229390176,0.0,0.0,0.0
SiH3,4.987818035240005,4.987818035240005,4.935257036628599,0.0,0.0,0.0,5.036981632608432,5.036994746955398,5.005199390609075,0.0,4.015805680895611e-05,0.0,5.08292181240362,5.082948619017924,5.072486971028114,0.0,5.047171272741864e-05,0.0,5.028465057141406,5.028521559971891,4.985388235707526,0.0,-1.7693254549776234e-05,0.0
SiH3Cl,5.645258075230603,5.645215724040065,7.159883929680825,0.0,9.276362938157391e-06,0.0,5.678502203864047,5.678247726259036,7.194370883489387,0.0,-2.117559526937206e-05,0.0,5.7301994782476955,5.72990915476098,7.2695324660110945,0.0,-2.0597674894630625e-05,0.0,5.676822811710462,5.676867133757663,7.202883902523337,0.0,2.101259208675268e-05,0.0
SiH3F,4.207301019639416,4.207321958139147,3.8882879503076344,0.0,2.431711115258191e-05,0.0,4.249073756338458,4.24908012828105,3.9026597482790604,0.0,3.0822419986209857e-06,0.0,4.298199596242401,4.298195135882586,3.949173180630577,0.0,-5.379105026439509e-06,0.0,4.253483244342321,4.253570658503619,3.9178912694910344,0.0,1.4136821474444329e-05,0.0
SiH4,4.561340509221872,4.561340509221872,4.561340509221872,0.0,0.0,0.0,4.609589836557458,4.609589836557458,4.609589836557458,0.0,0.0,0.0,4.6559896408722174,4.6559896408722174,4.6559896408722174,0.0,0.0,0.0,4.6130693469490645,4.6130693469490645,4.6130693469490645,0.0,0.0,0.0
SiO,4.101174270798936,4.101174270798936,5.287825170573906,0.0,0.0,0.0,4.082740966981596,4.082740966981596,5.1523582785976005,0.0,0.0,0.0,4.1082699771600115,4.1082699771600115,5.20865499896675,0.0,0.0,0.0,4.0846023447793405,4.0846023447793405,5.166968979960862,0.0,0.0,0.0
