,,SCF,SCF,SCF,SCF,SCF,SCF,MP2,MP2,MP2,MP2,MP2,MP2,CCSD,CCSD,CCSD,CCSD,CCSD,CCSD,CCSD(T),CCSD(T),CCSD(T),CCSD(T),CCSD(T),CCSD(T)
,,xx,yy,zz,xy,yz,zx,xx,yy,zz,xy,yz,zx,xx,yy,zz,xy,yz,zx,xx,yy,zz,xy,yz,zx
aug-cc-pVDZ,bromine,8.888674690642759,4.749505225976455,4.749505225976455,-0.0,-0.0,-0.0,8.60138157024428,4.873980381289201,4.873980381289201,-0.0,-0.0,-0.0,8.668990837424154,4.887502244833166,4.887502244833166,-0.0,-0.0,-0.0,8.655839448587775,4.909359494481412,4.909359494481412,-0.0,-0.0,-0.0
aug-cc-pVDZ,chlorine,6.038712223603909,3.298962138929464,3.298962138929464,-0.0,-0.0,-0.0,5.895899208332591,3.409544979154804,3.409544979154804,-0.0,-0.0,-0.0,5.930722615780918,3.412879135702347,3.412879135702347,-0.0,-0.0,-0.0,5.9325749240380725,3.4319579177002817,3.4319579177002817,-0.0,-0.0,-0.0
aug-cc-pVDZ,nitrogen,2.246109764360113,1.422758461083842,1.422758461083842,-0.0,-0.0,-0.0,2.149419240275096,1.4792538824059949,1.4792538824059949,-0.0,-0.0,-0.0,2.2153614368148373,1.4855517326387973,1.4855517326387973,-0.0,-0.0,-0.0,2.240738068519117,1.5014815891254878,1.5014815891254878,-0.0,-0.0,-0.0
aug-cc-pVDZ,oxygen,2.7017777522413318,1.0639662285871694,1.0639662285871694,-0.0,-0.0,-0.0,1.742466975982525,1.085823473497294,1.085823473497294,-0.0,-0.0,-0.0,2.295010719248289,1.110459181846066,1.110459181846066,-0.0,-0.0,-0.0,2.2811184025815097,1.1184241100894112,1.1184241100894112,-0.0,-0.0,-0.0
aug-cc-pVDZ,carbon_monoxide,2.1536795504247577,1.627809055590906,1.627809055590906,-0.0,-0.0,-0.0,2.336872900284926,1.7341315861930409,1.7341315861930409,-0.0,-0.0,-0.0,2.319183350269544,1.7100515704267063,1.7100515704267063,-0.0,-0.0,-0.0,2.3309455115982627,1.730056506553219,1.730056506553219,-0.0,-0.0,-0.0
aug-cc-pVDZ,nitrogen_monoxide,1.2767981017806656,1.2173521816496142,2.1060691248320773,0.0,0.0,0.0,1.3869055126611471,1.2350140849941549,1.9835531792548933,0.0,0.0,0.0,1.4000219810217804,1.2668442615762356,2.173885137801268,0.0,0.0,0.0,1.4189944690736689,1.2772330533606964,2.175431413477064,0.0,0.0,0.0
aug-cc-pVDZ,sulfur_monoxide,4.728018452088711,2.677327274928858,2.677327274928858,-0.0,-0.0,-0.0,3.883921288277504,2.727710076791278,2.727710076791278,-0.0,-0.0,-0.0,4.48277275271295,2.7571617873456926,2.7571617873456926,-0.0,-0.0,-0.0,4.4432259580506726,2.7764258003799265,2.7764258003799265,-0.0,-0.0,-0.0
aug-cc-pVDZ,carbon_dioxide,3.538095217792576,1.6793032431446595,1.6793032431446595,-0.0,-0.0,-0.0,4.1115700513134295,1.8139660996627915,1.8139660996627915,-0.0,-0.0,-0.0,3.990799511462077,1.782291617199251,1.782291617199251,-0.0,-0.0,-0.0,4.022844454945298,1.805075016764411,1.805075016764411,-0.0,-0.0,-0.0
aug-cc-pVDZ,sulfur_dioxide,4.305692023102202,3.027876731048364,3.299610446503593,0.5343216542842519,-0.5024156335517965,-0.6980194525780422,4.713570440733662,3.2789572038558674,3.6165404990165446,0.5325388068760226,-0.6240660200358803,-0.6956346048283003,4.674671954698429,3.2269073247725912,3.5553216910068985,0.5626388265839403,-0.607302624675533,-0.7349961687175087,4.7078282849259,3.2686768908175368,3.601258952209815,0.54670897009725,-0.6149202452522762,-0.7142503094987178
aug-cc-pVDZ,ethene,5.379290257943259,3.4800253337148006,3.351567712174551,-0.0,0.0696468144030993,-0.0,5.048838351099354,3.554302920570485,3.340083397137051,-0.0,0.1164407678327523,-0.0,5.006420477743508,3.4983631920939997,3.2495054922485367,-0.0,0.135264856958355,-0.0,5.013644482368117,3.526333056200628,3.276178740153991,-0.0,0.136075242084089,-0.0
aug-cc-pVDZ,propane,5.982587264617583,5.567114379762458,5.504506338980573,0.2233884525572262,-0.2350811524776587,-0.1955575114316891,6.270528681797805,5.7914289865140685,5.7171513999216135,0.2501311622329067,-0.2791892579539099,-0.2189892189658215,6.1441085998142375,5.696035078366997,5.627499649688135,0.2369797691190565,-0.2577719364259583,-0.2074585960705358,6.212921875310776,5.750863421678607,5.679827375589087,0.2433007731655891,-0.2669871731114032,-0.2130386766299463
aug-cc-pVDZ,1-3-butadiene,12.82936924311166,6.169485232044975,6.084279022734228,1.187052154418037,-0.6150591681346568,-1.1037214080336688,11.587303514740556,6.317669943683747,6.211903105137592,1.105319024537214,-0.7683377290599769,-1.0281935129991135,11.42420771678828,6.143182445948889,6.039823609821701,1.00564165216352,-0.7520374107639183,-0.9350455294561736,11.443193882741609,6.214774184094389,6.107803345391667,1.0295595907730928,-0.7786875049872567,-0.957412159387083
aug-cc-pVDZ,isobutene,9.245058919141092,6.538465163641202,6.716657278943285,-6.580723143587455e-11,-0.6274696376297704,-0.0,9.087612662531344,6.791861020190775,7.007932852407822,-0.0,-0.7607201088122699,2.315381373009241e-05,8.972491665075434,6.6396012289121815,6.848449056504619,2.315394534455528e-05,-0.7355750154427129,-0.0,9.0233375445286,6.7148975856778215,6.93013587928444,6.580723143587455e-11,-0.7577101067756709,-0.0
aug-cc-pVDZ,1-pentene,10.1751958292941,8.23758811082316,9.39528116954686,-0.0368841008187389,0.0002083847184142,1.9232291703338769,10.36709503127958,8.52775229964928,9.514847709241645,0.108776839793067,0.1829618109989877,1.8366800372603027,10.132777956201483,8.381234666284278,9.3345254386015,0.0674703514704825,0.1371171659064854,1.8196619493566597,10.24595402935563,8.466718721623016,9.421861802723852,0.0877994415814811,0.1612897968619327,1.833646881475781
aug-cc-pVDZ,water,1.2938377624793038,1.1928869277181653,1.1387068922439136,0.0563333442311987,-0.0746017407085563,-0.0395004871335287,1.4185907661890995,1.3520002612855415,1.3219002418408528,0.0434366435290302,-0.0414917192601722,-0.0304473274732305,1.39349198051281,1.3188439323742154,1.2843909869984858,0.0478590310328758,-0.0474885692564112,-0.033573098742998,1.4132190703481036,1.3406085615029617,1.3076374633647052,0.0471644152061176,-0.0453584140170618,-0.0331100214812877
aug-cc-pVDZ,methanol,3.147813733605433,2.8131015166118654,2.674085734162693,0.1019696046381904,0.0067609274945128,0.0049317724588233,3.380278499899916,2.9663800775371856,2.8788584823785377,0.0793482822297919,0.0042371565991614,0.0038203870965257,3.311094762594009,2.9276668217485646,2.8298649122354416,0.0863175944427189,0.0047465415212355,0.0041908488729904,3.355272330005005,2.957488994902034,2.8634843187375143,0.0856461324625944,0.004561310649455,0.0041445411468193
aug-cc-pVDZ,ethanol,5.032630648584674,4.483698907894444,4.182328250848501,-0.0257007858861877,-0.0,-0.0,5.357525628288055,4.774789250322682,4.440354879620333,-0.021255244568612,-2.3153879537323845e-05,-2.3153879537323845e-05,5.256204331980777,4.680969805194461,4.370800680768287,-0.0193334741463877,-0.0,2.315381373009241e-05,5.327147762552147,4.738391381171649,4.419423789365244,-0.0202133208449264,-0.0,-2.3153879537323845e-05
aug-cc-pVDZ,methylformate,5.002808475431204,4.242250443709888,4.439891802556045,0.1843510426525042,0.7095963832653062,0.2114642140059385,5.490891868605012,4.609563297032344,4.8518453003537845,0.2557343966060473,0.8698442564035533,0.2934057287367901,5.360118860690403,4.538434635951133,4.776641559106294,0.234988536992413,0.8550257852791605,0.2695804055795593,5.461254925961383,4.599746059478929,4.8429542174554046,0.251404624620351,0.873456258781665,0.2884739562779668
aug-cc-pVDZ,methylacetate,6.395374301815437,6.362866280215012,5.909976756562127,0.1043081446617612,1.0376634420962405,0.0798808210972106,6.89818355079291,6.920596488285473,6.367033975372983,0.0912030592411785,1.2689936690830814,0.06858173683278,6.804827182202519,6.768892389589317,6.242558817954405,0.0803902059205739,1.2066634747240292,0.0599453464776958,6.883272463952946,6.886791851536788,6.3390641110031245,0.0825666688860943,1.255726506637352,0.0615892707403157
aug-cc-pVDZ,acetone,6.448165104517449,5.924795226831026,4.856568687567736,2.3153879537323845e-05,-0.3656920832684094,0.0001389231456094,6.822146270408534,6.449461721245082,5.083569143029532,2.315381373009241e-05,-0.4678237649646502,6.94615728047401e-05,6.747683452779779,6.294053004981701,5.011792173321276,2.315381373009241e-05,-0.4392055924942055,6.946150699750866e-05,6.817793344740722,6.409174002964067,5.066435285859816,2.3153879537323845e-05,-0.4599977598011073,9.261545234206396e-05
aug-cc-pVDZ,acetaldehyde,4.913434570962486,4.02664168855713,3.42973514737053,0.2356136912792701,0.2658757877491057,0.0897443658832428,5.213230765252806,4.377654223846756,3.598202641163804,0.2580266288376399,0.3473310714045169,0.0982649868406403,5.165070734246596,4.278648312860922,3.5454118379353337,0.2576330132803488,0.3267241350022994,0.0981260636292236,5.222584925741933,4.351258822232521,3.58523647915206,0.2608050922762874,0.341334221408278,0.099330064378056
aug-cc-pVDZ,acetic_acid,5.052450353674888,4.996325393898874,3.6242275812319,-0.1929179712373619,-0.0001852309704913,0.0001157692660721,5.587952854762627,5.512008190422858,3.8642868136971313,-0.139409398138078,-9.261551814929538e-05,0.0001389231456094,5.460514002869104,5.427635519722539,3.804086774807754,-0.1567284862782849,-0.0001389232114167,0.0001157692660721,5.567670072081667,5.501079567704567,3.8505797275401927,-0.1383674743485852,-0.0001157693318793,0.0001157693318793
aug-cc-pVDZ,dimethyl_ether,4.931216736759247,4.325789574746864,4.506852769005742,-0.2340623825347996,0.1735844971567814,-0.3861369427112874,5.2494434044204565,4.604284216709497,4.810168350353447,-0.234270767319021,0.1975718974049663,-0.3865074044548484,5.150622725523837,4.525190627384941,4.721813216057913,-0.2305429957406446,0.1886345070107403,-0.3803716312471927,5.220825231950013,4.58122297058989,4.78395817977551,-0.2339234594549974,0.1944461261022951,-0.3859285579928732
aug-cc-pVDZ,N-methylacetamide,7.174084960353195,5.994534657245829,7.574554142850205,-0.0773338963881291,-0.9840622536104214,0.1595995650376599,7.8294318466372514,6.409729695020047,8.338075869046468,-0.1210020784493037,-1.2012917791462618,0.2502700853785162,7.705049304736824,6.291552388097502,8.121911421311271,-0.1238500033949487,-1.140327662626996,0.2561743199224131,7.813501990677019,6.37935182928414,8.286211219946575,-0.127693544436819,-1.1880940782075298,0.2640697866587608
aug-cc-pVDZ,dimethyl_sulfide,7.548807049863016,6.186433858178392,6.848634287540918,-0.2579108595057605,0.5800273761653374,-0.444739365162927,7.826468152162306,6.454370340548247,7.131944933288568,-0.2481630841174149,0.5937113081795099,-0.4281148930798037,7.706068074383551,6.382871216341523,7.030531019883767,-0.2454772360653023,0.5674316756997324,-0.4235072746054667,7.7826610468239075,6.445016179532662,7.101289219945297,-0.2464960061068722,0.5749798345062492,-0.4252669681341587
aug-cc-pVDZ,dimethyl_sulfone,7.417015271775223,6.960328512931134,7.254289935895542,0.0281319412633897,-0.0375787167442079,-0.221744528492028,8.135711121933443,7.6959729892227715,7.98622979356704,0.0258397092950261,-0.037161947175765,-0.2036845169305063,7.932512837262909,7.518336568608959,7.784605969546296,0.0256081702364239,-0.0341056374458986,-0.2018785156427397,8.072825234597111,7.642348649489705,7.922139905547682,0.0260712475639415,-0.0358421768318244,-0.2056294409690391
aug-cc-pVDZ,fluoromethane,2.4319889621407795,2.2294389845179152,2.2295315995096066,2.3153879537323845e-05,-0.0,-2.3153879537323845e-05,2.6107367700253,2.3451156745562614,2.3451156745562614,2.315381373009241e-05,-6.580723143587455e-11,-4.630775907464769e-05,2.570912128808574,2.316312271049518,2.316312271049518,4.6307693267416255e-05,-2.3153879537323845e-05,-2.315381373009241e-05,2.5997155317888594,2.3369655152766176,2.3369655152766176,2.3153879537323845e-05,-2.3153879537323845e-05,-4.630762746018482e-05
aug-cc-pVDZ,phosphine,4.26670092154882,4.2532716819463285,4.358575441848822,0.0004167694368284,0.0011808469351022,0.037717639758203,4.348850820866471,4.324122497526007,4.519541084989497,0.0007872312461966,0.0021996167134432,0.0696468143701957,4.311989873071775,4.28939170559583,4.46758382142437,0.0006946158596618,0.0019912321924507,0.0635573489216146,4.332550502307184,4.308285255504551,4.499628764381134,0.000740923487122,0.0021533090859831,0.0682344289029491
aug-cc-pVDZ,hydrogen_sulfide,3.3540683290587507,3.352771712857576,3.335452624651562,0.0110675457322862,0.0081038513889546,-0.0285950183276784,3.4180656005070444,3.490305647806047,3.423715142902489,0.0031026173573266,0.0305399430242834,-0.0080112360024198,3.3987089740604928,3.4700228661780024,3.4043585154030214,0.0030563095982519,0.0301231734558405,-0.0078954666047332,3.4163985232861886,3.497159191937432,3.424456067047683,0.0023385398590527,0.0332720984406273,-0.0060894655801955
aug-cc-pVDZ,silane,4.408773012674943,4.408773013727858,4.408773013727858,4.630775907464769e-05,-2.3153879537323845e-05,-6.946163861197154e-05,4.557606032414301,4.557606033467217,4.557606032414301,2.3153879537323845e-05,2.3153879537323845e-05,-6.946150699750866e-05,4.5725171192542655,4.572424503736117,4.5725171192542655,4.630775907464769e-05,-2.315401115178672e-05,-9.261538653483252e-05,4.596319288466152,4.596319289519068,4.596226672948003,4.630775907464769e-05,-2.3153879537323845e-05,-0.0001157692660721
aug-cc-pVDZ,ammonia,1.8518458163145264,1.8460110434092416,1.897319999663468,0.0025237708624477,0.0070387737857317,0.018800935278969,1.9925286767742416,1.968356045621373,2.1853540324934544,0.0106044684212205,0.0297527116135686,0.0790935897687548,1.9585388085944155,1.937700333594246,2.1243204545988057,0.0091226213153619,0.0255850165872119,0.0680723518448987,1.9828966706519684,1.9597428094090548,2.1667383283494948,0.0101645450719511,0.0283634799271485,0.0755047412701806
aug-cc-pVDZ,dimethyl_amine,5.559242067300491,4.874350853890955,5.252129252340955,-0.1582797950227554,-0.1818272717571528,0.2932204978979132,5.917756452716258,5.113206085146703,5.680660914725973,-0.2126450609410408,-0.1480457883615477,0.2513814707408137,5.792540372205402,5.0361500351156,5.554426063515475,-0.1969467430523019,-0.1470501723311296,0.2480704684676512,5.873301039803731,5.089311300943125,5.640928889027396,-0.2070186726883628,-0.1449431708726067,0.246125544297504
aug-cc-pVDZ,trimethyl_amine,7.11786738558549,7.142040016869974,6.563008256471825,0.0754815874070951,-0.2032445933509117,0.2381837698020817,7.603450161875099,7.621602788691541,7.183346504271257,0.0570048062113233,-0.1532785609911273,0.1794655778869483,7.432759897225615,7.450542062495917,7.018768859607964,0.0561481133265146,-0.1509863287595348,0.1768260377255248,7.544361508150597,7.561310134284014,7.147504327702661,0.05376326564258,-0.1445495552495083,0.1692084174778177
aug-cc-pVDZ,acetonitrile,5.675011372856987,3.4279754535786093,3.4278828385869176,-4.6307693267416255e-05,-0.0,-0.0,5.729747100387218,3.503642272416846,3.503642272416846,-2.315381373009241e-05,-6.580723143587455e-11,4.6307693267416255e-05,5.719374170777823,3.4808588723252285,3.4808588728516865,-2.315381373009241e-05,-2.3153879537323845e-05,2.3153879537323845e-05,5.793373911342289,3.5142930485806896,3.514385664098839,-2.315394534455528e-05,-2.3153879537323845e-05,2.315381373009241e-05
aug-cc-pVDZ,imidazole,7.785346894744405,8.025313512217945,4.9529813656247645,-0.1164176139861185,0.0037277716441837,-0.0040056179354026,8.06976892565693,8.390033133138052,5.083476527511382,-0.1680738782359829,0.0040750795740146,-0.0041908489717012,8.028091975656594,8.210173940088657,4.989657082383161,-0.1023632202283851,0.0038898486693305,-0.0042371565991614,8.139415740553584,8.321405088941042,5.046430349733304,-0.1213262325654045,0.0039593102421352,-0.0042834642924288
aug-cc-pVDZ,pyrrole,8.732061971064065,8.997590451014954,5.739193876394494,0.0019912320608362,0.0012734623874443,-0.0009030006438833,8.895343000052641,9.313594348346411,5.851814256966203,0.0031257712368639,0.001180846869295,-0.0009261544576134,8.838477116657891,9.098170823703494,5.712705858735652,0.0019680782471062,0.0012271546283696,-0.0009030005122688,8.91016147032154,9.221812441985186,5.77716620830115,0.0023153861111299,0.001250308507907,-0.0009261544576134
aug-cc-pVDZ,pyrazole,7.749041640585063,8.055228300363106,4.96298383368802,-0.0861555174504758,0.001250308507907,-0.0058579268506295,8.157475751851877,8.300196152131504,5.114039624283588,-0.1754831138310829,0.0015050009853958,-0.0064599272579493,8.006883038847056,8.21869456038798,5.0137370976230375,-0.1164407678656559,0.0013892317193237,-0.0063210041123398,8.124412037669014,8.28963799148581,5.068565440671419,-0.12871231421516,0.0014123855330538,-0.0064599273237565
aug-cc-pVDZ,furan,7.651424962371468,8.125060346296058,5.117373780304674,0.0290812496663477,-0.0024311555088165,0.0194955511057272,7.6918052956441745,8.402999295149797,5.18025966711455,0.0436450283132517,-0.0025006169500068,0.0192640124419685,7.677449902439564,8.194244083075509,5.070695596535937,0.0317670975210386,-0.002500617015814,0.020004936060705,7.727832703775526,8.31723739378307,5.121356244426347,0.0361663311453469,-0.0025006170816212,0.0200049359948977
aug-cc-pVDZ,thiophene,11.006419446085252,9.953567071779132,6.500585447252696,0.0033573099006227,0.0002083849158359,0.0223203222376421,11.151455231686324,10.33412393366778,6.593756584806788,0.0026163862818861,0.0002778465544478,0.0226213224083984,11.10968566774721,10.089248697417531,6.4911386728247935,0.003241540502936,0.0002546924116816,0.0228991689628463,11.181647867438848,10.223263245835078,6.544485167056328,0.0030563094666374,0.0002546924116816,0.0230149378340751
aug-cc-pVDZ,pyridine,10.31624915235287,10.988174203224204,6.035285452591132,-0.0241263232621798,-0.0068072351877802,-0.0069230044538523,10.68967462513506,11.315847646366231,6.055383004235794,-0.0224592453174444,-0.007270312317876,-0.0074786971020975,10.448874469051091,11.040038852324098,5.969713717860758,-0.0211857829958073,-0.0069924661582715,-0.0072240046904159,10.540563758841252,11.12487459903579,6.010279282169763,-0.0209542443978557,-0.0071082354243437,-0.0072934662632206
aug-cc-pVDZ,phenol,12.804640919771195,11.935815433672442,6.863267527826435,-0.1929179712373619,0.0109517763345996,0.022065629694346,13.543712167075611,12.313408601086143,6.968941749801524,-0.2040549784766457,0.0115306227965748,0.0244504774440879,13.191032555091589,12.023059182276642,6.844929669973694,-0.1979655131596791,0.011160161118821,0.0236169384388165,13.353109582344224,12.122250323245858,6.902999553525011,-0.204217055370178,0.0112527765053559,0.0239874002481848
aug-cc-pVDZ,chlorobenzene,15.50715959668418,12.437050220947208,7.604932009639029,0.0161845491616009,0.0024774632678911,0.0714065078988877,16.06600118676077,12.777411979546532,7.687452369976362,0.0173422420855514,0.0026163860186572,0.0757362799503912,15.70720895584347,12.510586881288637,7.592151076557752,0.0168791647580338,0.0025700785228115,0.0733514322006493,15.868730291040126,12.606258634674012,7.646053266004014,0.0172264726878648,0.0025700785228115,0.0743238943515301
aug-cc-pVDZ,fluorobenzene,11.5566478024502,11.43680341778034,6.479283894925009,-0.0007640773666593,-6.946150699750866e-05,-0.0012966162011744,12.052418277312906,11.740118998601588,6.519386381643267,-0.0019912319292218,-4.630775907464769e-05,-0.0014586932263212,11.76271716713045,11.46514374316988,6.4122303124307045,-0.0018986166743014,-4.630775907464769e-05,-0.0014123854672465,11.87561539320369,11.548497643170558,6.457426648435511,-0.0020838474473711,-2.3153747922860973e-05,-0.0014355393467839
aug-cc-pVDZ,toluene,14.538216813381798,12.781857520206035,7.949646694432624,-0.0041213871356676,-0.2791429501948352,-0.0393152562617481,15.037784521329876,13.138612213935714,8.010587656940737,-0.0045844644631851,-0.2962768074961652,-0.0447795674892793,14.634073797803472,12.826590778620096,7.87953680299814,-0.0043066181719662,-0.2858575699960806,-0.0414917190956541,14.770774194141516,12.928097307543046,7.936402685866431,-0.0044223873064238,-0.288450802530044,-0.0427188739214455
aug-cc-pVDZ,benzene,11.59804690642255,11.59786167538625,6.684890182014511,-0.0002083847842214,0.0448258751825467,0.0248672468809163,11.864038463437728,11.86376061688328,6.658957856938107,-0.0002315385321443,0.0474654153439702,0.0263722478663122,11.575448737893687,11.57517089133924,6.544855629128925,-0.0002315385321443,0.0458909528515768,0.0254692472882361,11.655653712909578,11.655375866355133,6.584680270345651,-0.000254692543296,0.0462382607814078,0.0257007859519949
aug-cc-pVDZ,cytosine,13.908061328028952,10.811556550677745,6.394262916650561,-0.0971767552920729,0.0116232383147241,0.0205606287089501,15.690075098673756,12.091038917846609,6.82510996488348,-0.2656674030964987,0.0205374749610273,0.0472570307571705,15.361568115868383,11.740118997548672,6.685445874070491,-0.229755764231219,0.0184767811299645,0.0463540301132871,15.629319366149025,12.007221940255183,6.776301625776682,-0.2141037542989765,0.0202827824177312,0.048738877863029
aug-cc-pVTZ,bromine,9.187081647949178,5.092182369370765,5.092182369370765,-0.0,-0.0,-0.0,8.971472881740805,5.293157881605718,5.293157881605718,-0.0,-0.0,-0.0,9.003147382630369,5.244071709632376,5.244071709632376,-0.0,-0.0,-0.0,8.992959673528116,5.291861262245797,5.291861262245797,-0.0,-0.0,-0.0
aug-cc-pVTZ,chlorine,6.215607722178359,3.495306881574446,3.495306881574446,-0.0,-0.0,-0.0,6.132068592194299,3.6621999126120977,3.6621999126120977,-0.0,-0.0,-0.0,6.137255056998997,3.619596807956724,3.619596807956724,-0.0,-0.0,-0.0,6.142256292873228,3.654605448547181,3.654605448547181,-0.0,-0.0,-0.0
aug-cc-pVTZ,nitrogen,2.2701897801264472,1.465917258321653,1.465917258321653,-0.0,-0.0,-0.0,2.149604471048165,1.5085203629770267,1.5085203629770267,-0.0,-0.0,-0.0,2.2116568189843835,1.5064828231571157,1.5064828231571157,-0.0,-0.0,-0.0,2.2329583713120704,1.5246354502367867,1.5246354502367867,-0.0,-0.0,-0.0
aug-cc-pVTZ,oxygen,2.755309479614996,1.1408370475819738,1.1408370475819738,-0.0,-0.0,-0.0,1.7509875973347662,1.159915829053451,1.159915829053451,-0.0,-0.0,-0.0,2.317238425704553,1.183625382747188,1.183625382747188,-0.0,-0.0,-0.0,2.295566411830727,1.19659154528539,1.19659154528539,-0.0,-0.0,-0.0
aug-cc-pVTZ,carbon_monoxide,2.164052480560611,1.6683746204263683,1.6683746204263683,-0.0,-0.0,-0.0,2.336039360884812,1.7709925329348206,1.7709925329348206,-0.0,-0.0,-0.0,2.302883031973485,1.738577127379002,1.738577127379002,-0.0,-0.0,-0.0,2.318720272942026,1.7608048340984948,1.7608048340984948,-0.0,-0.0,-0.0
aug-cc-pVTZ,nitrogen_monoxide,1.3372638792203646,1.2764300708904266,2.139384888608208,0.0,0.0,0.0,1.4570167060258985,1.3013370998221196,1.9352724240929275,0.0,0.0,0.0,1.447141884512687,1.3248719237343216,2.180060959578987,0.0,0.0,0.0,1.4726577466823472,1.3395920774729972,2.182577156983301,0.0,0.0,0.0
aug-cc-pVTZ,sulfur_monoxide,4.744040923040635,2.8142129012502832,2.8142129012502832,-0.0,-0.0,-0.0,3.924579468104658,2.88293356201836,2.88293356201836,-0.0,-0.0,-0.0,4.4822170606569705,2.889787105096829,2.889787105096829,-0.0,-0.0,-0.0,4.439058262892702,2.917201276357791,2.917201276357791,-0.0,-0.0,-0.0
aug-cc-pVTZ,carbon_dioxide,3.540132757612487,1.7602491417792858,1.7602491417792858,-0.0,-0.0,-0.0,4.106939278564711,1.904358773251778,1.904358773251778,-0.0,-0.0,-0.0,3.95171579333763,1.85805105102918,1.85805105102918,-0.0,-0.0,-0.0,4.000431517452736,1.8860209153990373,1.8860209153990373,-0.0,-0.0,-0.0
aug-cc-pVTZ,sulfur_dioxide,4.321714494054126,3.1147500196857982,3.3685163372550524,0.5107047158454353,-0.4690509197246343,-0.6672479711532289,4.7261661427786406,3.365645261457003,3.6822048497915256,0.5123023322173661,-0.5853527642472591,-0.6692623570936025,4.63651439280839,3.282569205904943,3.5844955550068653,0.5370075019415211,-0.5582164387510585,-0.7015388393721972,4.6888421173931984,3.3327667767310643,3.641546669964372,0.5245970327754437,-0.5710436780120368,-0.6853311368575168
aug-cc-pVTZ,ethene,5.373177638483527,3.5507835337763303,3.39750497285101,-0.0,0.0830760538739756,-0.0,5.028833415236071,3.610983572665708,3.365089566768733,-0.0,0.133620932794446,-0.0,5.002715859913055,3.5411515275224423,3.272103660514169,-0.0,0.1463324025919304,-0.0,4.996418009417023,3.5706958541214644,3.2950722908523984,-0.0,0.1498980972109673,-0.0
aug-cc-pVTZ,propane,5.988236806749797,5.573782691804629,5.5116377283502604,0.2233884525901298,-0.2337150746049687,-0.1956269730044938,6.277567455912573,5.791521602295447,5.716595707339176,0.2551787039248986,-0.2817130288821649,-0.2233884525572262,6.14123752112067,5.685847379793899,5.616571027233072,0.2424440803136841,-0.2603883227078445,-0.2122514453179424,6.215144646166986,5.744843418263481,5.672973833037076,0.249228161621927,-0.2701360982936117,-0.2182019876538176
aug-cc-pVTZ,1-3-butadiene,12.823627085724524,6.223387420964779,6.132161207185991,1.1840653063267823,-0.6592830429098837,-1.100919790978713,11.555629032803475,6.339619803585562,6.226721576459407,1.1024016380187645,-0.8212674556314783,-1.025484511199078,11.45847543112771,6.154203683132415,6.045195305136239,1.014671658010088,-0.7930197450362092,-0.9434272272021544,11.430320335721554,6.222553881827893,6.10928519262914,1.0320139000956394,-0.824601611718371,-0.9596812378049456
aug-cc-pVTZ,isobutene,9.247744766535131,6.558377483723108,6.74055206367332,-0.0,-0.640968338805066,2.3153879537323845e-05,9.073720346391022,6.7942690215568255,7.017935320471078,-6.580723143587455e-11,-0.7878332801657042,-2.3153879537323845e-05,8.96684212320645,6.630154453431364,6.844837054455544,2.3153879537323845e-05,-0.7559967210718608,6.580723143587455e-11,9.00731507252376,6.707303118980616,6.929487571183853,2.3153879537323845e-05,-0.7823689689381731,6.580723143587455e-11
aug-cc-pVTZ,1-pentene,10.178344754805345,8.261390280561503,9.401115942978604,-0.0343603299233875,0.0060663116348509,1.92540563323359,10.364038721286484,8.529234146886752,9.501511084630843,0.1170659220208985,0.1950712803891522,1.857912128015185,10.128332414489064,8.366879272553211,9.317669426933318,0.0720316620541303,0.1429287850638475,1.8466361976302916,10.237896486120594,8.455604868921341,9.400930712468762,0.0956022927338723,0.1714080342570682,1.8579815895879892
aug-cc-pVTZ,water,1.3227337809777386,1.238453726322027,1.191034618671324,0.0445480288913278,-0.0653401961982295,-0.0312577125989645,1.453506788892347,1.4097922990720977,1.387657207607525,0.0259554783965802,-0.0304704813198642,-0.0181989348716492,1.4173867652428458,1.3609839594388422,1.3319953254222583,0.0327627135514568,-0.0400098720885064,-0.0229686302724221,1.4427633972103544,1.39108397914676,1.3648738080423657,0.0304704812869606,-0.0360042541202001,-0.0213710138346841
aug-cc-pVTZ,methanol,3.171338056789329,2.8353292233313585,2.701407290431963,0.0999552186978167,0.0065293888636576,0.0048391570064812,3.410748981417202,2.988515169001758,2.9079397321765,0.0786305125234963,0.0039361563955015,0.0037972332169884,3.328136004508804,2.938317597912408,2.842275381664748,0.0871279796013566,0.0046770799484308,0.0042371565662578,3.379815422835628,2.973789313198093,2.8842301782195343,0.085553517043156,0.0043529258652336,0.0041676949934531
aug-cc-pVTZ,ethanol,5.047449119380031,4.501295842128448,4.2060378045422375,-0.0266732480370685,-2.3153879537323845e-05,-2.3153879537323845e-05,5.3797533352707765,4.787940643897183,4.458785353517682,-0.0237327076390815,2.3153879537323845e-05,-6.580723143587455e-11,5.263706182633376,4.677079956064479,4.3695966800852615,-0.0232233226841037,6.580723143587455e-11,-0.0,5.342985003520688,4.742559075803162,4.427110871054142,-0.0235474768002046,-0.0,-0.0
aug-cc-pVTZ,methylformate,5.030870954792753,4.270868616180333,4.464712741941115,0.18416581174782,0.6960745283420878,0.211232675407987,5.518861732448412,4.632346696597503,4.870090542688376,0.2589296294815232,0.8536133997461067,0.2971103465672438,5.36058193828115,4.535841403022326,4.767287399670083,0.2376280772196438,0.8308763080716361,0.2726135614298884,5.474591550572183,4.607988834803179,4.845917911930351,0.2554797041285584,0.8539838614896678,0.2931047285660338
aug-cc-pVTZ,methylacetate,6.404450615223658,6.382037677731096,5.932111846447326,0.1043081445301467,1.0310182839336068,0.0799271287246708,6.895312471836114,6.94004573130309,6.385093986671275,0.0962969086593414,1.272304671356244,0.072726277847985,6.76852192751672,6.76111269238227,6.236168351413767,0.0875215951586477,1.2032598571959463,0.0657338117555206,6.861600449552663,6.892534008397466,6.343972729253375,0.0888645191188968,1.2578103542163377,0.0667525817970905
aug-cc-pVTZ,acetone,6.444367871432076,5.955450938594924,4.886946553830102,2.315381373009241e-05,-0.3657383909616768,9.261545234206396e-05,6.804827182728977,6.477987278197377,5.106352542594691,2.3153879537323845e-05,-0.4697686893322191,6.946150699750866e-05,6.704524656068426,6.29201546516179,5.01781217726286,2.3153879537323845e-05,-0.4363808214939051,9.261551814929538e-05,6.784451784529868,6.418620777918427,5.077549139087949,2.3153879537323845e-05,-0.4593262978867899,6.94615728047401e-05
aug-cc-pVTZ,acetaldehyde,4.913341955970795,4.067299868384284,3.4676148642854945,0.23390030557546,0.26714925013655,0.0890960577826556,5.199986756686614,4.4136816314516505,3.6349709729138926,0.2635835555833203,0.3469606095951487,0.100371988233356,5.127839325958677,4.29004001316996,3.567176467327309,0.2645328638546639,0.3221396704074997,0.1006961422178424,5.193596291198891,4.371541603860566,3.611909727320743,0.2683300970716523,0.3385557580354377,0.1021548355757781
aug-cc-pVTZ,acetic_acid,5.086347605941722,5.0154967908885,3.667664224497701,-0.1793498086866833,-0.0001620769593395,0.0001389231456094,5.622776261684496,5.523677736233428,3.903277916303429,-0.1257486200034429,-0.0001157692660721,9.261545234206396e-05,5.462736773725314,5.403185042410065,3.823721248861669,-0.1455451713457337,-0.0001157693318793,0.0001157693318793,5.584063006159104,5.492466331360634,3.877252976235333,-0.1264895435563722,-0.0001157692660721,0.0001389232114167
aug-cc-pVTZ,dimethyl_ether,4.942701051533518,4.344034817081455,4.524079241693607,-0.2302651493836184,0.1725657273784404,-0.3798159386647548,5.265002798834551,4.6181765328498185,4.825264667703252,-0.2342476134394837,0.1984980517967725,-0.3864610968273883,5.15071533998907,4.520837701190671,4.719127368137415,-0.2319553812078912,0.1900932001712543,-0.3826638635445926,5.2297163153748505,4.585668512828766,4.790256030271541,-0.234988536992413,0.1961826656856426,-0.3876882513899507
aug-cc-pVTZ,N-methylacetamide,7.180197579812928,6.015465747500919,7.590483999336897,-0.07494904857258,-0.9809364823735576,0.1546214848855692,7.821559533912056,6.418898623946418,8.356876803963496,-0.1166028448908027,-1.2073349368357682,0.2411011563205314,7.655407425966683,6.275529916092662,8.10431448655081,-0.1168112296092169,-1.139308892782848,0.2415873873959718,7.78154966218549,6.372776132760119,8.286025989436734,-0.1222060792639433,-1.1920070807563976,0.2527243947010628
aug-cc-pVTZ,dimethyl_sulfide,7.609655395800065,6.285624999147609,6.92337495172412,-0.2567068588227354,0.5586100545715786,-0.442632363967633,7.904172510820453,6.546893168422378,7.206037288844725,-0.2573320129121708,0.5774804515220632,-0.4439289803004219,7.754691183506965,6.429827247191167,7.06720673769508,-0.2576098593350042,0.5583322082803597,-0.4442994421097901,7.837118929379065,6.500400215163482,7.144540633227715,-0.2588601680403329,0.5642827504517167,-0.446499058691619
aug-cc-pVTZ,dimethyl_sulfone,7.417848810385651,6.949862968856505,7.248733009018248,0.0293127883301065,-0.0382038707020289,-0.2307745341411744,8.136544662649703,7.659575121124654,7.972800557123296,0.0283403259159967,-0.0401024877711738,-0.2229253750322869,7.896485431237388,7.441095287541557,7.734037940859239,0.0281319412633897,-0.0375092553688249,-0.2215361435761921,8.053746452599176,7.581407684875759,7.888613117459276,0.02857186471137,-0.0393615641524373,-0.2250555306335761
aug-cc-pVTZ,fluoromethane,2.451993897740834,2.2695414717626314,2.269541471236173,2.3153879537323845e-05,-0.0,-0.0,2.6358355554383603,2.3920717054059044,2.3921643209240537,2.315381373009241e-05,2.3153879537323845e-05,-2.315381373009241e-05,2.5874902933958515,2.3533584493540545,2.353265833835905,2.315381373009241e-05,-2.3153879537323845e-05,6.580723143587455e-11,2.6230546244629145,2.3798464664864385,2.3798464664864385,2.3153879537323845e-05,-0.0,-0.0
aug-cc-pVTZ,phosphine,4.319399108206225,4.30161694346238,4.443318573568821,0.0005325387029005,0.0015976165035451,0.0505911866466414,4.403957009942842,4.376079761091134,4.597523289149177,0.0008798467643459,0.0025006171474284,0.0788388971761033,4.351073590143307,4.32745665196772,4.515095543277077,0.0007409237503509,0.0020838475789855,0.0668683510631627,4.375524067982238,4.35005482049658,4.552697414164052,0.000810385125734,0.0022690783520552,0.0722168931562361
aug-cc-pVTZ,hydrogen_sulfide,3.4826185661171496,3.510032738431027,3.4735422527089286,0.0078028512181983,0.0168791648896483,-0.0202596285381938,3.5672690823190005,3.664978376050745,3.5796795522747646,0.0012734624532515,0.039130025357064,-0.00338046378016,3.523647208016901,3.599221409757615,3.529852442468325,0.003033155850329,0.0318597129733807,-0.0078028512181983,3.546986299638041,3.6361749741233753,3.557081382692988,0.0019449244333761,0.0363284083021082,-0.005001234031628
aug-cc-pVTZ,silane,4.380803149358001,4.380803149358001,4.380803149358001,1.3161446287174908e-10,-0.0,-2.3153879537323845e-05,4.533711248737182,4.5336186321661165,4.5336186332190325,2.3153747922860973e-05,-1.3161446287174908e-10,-2.3153879537323845e-05,4.543528485237681,4.543528485237681,4.543528485237681,-1.3161446287174908e-10,-2.3153879537323845e-05,-2.3153879537323845e-05,4.574276813046186,4.574276813046186,4.574276813046186,2.3153879537323845e-05,1.3161446287174908e-10,-4.630762746018482e-05
aug-cc-pVTZ,ammonia,1.888151070605483,1.8818532203726803,1.937978179885465,0.002755309476851,0.0077565434920273,0.0205837825884875,2.037354552022596,2.013274536387876,2.2299020614505896,0.010627622284306,0.0297064038873976,0.0789778204533273,1.9885462127841835,1.9691895847582583,2.143399236201897,0.0085437747711276,0.023917938593121,0.0636036566477857,2.0189240785200915,1.9966037564140635,2.1961900395619818,0.0097477755693154,0.0273910177598159,0.0727957395359523
aug-cc-pVTZ,dimethyl_amine,5.571096843620902,4.886853938311952,5.261853873323306,-0.1535332534686162,-0.1876157370349776,0.2909282656005135,5.929703845081276,5.120152243216864,5.6776972202510265,-0.2065324416787296,-0.1613361046868146,0.2589296294815232,5.786798214291809,5.027351568261827,5.524789121398304,-0.1885187376130536,-0.1646702606420927,0.2624258625277554,5.875616425651631,5.087088530086915,5.6206461068728935,-0.1993547446157739,-0.1619381050283272,0.2594390143706938
aug-cc-pVTZ,trimethyl_amine,7.12064584849768,7.1447258642640135,6.565231027328035,0.0755973567389745,-0.2034298241897885,0.2384847700386452,7.597893235524261,7.616972016995739,7.154820947845419,0.0601537313277245,-0.1617528741894503,0.1894911998297417,7.405345725438195,7.424980200018568,6.950048199366345,0.0618208093382672,-0.1662678770140235,0.1947934340321261,7.526208880807697,7.544917200733034,7.091471983971255,0.0589960382721596,-0.1586039489414346,0.1857634281197508
aug-cc-pVTZ,acetonitrile,5.682976300573873,3.4867862612751206,3.4867862612751206,-0.0,-2.315381373009241e-05,2.3153879537323845e-05,5.724097558518232,3.5481903008475237,3.5481903008475237,-2.315381373009241e-05,-0.0,2.3153879537323845e-05,5.700573235334336,3.5127185852986096,3.512718585825067,-2.3153879537323845e-05,-0.0,2.3153879537323845e-05,5.774017283316363,3.549486917575156,3.549486917575156,-2.315381373009241e-05,-2.3153879537323845e-05,2.3153879537323845e-05
aug-cc-pVTZ,imidazole,7.823689688723658,8.095238173142588,4.956315521645849,-0.1191729234794214,0.0038203870965257,-0.0040750795082074,8.0816237025038,8.4314322371104,5.040410345265262,-0.1620770282397439,0.004121387267282,-0.0042603104786987,8.001696574042358,8.226566873639635,4.937885048801418,-0.1000246802377179,0.0039593102421352,-0.0042371565991614,8.116447109952126,8.34011340833992,4.9909536980578775,-0.1163944601065812,0.0040287718807472,-0.0043297720515035
aug-cc-pVTZ,pyrrole,8.779388462933388,9.06742249589499,5.738916029840047,0.0021764629655204,0.0013197701465189,-0.0009030006438833,8.928314098190897,9.3370260554857,5.789669293248606,0.0030794634777892,0.0012734623874443,-0.0009261544576134,8.843941428017036,9.105857905392392,5.644911353149069,0.0019680781812989,0.0012966162011744,-0.000972462216688,8.917200244962766,9.226628445770205,5.702240313608107,0.0023385399906672,0.0013197700807117,-0.0009724621508808
aug-cc-pVTZ,pyrazole,7.791459514730596,8.099961560882997,4.970393069348928,-0.0883088264706516,0.0012734623874443,-0.0059273884234342,8.161550831491699,8.328073400983211,5.079864524935849,-0.1725888811263633,0.0015281548649332,-0.0065525427760985,7.979376252067944,8.21823148385015,4.966040143681116,-0.1158619212720662,0.0014123854672465,-0.0063673118714144,8.09996156035654,8.29195337733371,5.018645716399745,-0.127971390728038,0.0014355394125911,-0.0065293888965612
aug-cc-pVTZ,furan,7.685044368610312,8.20693239958572,5.129135942159851,0.0320680977576021,-0.0024543092567393,0.0196576281966813,7.710050538505223,8.445602400331628,5.142657796754033,0.0451500292986475,-0.0025469247090814,0.0197039358241415,7.677079440893425,8.222306563489973,5.0293891080817374,0.0334804832248487,-0.0025469247090814,0.0203290901109986,7.727184395674938,8.343354949369315,5.074678060657609,0.0378102552763523,-0.0025700785886187,0.020375397804266
aug-cc-pVTZ,thiophene,11.103109971223189,10.05146159549426,6.5435590139806665,0.0033341557578564,0.0002315387953732,0.0225518607697864,11.21962020039842,10.40284459338294,6.596349817209137,0.0026163862818861,0.0003010004339852,0.022945476458692,11.124504138016109,10.129258569670558,6.466688192880031,0.0031720788643241,0.0002315387953732,0.0230843997359159,11.19544756806102,10.260494654649454,6.516885763706152,0.0029868483544833,0.0002546924116816,0.0231770149908363
aug-cc-pVTZ,pyridine,10.353202714086342,11.036426849748564,6.037508223447341,-0.0245199389510854,-0.0068072351877802,-0.006969312212927,10.69930663112572,11.339001507477532,6.018522056441098,-0.0229223225133475,-0.0073860817155627,-0.0075481587407095,10.43590830651289,11.049485627804916,5.926277074594957,-0.021973014242004,-0.0071082353585365,-0.0072703123836833,10.526300980628331,11.129968448848796,5.961841404609104,-0.0216488601917103,-0.0071545431176111,-0.0073629278360253
aug-cc-pVTZ,phenol,12.859376646774969,11.995181933424933,6.86863922366743,-0.1925706631759165,0.0110906994802091,0.0222740144785675,13.590019890351124,12.350084316791625,6.92633864514615,-0.2039855168380337,0.011715853701259,0.0248209391218417,13.202516869865857,12.041952733238276,6.790379174006218,-0.1982433591876691,0.0113453920235052,0.0238716308504982,13.373948058134076,12.139106333861124,6.845300130993375,-0.2042402093813298,0.0114380072784255,0.0242884004189411
aug-cc-pVTZ,chlorobenzene,15.642378143678917,12.562266300405147,7.664298509391521,0.0162540108002129,0.0025237707637368,0.0721011234953206,16.224188367515712,12.890680666639454,7.720608698098002,0.0175737808809246,0.0026626940409608,0.0768939728743417,15.814457639521269,12.596626631315644,7.598078465507644,0.0169949338924915,0.0025700787860404,0.0742544327129182,15.977738668509843,12.691094384017994,7.65142496184501,0.0173422420855514,0.0025932324023488,0.0752732028861026
aug-cc-pVTZ,fluorobenzene,11.602585062600202,11.507654232307106,6.493083595547182,-0.0006020006047414,-4.630762746018482e-05,-0.0012734623216371,12.09002014819988,11.794206418031234,6.494843289339102,-0.001898616542687,-4.630762746018482e-05,-0.001481846974244,11.780962408412124,11.505801922997035,6.379259213239532,-0.0017365396491546,-6.946150699750866e-05,-0.0014123854672465,11.89839879276885,11.586099514057532,6.420750933782945,-0.0019912320608362,-4.630762746018482e-05,-0.0014355393467839
aug-cc-pVTZ,toluene,14.585265458696677,12.82436800934326,7.950943309580882,-0.0037740793374511,-0.2815509518241144,-0.0333415599476248,15.08242516633162,13.15315283870308,7.961871933352089,-0.0042140027854313,-0.299958271578696,-0.0377871015284294,14.665655664222406,12.829554475200874,7.823411843222126,-0.0039361563625979,-0.289261187655778,-0.0348234073167123,14.800688982286676,12.927078536843403,7.874350337140526,-0.004051925891899,-0.2919470354446617,-0.0360042541202001
aug-cc-pVTZ,benzene,11.654171865672105,11.653986634635809,6.687483413890402,-0.0002315385321443,0.0453121062579871,0.0251682470516726,11.897380023648582,11.897009561575985,6.6172809069377685,-0.0002315385321443,0.0481600312694393,0.0267195557961431,11.599528753133564,11.599343522623723,6.499474061034904,-0.0002315386637587,0.0465161070726267,0.0258165552180671,11.673991570762318,11.67362110921618,6.53225992866332,-0.0002315386637587,0.0469097227615323,0.0260249399364813
aug-cc-pVTZ,cytosine,13.913710870424396,10.86295812218689,6.413156466559282,-0.0680028903708048,0.0108591608164503,0.0188935508300219,15.686740942126212,12.12530663218604,6.80529025874035,-0.2257964539890837,0.0189167047095592,0.0443627980524509,15.254875124246569,11.697701124982514,6.631080608086399,-0.1854855818285318,0.0164855492007427,0.0413527960816591,15.56837840364091,11.989161928956891,6.728697286299994,-0.1746264210120815,0.0181989348387456,0.0442701825343016
aug-cc-pVQZ,bromine,9.224683525153646,5.118670392820643,5.118670392820643,-0.0,-0.0,-0.0,9.007592927501536,5.310754832159915,5.310754832159915,-0.0,-0.0,-0.0,9.02852399880414,5.2307350750188775,5.2307350750188775,-0.0,-0.0,-0.0,9.020929528421732,5.286860030583228,5.286860030583228,-0.0,-0.0,-0.0
aug-cc-pVQZ,chlorine,6.263212062707963,3.5432816841766472,3.5432816841766472,-0.0,-0.0,-0.0,6.193935709883906,3.717213488276151,3.717213488276151,-0.0,-0.0,-0.0,6.185970781640561,3.650900829927041,3.650900829927041,-0.0,-0.0,-0.0,6.195417556068464,3.69276301043722,3.69276301043722,-0.0,-0.0,-0.0
aug-cc-pVQZ,nitrogen,2.2701897798632182,1.4725855703638242,1.4725855703638242,-0.0,-0.0,-0.0,2.14608508425401,1.508890824786395,1.508890824786395,-0.0,-0.0,-0.0,2.206840815725825,1.505371437729011,1.505371437729011,-0.0,-0.0,-0.0,2.227401444698004,1.5240797576543488,1.5240797576543488,-0.0,-0.0,-0.0
aug-cc-pVQZ,oxygen,2.7630891768220427,1.1641761397295711,1.1641761397295711,-0.0,-0.0,-0.0,1.7548774459382896,1.176586609158878,1.176586609158878,-0.0,-0.0,-0.0,2.323351045164286,1.2028893952549635,1.2028893952549635,-0.0,-0.0,-0.0,2.300938107145265,1.2177078665767782,1.2177078665767782,-0.0,-0.0,-0.0
aug-cc-pVQZ,carbon_monoxide,2.1624780178049887,1.6750429324685392,1.6750429324685392,-0.0,-0.0,-0.0,2.3290932025514217,1.7734005345641,1.7734005345641,-0.0,-0.0,-0.0,2.291491332190905,1.7385771276422308,1.7385771276422308,-0.0,-0.0,-0.0,2.308717805141999,1.76173098875353,1.76173098875353,-0.0,-0.0,-0.0
aug-cc-pVQZ,nitrogen_monoxide,1.3525124750301698,1.2905160729801417,2.145247072067989,0.0,0.0,0.0,1.475048631324272,1.3161300231973172,1.9167645582591213,0.0,0.0,0.0,1.458724985944043,1.3375513083606254,2.18117154663376,0.0,0.0,0.0,1.486732561542718,1.3542314994266054,2.184951574023632,0.0,0.0,0.0
aug-cc-pVQZ,sulfur_monoxide,4.741725537192734,2.848665847678929,2.848665847678929,-0.0,-0.0,-0.0,3.93356316599473,2.919053584614945,2.919053584614945,-0.0,-0.0,-0.0,4.4832358303036965,2.92109112601423,2.92109112601423,-0.0,-0.0,-0.0,4.44063272670124,2.9522099148424163,2.9522099148424163,-0.0,-0.0,-0.0
aug-cc-pVQZ,carbon_dioxide,3.539577064503591,1.7800688468694996,1.7800688468694996,-0.0,-0.0,-0.0,4.10249373737875,1.9232523242134143,1.9232523242134143,-0.0,-0.0,-0.0,3.936897322542273,1.871017213567382,1.871017213567382,-0.0,-0.0,-0.0,3.988761971642166,1.9004689246482545,1.9004689246482545,-0.0,-0.0,-0.0
aug-cc-pVQZ,sulfur_dioxide,4.324215111991241,3.1419789588575453,3.388799119936013,0.5040132496604983,-0.4562236802004272,-0.6584495037729979,4.72551783309868,3.3932446627013477,3.701561477290993,0.5052172506067524,-0.5699091387043947,-0.6600239665286203,4.619658379034376,3.299239984430996,3.591441713603484,0.5283942658608177,-0.5403416579626066,-0.6903092164831497,4.677450418137076,3.352586480768362,3.6521974450752994,0.5169099505600885,-0.553956128338167,-0.6753286690574897
aug-cc-pVQZ,ethene,5.370213944271809,3.5667133902630206,3.4066739017773804,-0.0,0.0867343639453546,-0.0,5.020312794147059,3.616170037470405,3.359532640417896,-0.0,0.1394325519518081,-0.0,4.997529394845128,3.542818605269756,3.266731964673173,-0.0,0.1501759435350899,-0.0,4.987526926781872,3.5722703166138574,3.2885892098465264,-0.0,0.1543436385614466,-0.0
aug-cc-pVQZ,propane,5.988977730105305,5.574430999905216,5.512193421195928,0.2235505296152766,-0.2338076900902143,-0.1957195884568359,6.26904683508679,5.782908365951514,5.707982470995243,0.25538708870912,-0.281550951857018,-0.2236199911880813,6.128086128072627,5.673622141137662,5.604623634604825,0.2420967723838532,-0.2595779375492068,-0.2119735989938198,6.202641560956302,5.733081256408304,5.661396902218197,0.2490197768706092,-0.2694646362805836,-0.2180399106615744
aug-cc-pVQZ,1-3-butadiene,12.81732923575495,6.235056966775349,6.142719368884601,1.1821666897840957,-0.6690076645503065,-1.099160097450021,11.53821732907931,6.330821336205332,6.216163415813712,1.099623174711731,-0.8345346181430151,-1.0228449710376546,11.457641891990823,6.144015984559317,6.03389622034535,1.015204196844603,-0.8020497509485844,-0.9439134582775948,11.416613250091071,6.211069566527164,6.096504261653694,1.0308562069742673,-0.8346966952339692,-0.958593006256378
aug-cc-pVQZ,isobutene,,,,,,,,,,,,,,,,,,,,,,,,
aug-cc-pVQZ,1-pentene,,,,,,,,,,,,,,,,,,,,,,,,
aug-cc-pVQZ,water,1.329587324056208,1.2516977348882192,1.2069644751580144,0.0400561798146774,-0.0616818861597541,-0.028131941329197,1.459341561797632,1.4254443090043405,1.4072916816614405,0.0187777814323353,-0.0249830162127957,-0.0131513931138501,1.4187759972253984,1.369967657592143,1.3434796404597584,0.0267658634894106,-0.0364904851956405,-0.0187777813994317,1.4450787833214842,1.4021052171199715,1.3789513557454436,0.0238253231243272,-0.0318828668200144,-0.016740241645328
aug-cc-pVQZ,methanol,3.1731903655729417,2.8382929178063043,2.7083534490285817,0.0989827565140323,0.0063441579589735,0.0047696953678692,3.408063133233475,2.9862923981455487,2.9120148112898643,0.076986588392491,0.0036120023123043,0.0037277716441837,3.319059690837354,2.932204978452675,2.839959995553618,0.0861555173846685,0.004468695197113,0.0041676950263567,3.3724061871747204,2.968695463648316,2.883859716410166,0.0843495162285164,0.004121387267282,0.0040750795740146
aug-cc-pVQZ,ethanol,5.047912196970777,4.503055535920368,4.21002026866391,-0.0271826329920462,-0.0,2.3153879537323845e-05,5.371232714444994,4.781087100818714,4.454802889396008,-0.0240800156347196,-2.315381373009241e-05,-2.3153879537323845e-05,5.248332018729124,4.664021178534586,4.35913113443126,-0.0241957848349846,-0.0,2.315381373009241e-05,5.32927791736375,4.731074760502433,4.418312403673911,-0.0243810158712831,-2.315381373009241e-05,-2.315381373009241e-05
aug-cc-pVQZ,methylformate,5.033834649267699,4.276888619595459,4.469528744673216,0.1842352733206248,0.6915826792654375,0.2113021370465989,5.510618958703534,4.629660848677005,4.8658302325387135,0.2586980908835717,0.8482417039709177,0.2968325002102176,5.341595771801365,4.524634934276045,4.753765544022985,0.2367482304552978,0.8225872257779974,0.2716410992790076,5.458013385458447,4.599097751904799,4.834896674220368,0.2549008576665832,0.8465746259603749,0.2924564204654467
aug-cc-pVQZ,methylacetate,,,,,,,,,,,,,,,,,,,,,,,,
aug-cc-pVQZ,acetone,6.442422947130313,5.960915250480527,4.894170558454711,2.315381373009241e-05,-0.3651826983134317,9.261545234206396e-05,6.789823480370864,6.471318966155207,5.10440761829293,2.3153879537323845e-05,-0.4681479190149438,6.946163861197154e-05,6.681926487013107,6.274048068328731,5.010773403148091,2.315381373009241e-05,-0.4326298959701841,9.261551814929538e-05,6.76389115529446,6.402690921431737,5.071714365656206,2.315381373009241e-05,-0.4558763725996324,6.94615728047401e-05
aug-cc-pVQZ,acetaldehyde,4.912693647343749,4.07480171956334,3.476413331665725,0.2332751512227957,0.2665472497950375,0.0888413653051667,5.189891673631666,4.412755476796615,3.637749435826082,0.2640697865929535,0.3453398393436807,0.1005340651926956,5.110149775680066,4.280685853207291,3.5652315430255475,0.265088556502909,0.3188055143864144,0.1009276808816012,5.17748120420236,4.364039753207967,3.611076188183857,0.2690941745041189,0.3354994483713786,0.1024326818011898
aug-cc-pVQZ,acetic_acid,5.092367610409763,5.01744171571672,3.6793337713611862,-0.1773354226805025,-0.0001389232114167,0.0001157693318793,5.618238104980386,5.515990654018073,3.908464381108127,-0.1238268495812186,-9.261545234206396e-05,0.0001157692660721,5.445880762583588,5.3833653367933945,3.821868940078057,-0.1452210172296329,-0.0001389231456094,0.0001389230798022,5.569614996909887,5.475702936263516,3.8770677451990343,-0.1260264662946619,-0.0001157692660721,0.0001157692660721
aug-cc-pVQZ,dimethyl_ether,4.943627206188554,4.348017281203127,4.526302012023359,-0.2299178413879802,0.1709912647544326,-0.3793297075235072,5.257964024719782,4.61502760839149,4.819707741352414,-0.2341086902938743,0.1963215888312521,-0.3862064042840922,5.136452561776151,4.510835233127415,4.7064390521536605,-0.2318164579964744,0.1876851986735895,-0.382432324946641,5.217213229900937,4.577425737504515,4.779512638063091,-0.2348033061535361,0.1937515102426333,-0.3874104050987317
aug-cc-pVQZ,N-methylacetamide,,,,,,,,,,,,,,,,,,,,,,,,
aug-cc-pVQZ,dimethyl_sulfide,7.62382555954775,6.308593629749068,6.941342347504263,-0.2558270120583894,0.5541413593744656,-0.4411736707413117,7.909266359054087,6.55782179114067,7.212520369850597,-0.2579571672648352,0.5734285256301642,-0.4450403655969122,7.7497825642038,6.4274192447722,7.062575964946363,-0.2582118598081312,0.5563178223399861,-0.4453876733951287,7.834247850422268,6.500029753090884,7.141576938752769,-0.2597631684209873,0.5619905183517386,-0.448050367567704
aug-cc-pVQZ,dimethyl_sulfone,,,,,,,,,,,,,,,,,,,,,,,,
aug-cc-pVQZ,fluoromethane,2.4538462065244464,2.2786177851708524,2.278710400162544,2.315381373009241e-05,-0.0,6.580723143587455e-11,2.6338906311365986,2.3999440181311003,2.3999440181311003,2.3153879537323845e-05,-0.0,-2.3153879537323845e-05,2.580451519807541,2.35669260537514,2.356785220366831,2.3153879537323845e-05,-6.580723143587455e-11,-2.3153879537323845e-05,2.6176829286219183,2.3850329312911365,2.384940315772987,2.315381373009241e-05,-2.3153879537323845e-05,-0.0
aug-cc-pVQZ,phosphine,4.320880955443698,4.301987405534977,4.452487503548108,0.0006020003415125,0.0016902320216944,0.05376326564258,4.400715468913448,4.3721899124876105,4.599746060531844,0.0009030006438833,0.0025237707637368,0.0810848219118502,4.3461649718930575,4.321992340608574,4.514354619131884,0.000740923487122,0.0021764629655204,0.06858173683278,4.371541604913482,4.345424049853694,4.553160491754799,0.0008103852573484,0.0023385399906672,0.0740228940491594
aug-cc-pVQZ,hydrogen_sulfide,3.510958892559604,3.5459675310442296,3.503827502926687,0.0073629279018326,0.0195418589306091,-0.0189630123370194,3.5935718694680023,3.6910033166452982,3.607186339053876,0.0006020003415125,0.0386206405337007,-0.0015281548649332,3.541985065869641,3.6100574180106726,3.548097685855832,0.0024080014976647,0.0286644802295193,-0.0062283885941905,3.5673616988900654,3.649233751653269,3.577364166426864,0.0013197700807117,0.0331794830540925,-0.0034036176596973
aug-cc-pVQZ,silane,4.368948372511133,4.368948372511133,4.368855755940068,-0.0,-0.0,-4.630762746018482e-05,4.522412163946293,4.522412163946293,4.522412163946293,2.315401115178672e-05,-0.0,-2.3153879537323845e-05,4.53019186115334,4.530099246688106,4.53009924563519,2.3153879537323845e-05,-0.0,-6.946150699750866e-05,4.562422037252234,4.562422036199318,4.562422036199318,2.3153879537323845e-05,-0.0,-4.630775907464769e-05
aug-cc-pVQZ,ammonia,1.8929670738640412,1.8855578383347489,1.951036957546973,0.0032183867056577,0.0090068519834825,0.0239642463192921,2.040503477138997,2.0152194606896376,2.2419420693337564,0.0110906994966609,0.0310956355573659,0.0827287459605965,1.986879134773641,1.9668741986471288,2.146455545931764,0.008821621111702,0.0246588621625021,0.0655485809824509,2.018738847747022,1.995677601890643,2.201839581825812,0.0101182373293282,0.0282940183543438,0.0752500487926917
aug-cc-pVQZ,dimethyl_amine,,,,,,,,,,,,,,,,,,,,,,,,
aug-cc-pVQZ,trimethyl_amine,,,,,,,,,,,,,,,,,,,,,,,,
aug-cc-pVQZ,acetonitrile,5.68075353077058,3.496510882783929,3.496510883310387,-2.315381373009241e-05,2.3153879537323845e-05,4.630775907464769e-05,5.7129837047636425,3.5480050698112247,3.548097685855832,-2.315381373009241e-05,-0.0,2.3153879537323845e-05,5.686866149703855,3.510495814968858,3.510495814968858,-4.6307693267416255e-05,-0.0,4.630775907464769e-05,5.759384042504389,3.5476346082650854,3.5476346082650854,-0.0,-2.3153879537323845e-05,4.6307693267416255e-05
aug-cc-pVQZ,imidazole,,,,,,,,,,,,,,,,,,,,,,,,
aug-cc-pVQZ,pyrrole,,,,,,,,,,,,,,,,,,,,,,,,
aug-cc-pVQZ,pyrazole,7.797294287635881,8.108389566190631,4.968262914010867,-0.0887719037323619,0.0012734623874443,-0.0059736961825088,8.149047746544243,8.323072166688355,5.055784509169516,-0.1718942653325087,0.001551308612856,-0.0065525427102913,7.958723007840845,8.2051727057938,4.940478281203767,-0.1160703060562876,0.0014123854672465,-0.0063904657509517,8.07949354716574,8.279079830840116,4.992435545295351,-0.1281566215669149,0.0014586932263212,-0.0065293888965612
aug-cc-pVQZ,furan,,,,,,,,,,,,,,,,,,,,,,,,
aug-cc-pVQZ,thiophene,,,,,,,,,,,,,,,,,,,,,,,,
aug-cc-pVQZ,pyridine,,,,,,,,,,,,,,,,,,,,,,,,
aug-cc-pVQZ,phenol,,,,,,,,,,,,,,,,,,,,,,,,
aug-cc-pVQZ,chlorobenzene,,,,,,,,,,,,,,,,,,,,,,,,
aug-cc-pVQZ,fluorobenzene,,,,,,,,,,,,,,,,,,,,,,,,
aug-cc-pVQZ,toluene,,,,,,,,,,,,,,,,,,,,,,,,
aug-cc-pVQZ,benzene,,,,,,,,,,,,,,,,,,,,,,,,
aug-cc-pVQZ,cytosine,,,,,,,,,,,,,,,,,,,,,,,,
aug-cc-pV5Z,bromine,9.231722291898004,5.120893156832901,5.120893156832901,-0.0,-0.0,-0.0,8.987402755074147,5.285192970209024,5.285192970209024,-0.0,-0.0,-0.0,9.012408930233637,5.207766468634481,5.207766468634481,-0.0,-0.0,-0.0,9.00296213685325,5.266299417141556,5.266299417141556,-0.0,-0.0,-0.0
aug-cc-pV5Z,chlorine,6.264508677856221,3.544393066182776,3.544393066182776,-0.0,-0.0,-0.0,6.191898170590453,3.704432557300705,3.704432557300705,-0.0,-0.0,-0.0,6.181154778908461,3.636823281697505,3.636823281697505,-0.0,-0.0,-0.0,6.190972015408961,3.6794263863528784,3.6794263863528784,-0.0,-0.0,-0.0
aug-cc-pV5Z,nitrogen,2.269819318317079,1.472585570627053,1.472585570627053,-0.0,-0.0,-0.0,2.142380466423556,1.506297592384046,1.506297592384046,-0.0,-0.0,-0.0,2.2029509671223018,1.502407743517294,1.502407743517294,-0.0,-0.0,-0.0,2.223141134021884,1.5213012942157014,1.5213012942157014,-0.0,-0.0,-0.0
aug-cc-pV5Z,oxygen,2.7647562545693565,1.166954602641761,1.166954602641761,-0.0,-0.0,-0.0,1.7535808292106572,1.1752899929577034,1.1752899929577034,-0.0,-0.0,-0.0,2.3229805830916885,1.2028893952549635,1.2028893952549635,-0.0,-0.0,-0.0,2.3000119535431462,1.218263559685674,1.218263559685674,-0.0,-0.0,-0.0
aug-cc-pV5Z,carbon_monoxide,2.1609035553125957,1.6752281632416088,1.6752281632416088,-0.0,-0.0,-0.0,2.3243698150742413,1.771362995007418,1.771362995007418,-0.0,-0.0,-0.0,2.2857491748037693,1.7357986642035834,1.7357986642035834,-0.0,-0.0,-0.0,2.303160878001475,1.7591377560879522,1.7591377560879522,-0.0,-0.0,-0.0
aug-cc-pV5Z,nitrogen_monoxide,1.354356372596689,1.2920232586340068,2.146347544814519,0.0,0.0,0.0,1.4767576030080336,1.316780834604988,1.9092595135867376,0.0,0.0,0.0,1.4583435651248091,1.3377576761532033,2.179689678337973,0.0,0.0,0.0,1.4871821986645162,1.3549806836954896,2.1840052291835343,0.0,0.0,0.0
aug-cc-pV5Z,sulfur_monoxide,4.728296297590243,2.853667081447328,2.853667081447328,-0.0,-0.0,-0.0,3.929858548427505,2.916830814285193,2.916830814285193,-0.0,-0.0,-0.0,4.467028128315475,2.916089891192915,2.916089891192915,-0.0,-0.0,-0.0,4.426740409508002,2.9485052972751915,2.9485052972751915,-0.0,-0.0,-0.0
aug-cc-pV5Z,carbon_dioxide,3.539577065030049,1.7824768482355495,1.7824768482355495,-0.0,-0.0,-0.0,4.099530043430262,1.9241784788684493,1.9241784788684493,-0.0,-0.0,-0.0,3.930414241536401,1.870091058912347,1.870091058912347,-0.0,-0.0,-0.0,3.983575506837468,1.9000984631021152,1.9000984631021152,-0.0,-0.0,-0.0
aug-cc-pV5Z,sulfur_dioxide,4.312082488589924,3.143460807147934,3.3877803502892863,0.4974375533997058,-0.451569754361859,-0.6499057290676775,4.711532903546041,3.389910506153804,3.6957267049121656,0.501257940627846,-0.5653246739779806,-0.6548375017239225,4.596689751591665,3.2920159824386768,3.580698321921491,0.5220964153647862,-0.533904884979038,-0.6820664422118144,4.657630711993948,3.346381248422769,3.642750670647397,0.5118624087693858,-0.5480518937942701,-0.6687066645111646
aug-cc-pV5Z,ethene,,,,,,,,,,,,,,,,,,,,,,,,
aug-cc-pV5Z,propane,,,,,,,,,,,,,,,,,,,,,,,,
aug-cc-pV5Z,1-3-butadiene,,,,,,,,,,,,,,,,,,,,,,,,
aug-cc-pV5Z,isobutene,,,,,,,,,,,,,,,,,,,,,,,,
aug-cc-pV5Z,1-pentene,,,,,,,,,,,,,,,,,,,,,,,,
aug-cc-pV5Z,water,1.3308839402573824,1.2550318909093046,1.2111321700527566,0.0385974865554526,-0.0605936546769939,-0.0270668636930705,1.4594341770525523,1.429426772862784,1.412755993020586,0.0161613950846419,-0.02287601482008,-0.0113222381110642,1.4178498425703634,1.3714495048296158,1.3457950265708885,0.0247283237353069,-0.0354485614390513,-0.0173422420197441,1.444708321775345,1.4046984495223205,1.3824707425395986,0.0215330908927346,-0.0304473274732305,-0.0151194713609563
aug-cc-pV5Z,methanol,,,,,,,,,,,,,,,,,,,,,,,,
aug-cc-pV5Z,ethanol,,,,,,,,,,,,,,,,,,,,,,,,
aug-cc-pV5Z,methylformate,,,,,,,,,,,,,,,,,,,,,,,,
aug-cc-pV5Z,methylacetate,,,,,,,,,,,,,,,,,,,,,,,,
aug-cc-pV5Z,acetone,,,,,,,,,,,,,,,,,,,,,,,,
aug-cc-pV5Z,acetaldehyde,,,,,,,,,,,,,,,,,,,,,,,,
aug-cc-pV5Z,acetic_acid,,,,,,,,,,,,,,,,,,,,,,,,
aug-cc-pV5Z,dimethyl_ether,,,,,,,,,,,,,,,,,,,,,,,,
aug-cc-pV5Z,N-methylacetamide,,,,,,,,,,,,,,,,,,,,,,,,
aug-cc-pV5Z,dimethyl_sulfide,,,,,,,,,,,,,,,,,,,,,,,,
aug-cc-pV5Z,dimethyl_sulfone,,,,,,,,,,,,,,,,,,,,,,,,
aug-cc-pV5Z,fluoromethane,,,,,,,,,,,,,,,,,,,,,,,,
aug-cc-pV5Z,phosphine,4.319769570278822,4.300783404851952,4.452024424904446,0.0006251542210498,0.00169023189008,0.0539948043063387,4.391546539987078,4.363391444580922,4.587613436077612,0.0008798467643459,0.0024774630046622,0.0798576670860588,4.337181274002986,4.3134717203092485,4.501388457120139,0.0007177697391991,0.0021070013269084,0.0669146588222373,4.36255790702341,4.336996044019602,4.540657406280885,0.0007872313778111,0.0022922322315925,0.0725642009544526
aug-cc-pV5Z,hydrogen_sulfide,3.511977661153415,3.5472641461924885,3.5054019646293937,0.0071082354901509,0.0194955511715345,-0.0184073197545815,3.5860700188154038,3.674054690511882,3.598480487718252,0.000463077195903,0.0348465609330207,-0.0011576930555649,3.5339275231610627,3.591997405659464,3.5385582948568644,0.0024311555088165,0.0247514774832297,-0.0062515424737278,3.559582001683019,3.631451585856509,3.568287853018643,0.0012503084420997,0.0291970190640343,-0.0032646945140878
aug-cc-pV5Z,silane,4.366818216646615,4.366818216646615,4.366818216646615,2.3153879537323845e-05,-2.3153879537323845e-05,-2.3153747922860973e-05,4.521949087408463,4.521949087408463,4.521949086355547,1.3161446287174908e-10,-2.3153747922860973e-05,-2.3153747922860973e-05,4.525561088404622,4.525561088404622,4.525561088404622,2.3153879537323845e-05,-2.3153879537323845e-05,-4.630775907464769e-05,4.558810034150243,4.558902648615476,4.558902649668392,4.630762746018482e-05,-0.0,-4.630775907464769e-05
aug-cc-pV5Z,ammonia,1.8938006127376985,1.8859283000125024,1.9554824989961632,0.0034267714569756,0.009585698511265,0.0254924011513216,2.0392068609378224,2.013367151906025,2.245276225354842,0.0113685458372353,0.0318134052472097,0.0846042087060052,1.9846563640490456,1.9643735816313144,2.1470112385142013,0.0089605442737633,0.0250987855117715,0.0666831201749304,2.0168865387001804,1.9935474466841967,2.20350665970474,0.0103034682175606,0.0288497110190407,0.0766392804791119
aug-cc-pV5Z,dimethyl_amine,,,,,,,,,,,,,,,,,,,,,,,,
aug-cc-pV5Z,trimethyl_amine,,,,,,,,,,,,,,,,,,,,,,,,
aug-cc-pV5Z,acetonitrile,,,,,,,,,,,,,,,,,,,,,,,,
aug-cc-pV5Z,imidazole,,,,,,,,,,,,,,,,,,,,,,,,
aug-cc-pV5Z,pyrrole,,,,,,,,,,,,,,,,,,,,,,,,
aug-cc-pV5Z,pyrazole,,,,,,,,,,,,,,,,,,,,,,,,
aug-cc-pV5Z,furan,,,,,,,,,,,,,,,,,,,,,,,,
aug-cc-pV5Z,thiophene,,,,,,,,,,,,,,,,,,,,,,,,
aug-cc-pV5Z,pyridine,,,,,,,,,,,,,,,,,,,,,,,,
aug-cc-pV5Z,phenol,,,,,,,,,,,,,,,,,,,,,,,,
aug-cc-pV5Z,chlorobenzene,,,,,,,,,,,,,,,,,,,,,,,,
aug-cc-pV5Z,fluorobenzene,,,,,,,,,,,,,,,,,,,,,,,,
aug-cc-pV5Z,toluene,,,,,,,,,,,,,,,,,,,,,,,,
aug-cc-pV5Z,benzene,,,,,,,,,,,,,,,,,,,,,,,,
aug-cc-pV5Z,cytosine,,,,,,,,,,,,,,,,,,,,,,,,
