,,RI-JK,RI-MP2
aug-cc-pVDZ,56,9.16940596249328,8.743166207707555
aug-cc-pVDZ,93,3.7168544915592565,3.6086098852647064
aug-cc-pVDZ,97,3.4336219380208517,3.4484338233417997
aug-cc-pVDZ,103,4.118755757475041,3.8552390986364253
aug-cc-pVDZ,112,10.02707964351838,10.74037489809302
aug-cc-pVDZ,117,3.311640282879464,3.4201846981030375
aug-cc-pVDZ,119,11.872799816270629,9.948416423865392
aug-cc-pVDZ,129,7.717415750187159,8.23571058616932
aug-cc-pVDZ,142,3.4044107270992043,3.186066243799934
aug-cc-pVDZ,158,1.485477837381527,1.5830473770346507
aug-cc-pVDZ,159,6.565063231419834,7.794503103774366
aug-cc-pVDZ,205,7.992264129520144,7.786440830268272
aug-cc-pVDZ,213,3.794651765166219,3.8033719267163386
aug-cc-pVDZ,223,3.111988231841247,3.01885739540786
aug-cc-pVDZ,245,1.6880155395572891,1.7066336044688082
aug-cc-pVDZ,256,0.7067901604654753,0.6683313342355904
aug-cc-pVDZ,257,1.671133471958501,1.750765636760405
aug-cc-pVDZ,267,8.470504894068885,9.686179184304143
aug-cc-pVDZ,276,8.88931931585102,7.702019635367497
aug-cc-pVDZ,281,6.060882725926661,5.736269944170794
aug-cc-pVDZ,282,4.637401760855495,4.40903083642958
aug-cc-pVDZ,287,7.05945833568991,7.320797696289096
aug-cc-pVDZ,306,4.013346143864904,4.759727808738659
aug-cc-pVDZ,318,4.215212166818254,4.340941459819753
aug-cc-pVDZ,332,2.1576139691959284,2.6649636520300413
aug-cc-pVDZ,336,3.1194744459925707,3.6142110965433116
aug-cc-pVDZ,342,7.345544574002252,7.880993420640254
aug-cc-pVDZ,346,8.692439507251862,8.95337850725671
aug-cc-pVDZ,351,0.38702510660566597,0.48817959456465926
aug-cc-pVDZ,353,0.21020801003155082,0.2729082504211141
aug-cc-pVDZ,361,8.119217923334524,6.81290159742992
aug-cc-pVDZ,381,1.2731952739899202,1.1300009560635687
aug-cc-pVDZ,390,18.10193630026536,17.98118884512007
aug-cc-pVDZ,393,4.378712350468466,4.324064408705682
aug-cc-pVDZ,397,3.5288377873474888,3.687885357500336
aug-cc-pVDZ,399,2.051328613777803,1.7746804774645408
aug-cc-pVDZ,425,4.090227766127684,4.220916180840059
aug-cc-pVDZ,438,5.782761418782403,5.78258156203674
aug-cc-pVDZ,445,2.3915902003604046,2.3078718293241725
aug-cc-pVDZ,460,8.799865054421824,9.628229706097585
aug-cc-pVDZ,470,2.6294018606934517,2.282862978785029
aug-cc-pVDZ,489,2.2413072342155225,2.4251071211827964
aug-cc-pVDZ,529,2.3829076454653237,2.9244038499577165
aug-cc-pVDZ,533,2.7407391978191287,2.7414531484835623
aug-cc-pVDZ,556,2.6102495248603375,3.2327581129221272
aug-cc-pVDZ,580,4.103848659387554,4.232612861285615
aug-cc-pVDZ,599,0.9487621007465531,0.8532614808962978
aug-cc-pVDZ,617,12.03642941975327,12.115420323983631
aug-cc-pVDZ,654,4.392790785578208,4.570922196420788
aug-cc-pVDZ,655,3.8218509076317724,3.854686040691987
aug-cc-pVDZ,670,6.196157220346262,5.985634343735202
aug-cc-pVDZ,710,3.6149587025749144,4.0914338196449105
aug-cc-pVDZ,722,2.4800777424461486,2.9063502694240704
aug-cc-pVDZ,753,3.7593250248401073,4.031624033548443
aug-cc-pVDZ,757,3.8739814799415075,3.725647712079108
aug-cc-pVDZ,761,7.194714992629209,7.446982277036192
aug-cc-pVDZ,762,2.8842509452829552,2.5123662873179677
aug-cc-pVDZ,765,4.961498770419374,5.099730922452774
aug-cc-pVDZ,767,4.962901644052436,4.948017756675065
aug-cc-pVDZ,768,4.471507728131499,5.534797946047797
aug-cc-pVDZ,769,3.629195590996536,4.526517406357811
aug-cc-pVDZ,818,4.1451331911726506,3.875844734630564
aug-cc-pVDZ,820,2.532349883508327,2.412764960365052
aug-cc-pVDZ,833,6.284196174955008,5.670149807295678
aug-cc-pVDZ,841,3.7851710553953084,3.9055106842344
aug-cc-pVDZ,843,4.477532297829591,4.542768529179859
aug-cc-pVDZ,846,4.741463690060562,4.670382271061412
aug-cc-pVDZ,847,5.419508250387319,5.4674516966441535
aug-cc-pVDZ,852,8.081447976343963,9.645620728072895
aug-cc-pVDZ,884,2.0183263316075246,1.9502923864600923
aug-cc-pVDZ,886,4.595513743474526,4.477581752667952
aug-cc-pVDZ,890,1.1672899972997195,1.1244420683696226
aug-cc-pVDZ,909,9.09627474467688,9.393845004694276
aug-cc-pVDZ,936,3.6797883447400297,4.109921243735322
aug-cc-pVDZ,969,2.320310830456413,2.3694690306429815
aug-cc-pVDZ,974,1.3919533605467607,1.118366928176578
aug-cc-pVDZ,976,8.107247650807205,9.38987369372682
aug-cc-pVDZ,987,5.713133606998327,6.3516089978208035
aug-cc-pVDZ,989,2.8467440458434217,2.6196562078921874
aug-cc-pVDZ,998,0.23769089058337922,0.28908352830272127
aug-cc-pVDZ,1003,2.645853580608339,2.5933168509928843
aug-cc-pVDZ,1014,6.257097219779661,5.506695865978163
aug-cc-pVDZ,1019,4.097704274651127,4.08264304420201
aug-cc-pVDZ,1032,0.4834566033936154,0.5992704829194019
aug-cc-pVDZ,1046,8.604090780036879,10.281397817817494
aug-cc-pVDZ,1047,4.800008110688639,4.915072407744293
aug-cc-pVDZ,1048,7.651888231029365,7.724524967543716
aug-cc-pVDZ,1049,10.116693549333164,11.46862130506353
aug-cc-pVDZ,1074,4.110094332936216,4.3538245740978905
aug-cc-pVDZ,1085,4.495099489470772,4.424068846923932
aug-cc-pVDZ,1108,9.747648045523942,11.438884512807977
aug-cc-pVDZ,1109,10.281772246935839,10.244819449611526
aug-cc-pVDZ,1115,6.9451791372869245,7.986297973753179
aug-cc-pVDZ,1117,3.0436652486830047,2.927179348023345
aug-cc-pVDZ,1119,13.772696936717308,16.109615156521468
aug-cc-pVDZ,1135,3.231694843201677,3.2246407270614648
aug-cc-pVDZ,1149,2.974559136739163,3.153980620448033
aug-cc-pVDZ,1193,4.467338117640539,4.684327010445774
aug-cc-pVDZ,1194,6.2864456147696135,6.185037390135431
aug-cc-pVDZ,1197,4.0019856961388065,3.9197214147307946
aug-cc-pVDZ,1207,12.466446235796713,12.190431863410474
aug-cc-pVDZ,1209,3.4695781402899053,3.491515905621159
aug-cc-pVDZ,1241,4.363420189116181,4.220923732174081
aug-cc-pVDZ,1250,2.1534210551755826,2.149946755974694
aug-cc-pVDZ,1251,5.364313759314199,6.595768635651952
aug-cc-pVDZ,1256,14.870928247467997,17.277752898753686
aug-cc-pVDZ,1314,1.9257306929907698,1.9981642523082888
aug-cc-pVDZ,1315,2.236999574123573,2.23442216767042
aug-cc-pVDZ,1332,6.324626690523241,6.520526962678847
aug-cc-pVDZ,1344,2.8033474945738184,2.9514923863091265
aug-cc-pVDZ,1361,3.328068901567669,3.231611850116886
aug-cc-pVDZ,1367,3.287082386958815,3.215245565813939
aug-cc-pVDZ,1378,5.620557817364634,6.129068164368683
aug-cc-pVDZ,1382,2.4059226713313366,2.1505235565006044
aug-cc-pVDZ,1391,4.412657080798541,5.04095747666211
aug-cc-pVDZ,1395,12.726627522983064,12.865593662827015
aug-cc-pVDZ,1396,16.54110390722349,17.09024427028905
aug-cc-pVDZ,1406,2.6290295298836854,2.631177864954512
aug-cc-pVDZ,1408,2.9397534972916555,2.736686686979065
aug-cc-pVDZ,1409,2.7486865115543075,2.6542023403498485
aug-cc-pVDZ,1428,2.2781722144493397,2.2587771415669895
aug-cc-pVDZ,1429,6.1074498047688115,6.134339510757546
aug-cc-pVDZ,1438,3.259442635874637,3.4395968536613224
aug-cc-pVDZ,1444,4.413535200960313,4.68887952138862
aug-cc-pVDZ,1455,6.818551555787695,7.273161343336056
aug-cc-pVDZ,1457,5.583516524024675,5.2515957843635235
aug-cc-pVDZ,1475,11.045126103399816,12.882480884395136
aug-cc-pVDZ,1479,11.054704212604648,12.424741392937662
aug-cc-pVDZ,1502,11.59486765662588,11.94021442265422
aug-cc-pVDZ,1563,3.4498553607843085,3.8236848054813177
aug-cc-pVDZ,1564,6.972444374181923,7.281113758288293
aug-cc-pVDZ,1588,9.581561725640453,10.989995622354352
aug-cc-pVDZ,1603,7.9658369996330585,8.326996153748137
aug-cc-pVDZ,1604,8.079908347420512,9.419254738986094
aug-cc-pVDZ,1607,5.378683732214763,5.9854495381819515
aug-cc-pVDZ,1610,3.198705772408453,3.2194831103173467
aug-cc-pVDZ,1617,9.644051953650278,12.019639674344143
aug-cc-pVDZ,1619,5.691918451605956,6.03306145953029
aug-cc-pVDZ,1622,5.713440151363641,6.111920556162157
aug-cc-pVDZ,1625,3.731987350505102,3.7745063304015685
aug-cc-pVDZ,1626,12.793120928814401,13.800269409617023
aug-cc-pVDZ,1630,3.1897633595374226,3.593598823443938
aug-cc-pVDZ,1633,10.935005319006297,11.207702902363986
aug-cc-pVDZ,1634,9.569345322047468,9.669906687177175
aug-cc-pVTZ,56,9.099152961223602,8.646692078818493
aug-cc-pVTZ,93,3.648628500560829,3.5502545356291937
aug-cc-pVTZ,97,3.3448373414482293,3.374752515544825
aug-cc-pVTZ,103,4.071992466262055,3.8103193979494647
aug-cc-pVTZ,112,9.948324151485968,10.670923034482074
aug-cc-pVTZ,117,3.279570180491468,3.408639175801283
aug-cc-pVTZ,119,11.77364102408127,9.844590295055115
aug-cc-pVTZ,129,7.689468132326205,8.171561260349211
aug-cc-pVTZ,142,3.4003871603038354,3.19333704557927
aug-cc-pVTZ,158,1.4293033086381968,1.51942516322991
aug-cc-pVTZ,159,6.477887705456436,7.707169222576765
aug-cc-pVTZ,205,7.895143731800144,7.6623424885588
aug-cc-pVTZ,213,3.7143850937805993,3.7458871839735304
aug-cc-pVTZ,223,3.0766167614445545,2.984731781654965
aug-cc-pVTZ,245,1.6532640653134076,1.7139417725700066
aug-cc-pVTZ,256,0.7211459484987868,0.7128622479150637
aug-cc-pVTZ,257,1.6420660230225235,1.7446315946883355
aug-cc-pVTZ,267,8.383535278881556,9.536703290760611
aug-cc-pVTZ,276,8.882644832266433,7.730699880846611
aug-cc-pVTZ,281,6.052203499712857,5.745256339527681
aug-cc-pVTZ,282,4.656832805229028,4.4533202829494964
aug-cc-pVTZ,287,7.030591320939021,7.316191686053535
aug-cc-pVTZ,306,3.9246658357045994,4.63874154383241
aug-cc-pVTZ,318,4.1765265976168084,4.33908644917794
aug-cc-pVTZ,332,2.130647821916664,2.652499408294749
aug-cc-pVTZ,336,3.096637234028419,3.5985144567201837
aug-cc-pVTZ,342,7.255878762634951,7.80853938826841
aug-cc-pVTZ,346,8.688091327033616,9.040486418138963
aug-cc-pVTZ,351,0.38202849258366023,0.4928498432926194
aug-cc-pVTZ,353,0.19000501992752306,0.2506852744950658
aug-cc-pVTZ,361,8.120002630108832,6.83473805541218
aug-cc-pVTZ,381,1.2099686570546588,1.0281169585207117
aug-cc-pVTZ,390,18.011444366977674,17.842012227229667
aug-cc-pVTZ,393,4.303196105541032,4.246207203166683
aug-cc-pVTZ,397,3.494722472982034,3.7149810387086255
aug-cc-pVTZ,399,2.0293939124466607,1.7603912067038459
aug-cc-pVTZ,425,4.123519099755491,4.259607321984325
aug-cc-pVTZ,438,5.727848315935775,5.724507383206037
aug-cc-pVTZ,445,2.3247840550896703,2.263928326668876
aug-cc-pVTZ,460,8.740524327185732,9.539692195045713
aug-cc-pVTZ,470,2.5498187376811967,2.22725768287574
aug-cc-pVTZ,489,2.195194414753138,2.4091053032482272
aug-cc-pVTZ,529,2.3701770485658624,2.92804666553894
aug-cc-pVTZ,533,2.7150242405304916,2.7817319523222284
aug-cc-pVTZ,556,2.574243026237268,3.20072349505664
aug-cc-pVTZ,580,4.031372103794519,4.163448639666741
aug-cc-pVTZ,599,0.9337000656700611,0.838872135583272
aug-cc-pVTZ,617,11.976404499452707,12.042648196057684
aug-cc-pVTZ,654,4.373941468986197,4.557840557048657
aug-cc-pVTZ,655,3.78629934163731,3.822998174090996
aug-cc-pVTZ,670,6.124662735235524,5.894609958303403
aug-cc-pVTZ,710,3.5721945386680964,4.074467467320344
aug-cc-pVTZ,722,2.4593098942298592,2.900452094741171
aug-cc-pVTZ,753,3.806028870237625,4.085837978597138
aug-cc-pVTZ,757,3.787563833210949,3.608146998337021
aug-cc-pVTZ,761,7.186542897886803,7.5183803647380865
aug-cc-pVTZ,762,2.7576295145245147,2.3496188834008676
aug-cc-pVTZ,765,4.950219807638791,5.098604071184836
aug-cc-pVTZ,767,4.943085881712497,4.890568068563113
aug-cc-pVTZ,768,4.3753941196003385,5.4303529158929695
aug-cc-pVTZ,769,3.5553976428868386,4.436909447148186
aug-cc-pVTZ,818,4.162682220096488,3.911053018913673
aug-cc-pVTZ,820,2.531319427857673,2.432107868214294
aug-cc-pVTZ,833,6.267376655488918,5.6521123245056915
aug-cc-pVTZ,841,3.812665325991943,3.9699738792483332
aug-cc-pVTZ,843,4.4322535353680115,4.47312476445148
aug-cc-pVTZ,846,4.681818594535822,4.622257404470083
aug-cc-pVTZ,847,5.287461999234102,5.352193993852387
aug-cc-pVTZ,852,7.99152947820004,9.516176513079012
aug-cc-pVTZ,884,2.006592501283628,1.9424607810827719
aug-cc-pVTZ,886,4.568497095133562,4.460962207064291
aug-cc-pVTZ,890,1.1571289822480773,1.129822506738494
aug-cc-pVTZ,909,9.001058504555091,9.282190355170988
aug-cc-pVTZ,936,3.6686487718307528,4.134206406381472
aug-cc-pVTZ,969,2.2848935161198294,2.3400801273848058
aug-cc-pVTZ,974,1.3835407199756964,1.118527473188785
aug-cc-pVTZ,976,7.98555560755693,9.234273661333525
aug-cc-pVTZ,987,5.667327874423488,6.31494499484431
aug-cc-pVTZ,989,2.801996000192881,2.586417966634043
aug-cc-pVTZ,998,0.22575419784731118,0.28549936749006377
aug-cc-pVTZ,1003,2.6355324913950344,2.6096838777747218
aug-cc-pVTZ,1014,6.208922549192322,5.477107075158713
aug-cc-pVTZ,1019,4.044235202240832,4.044717743988042
aug-cc-pVTZ,1032,0.4536859327739184,0.5746897855838391
aug-cc-pVTZ,1046,8.44567838643689,10.105503952291986
aug-cc-pVTZ,1047,4.771200768313138,4.897196958306289
aug-cc-pVTZ,1048,7.67097017272444,7.761325188647737
aug-cc-pVTZ,1049,10.085928442764137,11.402108622014751
aug-cc-pVTZ,1074,4.128618213361625,4.369334458090383
aug-cc-pVTZ,1085,4.500239682871716,4.44095213282231
aug-cc-pVTZ,1108,9.621796481806697,11.242499565259214
aug-cc-pVTZ,1109,10.193973653790989,10.143814514573206
aug-cc-pVTZ,1115,6.84714306949181,7.884649524145957
aug-cc-pVTZ,1117,3.0179433060198475,2.9171879250996136
aug-cc-pVTZ,1119,13.68165005382942,15.94863267715818
aug-cc-pVTZ,1135,3.15954296556632,3.199536854628529
aug-cc-pVTZ,1149,3.0103851649654456,3.204750937928288
aug-cc-pVTZ,1193,4.411333817130877,4.6549905423498465
aug-cc-pVTZ,1194,6.2479355831865435,6.170974281024039
aug-cc-pVTZ,1197,3.9500942095829044,3.8833678968005505
aug-cc-pVTZ,1207,12.400462439291186,12.092520300106614
aug-cc-pVTZ,1209,3.4853362863808597,3.5319172268333334
aug-cc-pVTZ,1241,4.3258559259937,4.182682742154107
aug-cc-pVTZ,1250,2.124208697286308,2.1245829525863824
aug-cc-pVTZ,1251,5.254884409933119,6.481230346604914
aug-cc-pVTZ,1256,14.805558114124567,17.218701159220092
aug-cc-pVTZ,1314,1.8904182653092028,1.9812989541099757
aug-cc-pVTZ,1315,2.2260859926635277,2.2276229819344593
aug-cc-pVTZ,1332,6.301494904645379,6.452560826966898
aug-cc-pVTZ,1344,2.754525923502816,2.9282531905103255
aug-cc-pVTZ,1361,3.3236034222129494,3.2445742276636023
aug-cc-pVTZ,1367,3.2743649958428502,3.213796788171378
aug-cc-pVTZ,1378,5.621126392811577,6.17879679804989
aug-cc-pVTZ,1382,2.4076030041715284,2.174227075617965
aug-cc-pVTZ,1391,4.4120044671668595,5.05533992472897
aug-cc-pVTZ,1395,12.64899566574931,12.796220743417093
aug-cc-pVTZ,1396,16.518000591919343,17.073821952465277
aug-cc-pVTZ,1406,2.634150491973276,2.653973865017254
aug-cc-pVTZ,1408,2.911850571965651,2.716226278577331
aug-cc-pVTZ,1409,2.7477702838531877,2.670153341103439
aug-cc-pVTZ,1428,2.263046248961277,2.2508054936892377
aug-cc-pVTZ,1429,6.1492968642014025,6.19642848985625
aug-cc-pVTZ,1438,3.2199348737055264,3.411246871723009
aug-cc-pVTZ,1444,4.389622992709072,4.705081500367455
aug-cc-pVTZ,1455,6.868076418601682,7.3533074784001995
aug-cc-pVTZ,1457,5.558791466176144,5.212406338515926
aug-cc-pVTZ,1475,10.891529772138226,12.696199115744804
aug-cc-pVTZ,1479,10.910464842642408,12.246142051974632
aug-cc-pVTZ,1502,11.584748836345858,11.943587219867343
aug-cc-pVTZ,1563,3.369697302684206,3.7536536022621263
aug-cc-pVTZ,1564,6.994422615480861,7.33594297337505
aug-cc-pVTZ,1588,9.488577526472838,10.86866697167611
aug-cc-pVTZ,1603,7.995099085969124,8.396242145544743
aug-cc-pVTZ,1604,7.989949345774451,9.297715493217286
aug-cc-pVTZ,1607,5.372382799258708,5.988038357055121
aug-cc-pVTZ,1610,3.163995013825393,3.2002732102850233
aug-cc-pVTZ,1617,9.623422899296946,12.002155308876555
aug-cc-pVTZ,1619,5.6908148539308385,6.048326119072523
aug-cc-pVTZ,1622,5.7347104756797656,6.142776191988576
aug-cc-pVTZ,1625,3.733384468354569,3.814210702697686
aug-cc-pVTZ,1626,12.73881643297256,13.750823189891594
aug-cc-pVTZ,1630,3.2052857139973736,3.6122606944473774
aug-cc-pVTZ,1633,10.945789685035866,11.243148128181275
aug-cc-pVTZ,1634,9.54369555643569,9.650532175232586
aug-cc-pVQZ,56,9.078170897216674,8.625138230049522
aug-cc-pVQZ,93,3.643169246712417,3.5461207299944393
aug-cc-pVQZ,97,3.338488410191875,3.36618804971833
aug-cc-pVQZ,103,4.071680364996695,3.8093957998884074
aug-cc-pVQZ,112,9.942852893855193,10.664238875753652
aug-cc-pVQZ,117,3.2739007861948033,3.404432483789102
aug-cc-pVQZ,119,11.755292960722562,9.825871370030345
aug-cc-pVQZ,129,7.698503705360888,8.17823038470524
aug-cc-pVQZ,142,3.3983925319872004,3.1916907259150307
aug-cc-pVQZ,158,1.414791988832133,1.5048959338196155
aug-cc-pVQZ,159,6.462458128529846,7.6889230426480415
aug-cc-pVQZ,205,7.880896520123518,7.6438529086318034
aug-cc-pVQZ,213,3.712530773390825,3.744379977095607
aug-cc-pVQZ,223,3.068404218661653,2.977118980939765
aug-cc-pVQZ,245,1.650183681755806,1.7165655491666845
aug-cc-pVQZ,256,0.7225914989340039,0.7156120989282402
aug-cc-pVQZ,257,1.6358862949360005,1.7392634461982293
aug-cc-pVQZ,267,8.368634428361512,9.498349754372999
aug-cc-pVQZ,276,8.876741148555126,7.734319138351888
aug-cc-pVQZ,281,6.047228633995452,5.74430978048412
aug-cc-pVQZ,282,4.6606735374381865,4.457975802055327
aug-cc-pVQZ,287,7.031852220996347,7.3110888729430705
aug-cc-pVQZ,306,3.901813332583046,4.6034613705302885
aug-cc-pVQZ,318,4.169106527381949,4.33631721056692
aug-cc-pVQZ,332,2.1243878411144586,2.6445929362945995
aug-cc-pVQZ,336,3.0881509885265883,3.5869408919952597
aug-cc-pVQZ,342,7.243745386421589,7.793561631271743
aug-cc-pVQZ,346,8.702653641266505,9.067909655682723
aug-cc-pVQZ,351,0.38052036845171366,0.49143117398571706
aug-cc-pVQZ,353,0.18274663120303192,0.24043364425029776
aug-cc-pVQZ,361,8.1196177737717,6.8487304366533115
aug-cc-pVQZ,381,1.2036888349684838,1.0223887266088731
aug-cc-pVQZ,390,17.992727549517085,17.808814399319274
aug-cc-pVQZ,393,4.291062213321174,4.230685140553857
aug-cc-pVQZ,397,3.4928766769054644,3.721154739671985
aug-cc-pVQZ,399,2.0252144448922005,1.7532553623667102
aug-cc-pVQZ,425,4.137513281266949,4.280097356943369
aug-cc-pVQZ,438,5.712225399265189,5.705109412705582
aug-cc-pVQZ,445,2.3099094806075207,2.246958855129008
aug-cc-pVQZ,460,8.739257824866396,9.529505814160256
aug-cc-pVQZ,470,2.5293061610377694,2.2119995759315
aug-cc-pVQZ,489,2.1864684736263795,2.4025019306144015
aug-cc-pVQZ,529,2.3663519780444164,2.922535691119068
aug-cc-pVQZ,533,2.7102150280012958,2.785325728114213
aug-cc-pVQZ,556,2.5673116941170773,3.1911806106250777
aug-cc-pVQZ,580,4.0195120731370775,4.148636518644645
aug-cc-pVQZ,599,0.934614008199023,0.8392066490209974
aug-cc-pVQZ,617,11.965720458843672,12.023219454715084
aug-cc-pVQZ,654,4.370818922982244,4.555068906679885
aug-cc-pVQZ,655,3.780284989366242,3.816996082525384
aug-cc-pVQZ,670,6.110655450907108,5.879077690290611
aug-cc-pVQZ,710,3.5662794355559697,4.0731178786674676
aug-cc-pVQZ,722,2.454739838554577,2.893170417555603
aug-cc-pVQZ,753,3.819902073930783,4.106753035485157
aug-cc-pVQZ,757,3.76638183892889,3.5851972111208528
aug-cc-pVQZ,761,7.193931179030132,7.537564819769063
aug-cc-pVQZ,762,2.729507772195911,2.325571023369185
aug-cc-pVQZ,765,4.951347821066506,5.104964670774437
aug-cc-pVQZ,767,4.948660437850094,4.892875492359155
aug-cc-pVQZ,768,4.352090931755316,5.399211055885758
aug-cc-pVQZ,769,3.533889774777398,4.40582116342167
aug-cc-pVQZ,818,4.166401084268482,3.915591921465618
aug-cc-pVQZ,820,2.525307409619294,2.428244281650071
aug-cc-pVQZ,833,6.261060308115595,5.648122676190705
aug-cc-pVQZ,841,3.81359184092346,3.9806115844782477
aug-cc-pVQZ,843,4.422506661441577,4.460031351463423
aug-cc-pVQZ,846,4.670939844097057,4.6131926923181545
aug-cc-pVQZ,847,5.275914294166534,5.335028844562951
aug-cc-pVQZ,852,7.9861358118190955,9.494961007277414
aug-cc-pVQZ,884,2.00366683940582,1.9402409170100445
aug-cc-pVQZ,886,4.558776708055435,4.453462725731513
aug-cc-pVQZ,890,1.154870789759914,1.1288849529309153
aug-cc-pVQZ,909,8.98904052270706,9.26496538574773
aug-cc-pVQZ,936,3.6728978677183175,4.143927354652008
aug-cc-pVQZ,969,2.2808211903426794,2.3355727288531307
aug-cc-pVQZ,974,1.382322568000571,1.1159935639132545
aug-cc-pVQZ,976,7.971760373202111,9.209089267760683
aug-cc-pVQZ,987,5.657070495737198,6.3020751146252545
aug-cc-pVQZ,989,2.7980551070697164,2.5806713612998267
aug-cc-pVQZ,998,0.2220524781106821,0.2818422424131393
aug-cc-pVQZ,1003,2.6281062305828615,2.6047581169061895
aug-cc-pVQZ,1014,6.199954582694426,5.471076390012425
aug-cc-pVQZ,1019,4.0340850174379135,4.034798029424022
aug-cc-pVQZ,1032,0.4466090204808372,0.5664956647581708
aug-cc-pVQZ,1046,8.422268110887918,10.080132486168973
aug-cc-pVQZ,1047,4.7662843617079504,4.894847882113011
aug-cc-pVQZ,1048,7.6806614576631524,7.776048897069526
aug-cc-pVQZ,1049,10.090070732143849,11.390848964922057
aug-cc-pVQZ,1074,4.12930483954761,4.371261661886817
aug-cc-pVQZ,1085,4.50352148057895,4.450332548641034
aug-cc-pVQZ,1108,9.602916121433038,11.200007266608107
aug-cc-pVQZ,1109,10.1786012215592,10.124854206256739
aug-cc-pVQZ,1115,6.836107201982132,7.866694257654768
aug-cc-pVQZ,1117,3.0173092171032647,2.9225105133300646
aug-cc-pVQZ,1119,13.685102614235594,15.930963675853747
aug-cc-pVQZ,1135,3.152935560646446,3.2004633884787688
aug-cc-pVQZ,1149,3.0195911072102497,3.2208109728668584
aug-cc-pVQZ,1193,4.411059195364781,4.660644457513959
aug-cc-pVQZ,1194,6.24864190438451,6.170217123019523
aug-cc-pVQZ,1197,3.949271621996295,3.8847425817530876
aug-cc-pVQZ,1207,12.381202943467954,12.06657567774728
aug-cc-pVQZ,1209,3.4888717611679936,3.537990724026858
aug-cc-pVQZ,1241,4.319151085316481,4.174443609952693
aug-cc-pVQZ,1250,2.1179145176646905,2.119129007787161
aug-cc-pVQZ,1251,5.235800643563679,6.453639228819959
aug-cc-pVQZ,1256,14.809612647814873,17.213169130277496
aug-cc-pVQZ,1314,1.8863979160627917,1.9766159228748565
aug-cc-pVQZ,1315,2.2228628645303425,2.22305952826352
aug-cc-pVQZ,1332,6.290094700363949,6.432349885234745
aug-cc-pVQZ,1344,2.756542685233967,2.9349293437276054
aug-cc-pVQZ,1361,3.3252587693185838,3.2514951346346326
aug-cc-pVQZ,1367,3.273429975165122,3.21604802367059
aug-cc-pVQZ,1378,5.6212934465367725,6.183889476999398
aug-cc-pVQZ,1382,2.4060539939910957,2.1776258398346426
aug-cc-pVQZ,1391,4.406017660478274,5.0512075884427965
aug-cc-pVQZ,1395,12.639011649684246,12.783513526536115
aug-cc-pVQZ,1396,16.511867981921004,17.05513072961582
aug-cc-pVQZ,1406,2.634224015982453,2.657048631866195
aug-cc-pVQZ,1408,2.908888313791441,2.7169634572333017
aug-cc-pVQZ,1409,2.7469943358761584,2.6719583413427404
aug-cc-pVQZ,1428,2.2614497412084926,2.250222561537087
aug-cc-pVQZ,1429,6.16445486673477,6.211711009453915
aug-cc-pVQZ,1438,3.21380394142149,3.4060318535294987
aug-cc-pVQZ,1444,4.388013757410438,4.703228801078984
aug-cc-pVQZ,1455,6.876749026438715,7.365365489982568
aug-cc-pVQZ,1457,5.549857212724048,5.202938904128828
aug-cc-pVQZ,1475,10.868601856005263,12.662165836034731
aug-cc-pVQZ,1479,10.894503983197758,12.216401960385333
aug-cc-pVQZ,1502,11.594845461008841,11.956135851127264
aug-cc-pVQZ,1563,3.3629934228547746,3.7430199542145473
aug-cc-pVQZ,1564,7.017047488503978,7.36398986700867
aug-cc-pVQZ,1588,9.480410387671329,10.846416518238913
aug-cc-pVQZ,1603,8.011140354721972,8.426954194270769
aug-cc-pVQZ,1604,7.982302807876893,9.278973564110645
aug-cc-pVQZ,1607,5.367034082940653,5.98153078824849
aug-cc-pVQZ,1610,3.1574047977740154,3.1940324768726107
aug-cc-pVQZ,1617,9.625429946576464,11.994829899638185
aug-cc-pVQZ,1619,5.701799573280295,6.062644180377013
aug-cc-pVQZ,1622,5.742933552252498,6.154346815433196
aug-cc-pVQZ,1625,3.737289612599188,3.827447763792485
aug-cc-pVQZ,1626,12.734660584228472,13.7401741732614
aug-cc-pVQZ,1630,3.207382575394546,3.612929682995518
aug-cc-pVQZ,1633,10.943616959031923,11.242745083982326
aug-cc-pVQZ,1634,9.539187565212055,9.645012435927317
aug-cc-pV5Z,56,9.073163491133185,8.617833790555034
aug-cc-pV5Z,93,3.642421868291356,3.5429851850150795
aug-cc-pV5Z,97,3.3405492294052923,3.3641082469602095
aug-cc-pV5Z,103,4.07221561060866,3.805000587223342
aug-cc-pV5Z,112,9.942383557599955,10.659034375425277
aug-cc-pV5Z,117,3.2722430688766937,3.4014755975147666
aug-cc-pV5Z,119,11.754050440429163,9.826125718190193
aug-cc-pV5Z,129,7.71526360795074,8.181724858082514
aug-cc-pV5Z,142,3.4047593864485113,3.1969129320272147
aug-cc-pV5Z,158,1.4134563274169967,1.502756020628746
aug-cc-pV5Z,159,6.459416819485807,7.6824524194867845
aug-cc-pV5Z,205,7.87959077127424,7.6360151050896965
aug-cc-pV5Z,213,3.7137602803531,3.7390240286584673
aug-cc-pV5Z,223,3.0670439744795255,2.974024433639474
aug-cc-pV5Z,245,1.6427639612622538,1.716313383111876
aug-cc-pV5Z,256,0.716135403426233,0.7086962199951939
aug-cc-pV5Z,257,1.628717907382558,1.7339999336948309
aug-cc-pV5Z,267,8.378720995799462,9.482257370500788
aug-cc-pV5Z,276,8.873382640873912,7.732127433335261
aug-cc-pV5Z,281,6.045898023742046,5.741857442648967
aug-cc-pV5Z,282,4.665720831928584,4.461173934618126
aug-cc-pV5Z,287,7.0318565743252925,7.299077592888651
aug-cc-pV5Z,306,3.9051588222864937,4.5961603419088135
aug-cc-pV5Z,318,4.166962697805154,4.335370561765702
aug-cc-pV5Z,332,2.123086971732823,2.642107147042225
aug-cc-pV5Z,336,3.086963459691185,3.5835665632128113
aug-cc-pV5Z,342,7.240036335901138,7.785944554717211
aug-cc-pV5Z,346,8.714407117004171,9.081718592186377
aug-cc-pV5Z,351,0.3800110901024902,0.4908250870607148
aug-cc-pV5Z,353,0.18076936999703236,0.2373125378470997
aug-cc-pV5Z,361,8.11754522368428,6.85052933092081
aug-cc-pV5Z,381,1.198135806286578,1.0230974073958563
aug-cc-pV5Z,390,17.989998258809234,17.787997884946826
aug-cc-pV5Z,393,4.2887264470618405,4.225225891387799
aug-cc-pV5Z,397,3.4919812783141193,3.7286178131957124
aug-cc-pV5Z,399,2.0249157967770453,1.7512088026207113
aug-cc-pV5Z,425,4.143104670154258,4.285751004842361
aug-cc-pV5Z,438,5.709265943845461,5.699105508836045
aug-cc-pV5Z,445,2.2975134922265172,2.240838284815827
aug-cc-pV5Z,460,8.750054381329589,9.52431527533071
aug-cc-pV5Z,470,2.5239697523546374,2.215442828154349
aug-cc-pV5Z,489,2.179905170741114,2.3996761944006026
aug-cc-pV5Z,529,2.3645230457594906,2.919088691955156
aug-cc-pV5Z,533,2.7034220302990164,2.7843048696681123
aug-cc-pV5Z,556,2.5649828118480555,3.1870512043079526
aug-cc-pV5Z,580,4.017083607313519,4.1437491873724435
aug-cc-pV5Z,599,0.9355381609260519,0.8400443895507845
aug-cc-pV5Z,617,11.962956799119068,12.00994391910177
aug-cc-pV5Z,654,4.370684690020239,4.553037957994501
aug-cc-pV5Z,655,3.7780375469507135,3.813004401210405
aug-cc-pV5Z,670,6.107752648739027,5.871619552279651
aug-cc-pV5Z,710,3.5632450293340634,4.0725384446657875
aug-cc-pV5Z,722,2.45688777382433,2.8918457988453388
aug-cc-pV5Z,753,3.826084611455711,4.114641992803204
aug-cc-pV5Z,757,3.76694149316787,3.5834982159894144
aug-cc-pV5Z,761,7.201568154653719,7.547546795548568
aug-cc-pV5Z,762,2.7320322612238614,2.331851294504706
aug-cc-pV5Z,765,4.948594669555513,5.10472141601211
aug-cc-pV5Z,767,4.958342051644275,4.893052306403616
aug-cc-pV5Z,768,4.355011466192288,5.394642827904989
aug-cc-pV5Z,769,3.5373208456225202,4.401622699414609
aug-cc-pV5Z,818,4.17798523217802,3.92398835529415
aug-cc-pV5Z,820,2.523293798471839,2.426947609135232
aug-cc-pV5Z,833,6.2590060400337855,5.644170637442673
aug-cc-pV5Z,841,3.8137239749002547,3.983375474297488
aug-cc-pV5Z,843,4.420579388934588,4.456988618949609
aug-cc-pV5Z,846,4.668928037072263,4.608538635619229
aug-cc-pV5Z,847,5.2777411304019495,5.3298665923685125
aug-cc-pV5Z,852,7.99630165923093,9.484325427081995
aug-cc-pV5Z,884,2.0024770015189306,1.9381425514121398
aug-cc-pV5Z,886,4.558162639186896,4.451366845976126
aug-cc-pV5Z,890,1.1541918358528749,1.128547162957764
aug-cc-pV5Z,909,8.988393092962651,9.25846245495794
aug-cc-pV5Z,936,3.671908441255332,4.145759267439887
aug-cc-pV5Z,969,2.283487775876739,2.337693878919339
aug-cc-pV5Z,974,1.3827849249514013,1.1154797688799145
aug-cc-pV5Z,976,7.981170223421241,9.203865978596413
aug-cc-pV5Z,987,5.656005917084823,6.297235490447094
aug-cc-pV5Z,989,2.7987671375721033,2.5722096801174272
aug-cc-pV5Z,998,0.22181998878375495,0.28145942457667145
aug-cc-pV5Z,1003,2.62588266924348,2.6032587771738727
aug-cc-pV5Z,1014,6.197817444395782,5.4707721949433585
aug-cc-pV5Z,1019,4.034256376797781,4.0335359914212985
aug-cc-pV5Z,1032,0.4462803855434898,0.5658924478725359
aug-cc-pV5Z,1046,8.420303555039082,10.078173653213694
aug-cc-pV5Z,1047,4.761001183410682,4.891466191838175
aug-cc-pV5Z,1048,7.6889932179830724,7.779525860017399
aug-cc-pV5Z,1049,10.110748972215749,11.384293008529193
aug-cc-pV5Z,1074,4.132378262999438,4.373476072965309
aug-cc-pV5Z,1085,4.506648585101042,4.453462516784631
aug-cc-pV5Z,1108,9.611905660961485,11.183841414963812
aug-cc-pV5Z,1109,10.174882750211777,10.114573283874753
aug-cc-pV5Z,1115,6.843517593170113,7.863405673043297
aug-cc-pV5Z,1117,3.019545562687488,2.927407671338426
aug-cc-pV5Z,1119,13.70983384745144,15.920314923255194
aug-cc-pV5Z,1135,3.150639918296827,3.2061318496014497
aug-cc-pV5Z,1149,3.021758840840996,3.2250202225458344
aug-cc-pV5Z,1193,4.411769772848447,4.66052447724095
aug-cc-pV5Z,1194,6.2491741085854065,6.165592096712671
aug-cc-pV5Z,1197,3.9494142717774685,3.8818788711994743
aug-cc-pV5Z,1207,12.377522350868068,12.051435602801142
aug-cc-pV5Z,1209,3.4926668474892018,3.5411510529453984
aug-cc-pV5Z,1241,4.317842643334083,4.172975362924406
aug-cc-pV5Z,1250,2.11659917122157,2.11681530289286
aug-cc-pV5Z,1251,5.238984084142709,6.446823522509331
aug-cc-pV5Z,1256,14.825162750091376,17.21037588641465
aug-cc-pV5Z,1314,1.887569351776346,1.976884790520432
aug-cc-pV5Z,1315,2.222081205542921,2.221160210835746
aug-cc-pV5Z,1332,6.29343359503573,6.429077485621796
aug-cc-pV5Z,1344,2.7549745670123653,2.93958200120182
aug-cc-pV5Z,1361,3.3209457800169946,3.2502356440492703
aug-cc-pV5Z,1367,3.2691354836388973,3.213274110330456
aug-cc-pV5Z,1378,5.61882116735592,6.1844724136507665
aug-cc-pV5Z,1382,2.404654764770999,2.1775955417376687
aug-cc-pV5Z,1391,4.40636478693574,5.051105654565482
aug-cc-pV5Z,1395,12.635596451457088,12.77354911827208
aug-cc-pV5Z,1396,16.508368418864226,17.036910882943392
aug-cc-pV5Z,1406,2.6271963649619936,2.6512870371826613
aug-cc-pV5Z,1408,2.9071347280570716,2.716151050964621
aug-cc-pV5Z,1409,2.7407508920822723,2.6658772685415806
aug-cc-pV5Z,1428,2.2544482830868025,2.246816785977266
aug-cc-pV5Z,1429,6.177534447977413,6.215186068458618
aug-cc-pV5Z,1438,3.212362499804822,3.4029778131479222
aug-cc-pV5Z,1444,4.388218414140056,4.698157403960796
aug-cc-pV5Z,1455,6.883972594132453,7.371115796918844
aug-cc-pV5Z,1457,5.5476301738697344,5.199281827217787
aug-cc-pV5Z,1475,10.865547483797359,12.656121462371592
aug-cc-pV5Z,1479,10.90406018341374,12.207097231410431
aug-cc-pV5Z,1502,11.610656554855012,11.959358561156689
aug-cc-pV5Z,1563,3.3622643215055437,3.7381597382531635
aug-cc-pV5Z,1564,7.027735540924034,7.3664571132273045
aug-cc-pV5Z,1588,9.487962373707147,10.84052251367737
aug-cc-pV5Z,1603,8.016450295141675,8.435636791637044
aug-cc-pV5Z,1604,7.98765911575068,9.273212197829944
aug-cc-pV5Z,1607,5.367546236250099,5.980780016457605
aug-cc-pV5Z,1610,3.14920489699059,3.187116253055421
aug-cc-pV5Z,1617,9.63746853463803,11.993072998079624
aug-cc-pV5Z,1619,5.703250071382779,6.058805155943595
aug-cc-pV5Z,1622,5.749768873473125,6.161060337515731
aug-cc-pV5Z,1625,3.7379244425209603,3.8311592906137073
aug-cc-pV5Z,1626,12.73270160971972,13.72947424661141
aug-cc-pV5Z,1630,3.207867097397387,3.6116523195270753
aug-cc-pV5Z,1633,10.942374976149027,11.233799691713843
aug-cc-pV5Z,1634,9.536028277756458,9.635941888341348
aug-cc-pV6Z,56,9.071959199003949,8.616460443944618
aug-cc-pV6Z,93,3.641884833870722,3.5421776465233066
aug-cc-pV6Z,97,3.33949701978333,3.363118416545311
aug-cc-pV6Z,103,4.073003017522691,3.806825007346655
aug-cc-pV6Z,112,9.94197975676646,10.656905709303931
aug-cc-pV6Z,117,3.2719843376253444,3.4013118945420016
aug-cc-pV6Z,119,11.75318389927152,9.826846925652863
aug-cc-pV6Z,129,7.717087780905834,8.18064870939777
aug-cc-pV6Z,142,3.405261497382286,3.1975950096642327
aug-cc-pV6Z,158,1.4125641265331494,1.5017551647870486
aug-cc-pV6Z,159,6.4588497895605075,7.682175571193396
aug-cc-pV6Z,205,7.87887202504073,7.632736706542642
aug-cc-pV6Z,213,3.7133537503409495,3.7387635961860846
aug-cc-pV6Z,223,3.0668941302882287,2.973694521105602
aug-cc-pV6Z,245,1.6419088680780083,1.7180819427355414
aug-cc-pV6Z,256,0.7154223052771347,0.7082801785126845
aug-cc-pV6Z,257,1.627414853772333,1.7342670089185779
aug-cc-pV6Z,267,8.377642834013518,9.47614815730629
aug-cc-pV6Z,276,8.873123511913503,7.73348003926755
aug-cc-pV6Z,281,6.045920346202315,5.74217827905421
aug-cc-pV6Z,282,4.66610949676634,4.462126348591149
aug-cc-pV6Z,287,7.031810847997132,7.3010468550543175
aug-cc-pV6Z,306,3.901485927935503,4.590335838491515
aug-cc-pV6Z,318,4.166534553482984,4.3363904970294564
aug-cc-pV6Z,332,2.122616651799836,2.6419278444341727
aug-cc-pV6Z,336,3.086565320134088,3.5834298830796247
aug-cc-pV6Z,342,7.23946282291623,7.785170747616555
aug-cc-pV6Z,346,8.716831357234087,9.085871274381114
aug-cc-pV6Z,351,0.3798030726853356,0.4908141567004791
aug-cc-pV6Z,353,0.18025250542798726,0.23674637592915895
aug-cc-pV6Z,361,8.11836173811987,6.853623051529091
aug-cc-pV6Z,381,1.196454633693521,1.0222020064631636
aug-cc-pV6Z,390,17.989106265943818,17.78064168189779
aug-cc-pV6Z,393,4.28819216209663,4.224348712529075
aug-cc-pV6Z,397,3.4919215130562575,3.731654191846097
aug-cc-pV6Z,399,2.024743938158529,1.7515773260035767
aug-cc-pV6Z,425,4.145541827129499,4.288402403951132
aug-cc-pV6Z,438,5.709056017317981,5.699748934091528
aug-cc-pV6Z,445,2.295121063243259,2.241361393503113
aug-cc-pV6Z,460,8.751058285589764,9.522801444722978
aug-cc-pV6Z,470,2.5210464656162856,2.2144734349412802
aug-cc-pV6Z,489,2.1787878775872715,2.400846212308268
aug-cc-pV6Z,529,2.364176207661138,2.918773019904621
aug-cc-pV6Z,533,2.7023597655844616,2.786077808335799
aug-cc-pV6Z,556,2.5646712812875907,3.187083571109635
aug-cc-pV6Z,580,4.0166002285733855,4.142795428672631
aug-cc-pV6Z,599,0.935729490011889,0.8403422669737624
aug-cc-pV6Z,617,11.96245167401124,12.007321898073732
aug-cc-pV6Z,654,4.370518249511042,4.5527588433691655
aug-cc-pV6Z,655,3.7777533490451125,3.8128248982928223
aug-cc-pV6Z,670,6.1072256920502035,5.86961551705998
aug-cc-pV6Z,710,3.562869583695223,4.07346049641702
aug-cc-pV6Z,722,2.4565611438560007,2.8914717151737226
aug-cc-pV6Z,753,3.828637354734122,4.11780063872559
aug-cc-pV6Z,757,3.7639894133343734,3.57952070778413
aug-cc-pV6Z,761,7.203358260128926,7.551199197364997
aug-cc-pV6Z,762,2.7274736895986345,2.327266793383581
aug-cc-pV6Z,765,4.948962371825241,5.106860930944832
aug-cc-pV6Z,767,4.959908540474863,4.892219001928241
aug-cc-pV6Z,768,4.3508502961264135,5.389072211714485
aug-cc-pV6Z,769,3.533649251227031,4.396352777163958
aug-cc-pV6Z,818,4.178792733399258,3.924824386768572
aug-cc-pV6Z,820,2.5230560226811964,2.427726447566598
aug-cc-pV6Z,833,6.258756087446428,5.643699177103418
aug-cc-pV6Z,841,3.8140512081697424,3.985438795536614
aug-cc-pV6Z,843,4.419850176198022,4.455887296818479
aug-cc-pV6Z,846,4.66862933436291,4.607926580390439
aug-cc-pV6Z,847,5.2759959411695485,5.328411800953821
aug-cc-pV6Z,852,7.99562405604977,9.47918347465675
aug-cc-pV6Z,884,2.0023665822759886,1.9377795766284553
aug-cc-pV6Z,886,4.558071730515404,4.451778918224219
aug-cc-pV6Z,890,1.1540418734811724,1.12890630754334
aug-cc-pV6Z,909,8.987560198605122,9.255169748526448
aug-cc-pV6Z,936,3.672379044812676,4.147721976203946
aug-cc-pV6Z,969,2.283223406197189,2.337984869782306
aug-cc-pV6Z,974,1.3828186060533052,1.1158822081737927
aug-cc-pV6Z,976,7.979372895295094,9.198895472960677
aug-cc-pV6Z,987,5.6559654602531335,6.297384012277575
aug-cc-pV6Z,989,2.7982885342955606,2.571806516936579
aug-cc-pV6Z,998,0.22165997897028258,0.28155737736350117
aug-cc-pV6Z,1003,2.6255670299768155,2.6040774394918307
aug-cc-pV6Z,1014,6.197200822001567,5.471434459333107
aug-cc-pV6Z,1019,4.033534822611804,4.0332584872827715
aug-cc-pV6Z,1032,0.44582908674817723,0.565866898219798
aug-cc-pV6Z,1046,8.419440248692124,10.078792265110264
aug-cc-pV6Z,1047,4.760404658151341,4.892378658949916
aug-cc-pV6Z,1048,7.691082934362658,7.781057104517083
aug-cc-pV6Z,1049,10.111965932701336,11.380823729355031
aug-cc-pV6Z,1074,4.132817443901782,4.374014756524011
aug-cc-pV6Z,1085,4.5073427681197575,4.454597122248004
aug-cc-pV6Z,1108,9.610690556403283,11.178646674876449
aug-cc-pV6Z,1109,10.174086945750478,10.111001944187597
aug-cc-pV6Z,1115,6.841869604876088,7.860708892111093
aug-cc-pV6Z,1117,3.020159648293073,2.928705854749496
aug-cc-pV6Z,1119,13.710869068483467,15.915936989358114
aug-cc-pV6Z,1135,3.1494050107888216,3.207201691654092
aug-cc-pV6Z,1149,3.0230751910851636,3.2272627008594927
aug-cc-pV6Z,1193,4.411818910944926,4.6618757215693245
aug-cc-pV6Z,1194,6.249437971551012,6.166994216349228
aug-cc-pV6Z,1197,3.9497850577957716,3.883865665375983
aug-cc-pV6Z,1207,12.37732284089991,12.047775487846534
aug-cc-pV6Z,1209,3.4928286312444836,3.542013243052496
aug-cc-pV6Z,1241,4.317825092829149,4.17366694697504
aug-cc-pV6Z,1250,2.116459546576888,2.116659024312895
aug-cc-pV6Z,1251,5.235981988375125,6.442298613628559
aug-cc-pV6Z,1256,14.826413404442178,17.20835109385594
aug-cc-pV6Z,1314,1.8868660283456813,1.976633602070637
aug-cc-pV6Z,1315,2.2219941785441493,2.2211862330584045
aug-cc-pV6Z,1332,6.292729504166823,6.425940978144286
aug-cc-pV6Z,1344,2.7541453709941353,2.9401028961423483
aug-cc-pV6Z,1361,3.320599073021522,3.251679958091508
aug-cc-pV6Z,1367,3.268733551126716,3.2143099092615923
aug-cc-pV6Z,1378,5.618885843476149,6.186090514797399
aug-cc-pV6Z,1382,2.404659173193042,2.1786101065844847
aug-cc-pV6Z,1391,4.406740146832371,5.0524876098473115
aug-cc-pV6Z,1395,12.635200362614366,12.770137314956662
aug-cc-pV6Z,1396,16.508126988925614,17.034902898238315
aug-cc-pV6Z,1406,2.626572131545158,2.652024266428439
aug-cc-pV6Z,1408,2.9067679634152874,2.7163911595739187
aug-cc-pV6Z,1409,2.7402083241164066,2.666655144736333
aug-cc-pV6Z,1428,2.253530673168067,2.247366491758462
aug-cc-pV6Z,1429,6.179836140700873,6.216503874717799
aug-cc-pV6Z,1438,3.2121427729453376,3.4028283067372422
aug-cc-pV6Z,1444,4.38789172622452,4.698537429960463
aug-cc-pV6Z,1455,6.8850072516490926,7.372824915447063
aug-cc-pV6Z,1457,5.547095767904147,5.198365534337884
aug-cc-pV6Z,1475,10.864514621285387,12.656036274359861
aug-cc-pV6Z,1479,10.902422198610198,12.201376047957853
aug-cc-pV6Z,1502,11.61332892077293,11.957884646890443
aug-cc-pV6Z,1563,3.36172171756459,3.7381686092230924
aug-cc-pV6Z,1564,7.030047568746129,7.369947213189892
aug-cc-pV6Z,1588,9.48756500213668,10.838645227656327
aug-cc-pV6Z,1603,8.018478419159674,8.43910258146021
aug-cc-pV6Z,1604,7.98728712422673,9.271533668175458
aug-cc-pV6Z,1607,5.367908287078887,5.982148160744499
aug-cc-pV6Z,1610,3.147980288524428,3.1875438630422974
aug-cc-pV6Z,1617,9.636960847196427,11.990621793109707
aug-cc-pV6Z,1619,5.704021530346353,6.06083487380149
aug-cc-pV6Z,1622,5.75085287626748,6.162881427342477
aug-cc-pV6Z,1625,3.7380806082795086,3.8328410732095017
aug-cc-pV6Z,1626,12.732466073739994,13.72768710030633
aug-cc-pV6Z,1630,3.2079848133503535,3.6118480913961855
aug-cc-pV6Z,1633,10.942632698262415,11.232820021875693
aug-cc-pV6Z,1634,9.535557083484901,9.633875246346566
aug-cc-pCVDZ,56,9.169851809957095,8.739506244489414
aug-cc-pCVDZ,93,3.719377673543589,3.6107732788175086
aug-cc-pCVDZ,97,3.434226810004291,3.452370051302641
aug-cc-pCVDZ,103,4.117866443884306,3.8576038908012578
aug-cc-pCVDZ,112,10.035799327181445,10.751470796150961
aug-cc-pCVDZ,117,3.3136830738121024,3.424534030356763
aug-cc-pCVDZ,119,11.873088003233377,9.942177426964578
aug-cc-pCVDZ,129,7.72841266243443,8.235865420559193
aug-cc-pCVDZ,142,3.406837974412044,3.187278299785968
aug-cc-pCVDZ,158,1.4882101500753526,1.5841865040306364
aug-cc-pCVDZ,159,6.565905552668802,7.802702551120526
aug-cc-pCVDZ,205,7.995082596805223,7.7854961705147065
aug-cc-pCVDZ,213,3.7957455277147676,3.8097487561129317
aug-cc-pCVDZ,223,3.1155539237512304,3.0193869381586635
aug-cc-pCVDZ,245,1.678697460389612,1.7088316745647565
aug-cc-pCVDZ,256,0.7020579033154035,0.6681612921151974
aug-cc-pCVDZ,257,1.6667204386887036,1.754677555104205
aug-cc-pCVDZ,267,8.485059061737983,9.681670701649832
aug-cc-pCVDZ,276,8.889346141227971,7.70108686392016
aug-cc-pCVDZ,281,6.064656565504319,5.735966298319141
aug-cc-pCVDZ,282,4.64023905907931,4.413295276600107
aug-cc-pCVDZ,287,7.058354877826189,7.327125659396152
aug-cc-pCVDZ,306,4.0174100806414526,4.759386226526848
aug-cc-pCVDZ,318,4.213984795833003,4.346834805626072
aug-cc-pCVDZ,332,2.157011473593248,2.67144432257893
aug-cc-pCVDZ,336,3.1181389817854765,3.620475516410213
aug-cc-pCVDZ,342,7.343632036222217,7.8928973195094025
aug-cc-pCVDZ,346,8.693219660370499,8.964193182197326
aug-cc-pCVDZ,351,0.3869588766888602,0.49017203691912414
aug-cc-pCVDZ,353,0.20989532843553768,0.27324173640969623
aug-cc-pCVDZ,361,8.120229666903859,6.811081373785975
aug-cc-pCVDZ,381,1.2652046082859079,1.1261773481758548
aug-cc-pCVDZ,390,18.10523052815389,17.972335521855154
aug-cc-pCVDZ,393,4.3769279871033735,4.32887812914999
aug-cc-pCVDZ,397,3.5254674743242185,3.69443583242111
aug-cc-pCVDZ,399,2.0490452033600466,1.7777124585249615
aug-cc-pCVDZ,425,4.093066761340002,4.225325230578741
aug-cc-pCVDZ,438,5.784873820546891,5.782697906555181
aug-cc-pCVDZ,445,2.377917859504289,2.3051727313061456
aug-cc-pCVDZ,460,8.811360494934322,9.628150585497222
aug-cc-pCVDZ,470,2.621640958624972,2.2865284365957903
aug-cc-pCVDZ,489,2.2376379603363223,2.4318461191423975
aug-cc-pCVDZ,529,2.3817263012509717,2.9298653723307138
aug-cc-pCVDZ,533,2.733919936758407,2.7486011473115
aug-cc-pCVDZ,556,2.6096261148111624,3.236747418389384
aug-cc-pCVDZ,580,4.102722870191735,4.239018762651516
aug-cc-pCVDZ,599,0.9481502853396415,0.8542895249156969
aug-cc-pCVDZ,617,12.039302206604818,12.114713477883841
aug-cc-pCVDZ,654,4.3944302612796,4.574593988068144
aug-cc-pCVDZ,655,3.823192329690035,3.8565692594873355
aug-cc-pCVDZ,670,6.20228005999463,5.982865540556173
aug-cc-pCVDZ,710,3.6139183508219173,4.095487636206167
aug-cc-pCVDZ,722,2.480637039216864,2.911327775776771
aug-cc-pCVDZ,753,3.7615033515600094,4.036297736104337
aug-cc-pCVDZ,757,3.8776384671042563,3.727162301712251
aug-cc-pCVDZ,761,7.196121860910086,7.453197223297813
aug-cc-pCVDZ,762,2.8859539083168735,2.5135722081737337
aug-cc-pCVDZ,765,4.958938151816994,5.102747206469824
aug-cc-pCVDZ,767,4.97112847616342,4.948157718057928
aug-cc-pCVDZ,768,4.472551114751707,5.538626900498661
aug-cc-pCVDZ,769,3.630813979404385,4.527136412158941
aug-cc-pCVDZ,818,4.151589030477365,3.8777391488212087
aug-cc-pCVDZ,820,2.5342605827091167,2.4162509636933422
aug-cc-pCVDZ,833,6.285035156855336,5.669232699165253
aug-cc-pCVDZ,841,3.786021922324614,3.9110276570884017
aug-cc-pCVDZ,843,4.478358306272718,4.543864770195203
aug-cc-pCVDZ,846,4.746742503968332,4.672004277187851
aug-cc-pCVDZ,847,5.419403161153152,5.474254233822946
aug-cc-pCVDZ,852,8.088189143799395,9.647586929500436
aug-cc-pCVDZ,884,2.0213736747144133,1.9514229962814524
aug-cc-pCVDZ,886,4.600325614247886,4.478603212136848
aug-cc-pCVDZ,890,1.1663908504840947,1.1271959201803738
aug-cc-pCVDZ,909,9.1015322475914,9.39800784622387
aug-cc-pCVDZ,936,3.6770479297392935,4.116067145683275
aug-cc-pCVDZ,969,2.319828535199623,2.3717022620321444
aug-cc-pCVDZ,974,1.3903277548178472,1.1200419711384584
aug-cc-pCVDZ,976,8.114482702921325,9.395942788051642
aug-cc-pCVDZ,987,5.715578036935749,6.358205434623818
aug-cc-pCVDZ,989,2.84595947447922,2.6226999707670773
aug-cc-pCVDZ,998,0.2376946205334623,0.290345539800303
aug-cc-pCVDZ,1003,2.648157106786231,2.5972608963396686
aug-cc-pCVDZ,1014,6.257947521475454,5.508414764773655
aug-cc-pCVDZ,1019,4.100700377629706,4.085935681884855
aug-cc-pCVDZ,1032,0.48308348529945994,0.6008330268717684
aug-cc-pCVDZ,1046,8.606183361549055,10.285775035637162
aug-cc-pCVDZ,1047,4.794957321178603,4.917309612268109
aug-cc-pCVDZ,1048,7.6598114018215355,7.727306618857957
aug-cc-pCVDZ,1049,10.134129001409278,11.46512175037328
aug-cc-pCVDZ,1074,4.110605990198268,4.356388346266722
aug-cc-pCVDZ,1085,4.496036798712978,4.427131001263054
aug-cc-pCVDZ,1108,9.758185042893931,11.442149166214163
aug-cc-pCVDZ,1109,10.284795762620826,10.245529095077027
aug-cc-pCVDZ,1115,6.950659852095139,7.989136295030892
aug-cc-pCVDZ,1117,3.043552753020015,2.930389240098792
aug-cc-pCVDZ,1119,13.793897927953598,16.10997009359053
aug-cc-pCVDZ,1135,3.22774866575609,3.2323508398993357
aug-cc-pCVDZ,1149,2.974877984651593,3.1560273016260885
aug-cc-pCVDZ,1193,4.46850095439523,4.688268782455635
aug-cc-pCVDZ,1194,6.285890932743675,6.186472223404994
aug-cc-pCVDZ,1197,4.002360855280357,3.924803314875923
aug-cc-pCVDZ,1207,12.47906393725717,12.178963798205732
aug-cc-pCVDZ,1209,3.4715328711162394,3.4977914099975203
aug-cc-pCVDZ,1241,4.364972679521151,4.221569994274185
aug-cc-pCVDZ,1250,2.156396544867475,2.1515139767392997
aug-cc-pCVDZ,1251,5.3672170937535,6.599743964380198
aug-cc-pCVDZ,1256,14.877556808600353,17.28443355692022
aug-cc-pCVDZ,1314,1.9260560742322923,2.0034085635946925
aug-cc-pCVDZ,1315,2.2374702187424353,2.23618770415388
aug-cc-pCVDZ,1332,6.333087741222777,6.5270329045985225
aug-cc-pCVDZ,1344,2.8006056859920943,2.958263424935854
aug-cc-pCVDZ,1361,3.3253578142717237,3.2353187909127876
aug-cc-pCVDZ,1367,3.2854308026524324,3.218914775692379
aug-cc-pCVDZ,1378,5.6142133681359025,6.13760115053618
aug-cc-pCVDZ,1382,2.407139018772112,2.152432748302566
aug-cc-pCVDZ,1391,4.412681244815354,5.046161426950687
aug-cc-pCVDZ,1395,12.730958150047597,12.86890151086271
aug-cc-pCVDZ,1396,16.545587148350016,17.09281157677188
aug-cc-pCVDZ,1406,2.624171428625628,2.632828440371853
aug-cc-pCVDZ,1408,2.9398425183648755,2.7381026199467744
aug-cc-pCVDZ,1409,2.745457616667903,2.656660339517826
aug-cc-pCVDZ,1428,2.2742434432909615,2.2618025801075174
aug-cc-pCVDZ,1429,6.1153220716427095,6.139502396470375
aug-cc-pCVDZ,1438,3.2612222856292226,3.443133317089907
aug-cc-pCVDZ,1444,4.413691225138608,4.695848238446334
aug-cc-pCVDZ,1455,6.820271299171561,7.27921418876472
aug-cc-pCVDZ,1457,5.585755491445794,5.250809923683779
aug-cc-pCVDZ,1475,11.043802902920714,12.88485862624891
aug-cc-pCVDZ,1479,11.063029103227286,12.429847333152507
aug-cc-pCVDZ,1502,11.610579610540887,11.936690542859024
aug-cc-pCVDZ,1563,3.4486489108651415,3.8283030596888756
aug-cc-pCVDZ,1564,6.975498951149664,7.292012667915869
aug-cc-pCVDZ,1588,9.586488315941489,10.99252922075716
aug-cc-pCVDZ,1603,7.968532645119747,8.33281934637117
aug-cc-pCVDZ,1604,8.086192275344771,9.425748174366221
aug-cc-pCVDZ,1607,5.379047681974184,5.988217887643551
aug-cc-pCVDZ,1610,3.1927497726828116,3.222348319522584
aug-cc-pCVDZ,1617,9.651702930861699,12.025337130698762
aug-cc-pCVDZ,1619,5.689392762087063,6.0381599504077315
aug-cc-pCVDZ,1622,5.71673538356768,6.119157756334365
aug-cc-pCVDZ,1625,3.733410374385903,3.780644240922378
aug-cc-pCVDZ,1626,12.798976720207245,13.807474477997667
aug-cc-pCVDZ,1630,3.1897468343772974,3.5971275514256407
aug-cc-pCVDZ,1633,10.940755491630894,11.206860074975108
aug-cc-pCVDZ,1634,9.574078449662174,9.675227435952772
aug-cc-pCVTZ,56,9.0988189214601,8.652246079031125
aug-cc-pCVTZ,93,3.6493153096493485,3.5530482401217145
aug-cc-pCVTZ,97,3.348183850386478,3.3806171686457027
aug-cc-pCVTZ,103,4.072187772238498,3.8164497603468295
aug-cc-pCVTZ,112,9.950325103054197,10.671963533369688
aug-cc-pCVTZ,117,3.2805040858996755,3.4124410464702324
aug-cc-pCVTZ,119,11.772453416860987,9.855826219987275
aug-cc-pCVTZ,129,7.713121085271796,8.180489388737767
aug-cc-pCVTZ,142,3.4078773635658512,3.201318119762272
aug-cc-pCVTZ,158,1.4290718900561157,1.520495593275497
aug-cc-pCVTZ,159,6.478468068133896,7.711327708613111
aug-cc-pCVTZ,205,7.897720312735127,7.667231315576724
aug-cc-pCVTZ,213,3.716197595534112,3.751700369708897
aug-cc-pCVTZ,223,3.0775152832276778,2.987339030153477
aug-cc-pCVTZ,245,1.6409787392839255,1.7160249073587186
aug-cc-pCVTZ,256,0.7104881421445306,0.7060967155151334
aug-cc-pCVTZ,257,1.631085241771558,1.7407611699487346
aug-cc-pCVTZ,267,8.399428264705696,9.521158576924293
aug-cc-pCVTZ,276,8.883164823926059,7.739249628829412
aug-cc-pCVTZ,281,6.053496522046032,5.749615610992469
aug-cc-pCVTZ,282,4.664548224153472,4.463272338521564
aug-cc-pCVTZ,287,7.031304389891067,7.324878740271398
aug-cc-pCVTZ,306,3.929570039443558,4.631615051369386
aug-cc-pCVTZ,318,4.176256027248815,4.344750637979479
aug-cc-pCVTZ,332,2.130626874302367,2.654934608256258
aug-cc-pCVTZ,336,3.0964734560774567,3.6025039942721735
aug-cc-pCVTZ,342,7.256928867446893,7.816966281114554
aug-cc-pCVTZ,346,8.711389987917078,9.078326107336355
aug-cc-pCVTZ,351,0.3821869687073447,0.4937173830188493
aug-cc-pCVTZ,353,0.19012744717245908,0.25113688889010444
aug-cc-pCVTZ,361,8.120476376869687,6.84419564638241
aug-cc-pCVTZ,381,1.1930419264513665,1.0216348302208718
aug-cc-pCVTZ,390,18.015620764493463,17.84569765612218
aug-cc-pCVTZ,393,4.303176203645857,4.252136887526504
aug-cc-pCVTZ,397,3.4929441555253717,3.7307068615812327
aug-cc-pCVTZ,399,2.0288554724228067,1.7643685730122867
aug-cc-pCVTZ,425,4.131284297222537,4.269199782199161
aug-cc-pCVTZ,438,5.7273994070016405,5.728653769787721
aug-cc-pCVTZ,445,2.2955229881141332,2.254985817796581
aug-cc-pCVTZ,460,8.757930631779523,9.540029532293135
aug-cc-pCVTZ,470,2.539014350666543,2.2378910429794012
aug-cc-pCVTZ,489,2.1854114785549728,2.409161621135032
aug-cc-pCVTZ,529,2.3703982450328986,2.929781723363371
aug-cc-pCVTZ,533,2.7041409241655936,2.7849482656839593
aug-cc-pCVTZ,556,2.573667040332966,3.2010609618534915
aug-cc-pCVTZ,580,4.03147672552973,4.1690028527782985
aug-cc-pCVTZ,599,0.9340985190603562,0.841448342852543
aug-cc-pCVTZ,617,11.979606502459253,12.049257407640402
aug-cc-pCVTZ,654,4.376803769164676,4.564842036922621
aug-cc-pCVTZ,655,3.787207306848175,3.827299225125514
aug-cc-pCVTZ,670,6.126446150093039,5.89723208529131
aug-cc-pCVTZ,710,3.569240708828459,4.079138327564816
aug-cc-pCVTZ,722,2.463700501371762,2.907142695450261
aug-cc-pCVTZ,753,3.8105688449846933,4.095661898038016
aug-cc-pCVTZ,757,3.788084634304766,3.610436732220982
aug-cc-pCVTZ,761,7.201638968776775,7.544434008778557
aug-cc-pCVTZ,762,2.7557262673730865,2.355882732421719
aug-cc-pCVTZ,765,4.945578982561539,5.10232872544234
aug-cc-pCVTZ,767,4.957701594496745,4.89775859281955
aug-cc-pCVTZ,768,4.3799488792368795,5.42719374236711
aug-cc-pCVTZ,769,3.5588250777685846,4.43177596397748
aug-cc-pCVTZ,818,4.179498013109976,3.9246839203255903
aug-cc-pCVTZ,820,2.5311275652325613,2.435373775886781
aug-cc-pCVTZ,833,6.268292089441723,5.657390250902131
aug-cc-pCVTZ,841,3.812546326621209,3.9754372746014064
aug-cc-pCVTZ,843,4.430855545821663,4.475489303273826
aug-cc-pCVTZ,846,4.68285961499634,4.625249256945811
aug-cc-pCVTZ,847,5.289596172349226,5.360154124491796
aug-cc-pCVTZ,852,8.009273404738847,9.510479228555862
aug-cc-pCVTZ,884,2.007347223041331,1.9444459540163304
aug-cc-pCVTZ,886,4.568969319279038,4.463763249774157
aug-cc-pCVTZ,890,1.156947647296972,1.1327043519866642
aug-cc-pCVTZ,909,9.003375067525704,9.284807328311254
aug-cc-pCVTZ,936,3.6669953260138577,4.14348383537066
aug-cc-pCVTZ,969,2.2857095116237938,2.344297230203239
aug-cc-pCVTZ,974,1.3832171535628939,1.1213901480577577
aug-cc-pCVTZ,976,8.001239742993638,9.230508313273027
aug-cc-pCVTZ,987,5.6677407156136415,6.318839800833158
aug-cc-pCVTZ,989,2.802160342224383,2.5902187296257155
aug-cc-pCVTZ,998,0.22570504419747103,0.28589705190348014
aug-cc-pCVTZ,1003,2.6354383641663683,2.6130033171357296
aug-cc-pCVTZ,1014,6.208530594101127,5.484001163123516
aug-cc-pCVTZ,1019,4.045641202333083,4.050299646402843
aug-cc-pCVTZ,1032,0.4534897758004567,0.5753418680676502
aug-cc-pCVTZ,1046,8.443854346740718,10.104717998364425
aug-cc-pCVTZ,1047,4.761017795614345,4.896060712224176
aug-cc-pCVTZ,1048,7.684765160697047,7.772126786375206
aug-cc-pCVTZ,1049,10.122415380778117,11.403662840427875
aug-cc-pCVTZ,1074,4.129190440690531,4.372640216609324
aug-cc-pCVTZ,1085,4.505946616785332,4.45037232444705
aug-cc-pCVTZ,1108,9.635897239937961,11.23327854820373
aug-cc-pCVTZ,1109,10.196722302099033,10.148483593033285
aug-cc-pCVTZ,1115,6.8568815638650555,7.883284718312311
aug-cc-pCVTZ,1117,3.02112867674992,2.926220005189624
aug-cc-pCVTZ,1119,13.720668696999619,15.943835716097558
aug-cc-pCVTZ,1135,3.1541619943471537,3.2101763338492155
aug-cc-pCVTZ,1149,3.0104290545524885,3.2085133205706926
aug-cc-pCVTZ,1193,4.410920710499046,4.65869682941591
aug-cc-pCVTZ,1194,6.247390675356328,6.175433005867615
aug-cc-pCVTZ,1197,3.9502983195210133,3.889271296474185
aug-cc-pCVTZ,1207,12.404538299790492,12.093269129318404
aug-cc-pCVTZ,1209,3.490022189424177,3.540189341623186
aug-cc-pCVTZ,1241,4.3254625750305085,4.185669037533609
aug-cc-pCVTZ,1250,2.1247756242046703,2.126474797912787
aug-cc-pCVTZ,1251,5.261718958267169,6.4761543362215255
aug-cc-pCVTZ,1256,14.827366332791609,17.22277456306332
aug-cc-pCVTZ,1314,1.8925083184081195,1.9885418234613912
aug-cc-pCVTZ,1315,2.225891581431035,2.2295390777096387
aug-cc-pCVTZ,1332,6.309060724762251,6.463272710792811
aug-cc-pCVTZ,1344,2.7496363851088725,2.937011232022962
aug-cc-pCVTZ,1361,3.3175661944758716,3.2467407380399536
aug-cc-pCVTZ,1367,3.2684005496650985,3.2140572559576515
aug-cc-pCVTZ,1378,5.618198728201114,6.190477413932149
aug-cc-pCVTZ,1382,2.407765603769048,2.1777334479878556
aug-cc-pCVTZ,1391,4.411776389833254,5.058495038001692
aug-cc-pCVTZ,1395,12.652541460644539,12.801095724055576
aug-cc-pCVTZ,1396,16.522500851227395,17.082794796308633
aug-cc-pCVTZ,1406,2.6235014558128187,2.6482965304154247
aug-cc-pCVTZ,1408,2.9113055173028077,2.7192741979692787
aug-cc-pCVTZ,1409,2.7386205689314824,2.664068188666675
aug-cc-pCVTZ,1428,2.250448896310273,2.248193359489976
aug-cc-pCVTZ,1429,6.172675407793908,6.208410566102078
aug-cc-pCVTZ,1438,3.220855860943812,3.4138470856470624
aug-cc-pCVTZ,1444,4.390220181060599,4.710262838467125
aug-cc-pCVTZ,1455,6.878148842410057,7.365784803616585
aug-cc-pCVTZ,1457,5.558830424717046,5.21459200573842
aug-cc-pCVTZ,1475,10.889745949338256,12.694822223625067
aug-cc-pCVTZ,1479,10.928686404419267,12.243647115778245
aug-cc-pCVTZ,1502,11.620071198226254,11.963284934786138
aug-cc-pCVTZ,1563,3.369423949988775,3.756614502169334
aug-cc-pCVTZ,1564,7.008176809381898,7.356018667356776
aug-cc-pCVTZ,1588,9.49860744477462,10.867420619595636
aug-cc-pCVTZ,1603,7.999415914741765,8.410232901734258
aug-cc-pCVTZ,1604,7.998372981243522,9.299085264294273
aug-cc-pCVTZ,1607,5.37199839471146,5.991263782311663
aug-cc-pCVTZ,1610,3.150229194368709,3.195669054628377
aug-cc-pCVTZ,1617,9.641319438305183,12.00263761505937
aug-cc-pCVTZ,1619,5.691515209992538,6.0552811919533
aug-cc-pCVTZ,1622,5.7430081531497805,6.155879662585019
aug-cc-pCVTZ,1625,3.7345558383122572,3.8213894521498886
aug-cc-pCVTZ,1626,12.741866543607783,13.753959816482007
aug-cc-pCVTZ,1630,3.20614615274154,3.6149678750738805
aug-cc-pCVTZ,1633,10.953426141133745,11.251972156049263
aug-cc-pCVTZ,1634,9.54661452294498,9.655893848582583
aug-cc-pCVQZ,56,9.077916922474078,8.628973971208778
aug-cc-pCVQZ,93,3.643284998904687,3.547493522880591
aug-cc-pCVQZ,97,3.3405259283239155,3.3688381612029357
aug-cc-pCVQZ,103,4.0715823089510215,3.8136334123677114
aug-cc-pCVQZ,112,9.942863174729453,10.664355805586405
aug-cc-pCVQZ,117,3.273917936859581,3.4060142987603856
aug-cc-pCVQZ,119,11.755082329795709,9.834523679518286
aug-cc-pCVQZ,129,7.71410986500564,8.175434888616733
aug-cc-pCVQZ,142,3.403837731873503,3.195898955427506
aug-cc-pCVQZ,158,1.4148769609093943,1.505946886466726
aug-cc-pCVQZ,159,6.462137780487075,7.6920639147915395
aug-cc-pCVQZ,205,7.880728540898269,7.644779026032416
aug-cc-pCVQZ,213,3.7137064710694383,3.747829688571995
aug-cc-pCVQZ,223,3.0685493365050864,2.9780184251528152
aug-cc-pCVQZ,245,1.6417091999708306,1.7206813055548844
aug-cc-pCVQZ,256,0.7146307340862346,0.7094045789598925
aug-cc-pCVQZ,257,1.6276512650737889,1.7384061795448236
aug-cc-pCVQZ,267,8.378495406279589,9.477337905131598
aug-cc-pCVQZ,276,8.876927479126692,7.740049074280026
aug-cc-pCVQZ,281,6.047524243161006,5.746299832100716
aug-cc-pCVQZ,282,4.666300721616374,4.463383221138785
aug-cc-pCVQZ,287,7.031989055506081,7.317011335967716
aug-cc-pCVQZ,306,3.9051517569502057,4.596331195371187
aug-cc-pCVQZ,318,4.1691021198056095,4.341313249273914
aug-cc-pCVQZ,332,2.124351395558249,2.6467168746508203
aug-cc-pCVQZ,336,3.0880669613799103,3.589809676180825
aug-cc-pCVQZ,342,7.243530564394932,7.799941583135287
aug-cc-pCVQZ,346,8.718110845683876,9.090397056093147
aug-cc-pCVQZ,351,0.3805567941042193,0.4919998152460571
aug-cc-pCVQZ,353,0.18281020022148978,0.24088372271080227
aug-cc-pCVQZ,361,8.119639431171878,6.855473804506463
aug-cc-pCVQZ,381,1.193232595719633,1.022598273127538
aug-cc-pCVQZ,390,17.993432192681123,17.80656708115059
aug-cc-pCVQZ,393,4.290874121912013,4.2347260512399165
aug-cc-pCVQZ,397,3.4919525752334857,3.7342427502514504
aug-cc-pCVQZ,399,2.025242063077439,1.7564520878658094
aug-cc-pCVQZ,425,4.142959578069625,4.285220701082027
aug-cc-pCVQZ,438,5.711834026360386,5.708700242787917
aug-cc-pCVQZ,445,2.289382558448586,2.243061450457105
aug-cc-pCVQZ,460,8.751374178227438,9.523720827617822
aug-cc-pCVQZ,470,2.5215677910176946,2.2212509587578313
aug-cc-pCVQZ,489,2.179557922917422,2.405126312516618
aug-cc-pCVQZ,529,2.3664119623464934,2.9242094802510845
aug-cc-pCVQZ,533,2.7026327951790385,2.78990016552977
aug-cc-pCVQZ,556,2.5672290160633726,3.1925463433837065
aug-cc-pCVQZ,580,4.019233650595252,4.152795690460396
aug-cc-pCVQZ,599,0.9347342372131601,0.8409071261599224
aug-cc-pCVQZ,617,11.966097914111197,12.024195083482942
aug-cc-pCVQZ,654,4.371879165515967,4.557785468919206
aug-cc-pCVQZ,655,3.7803075662756327,3.8192752891236026
aug-cc-pCVQZ,670,6.110700340501761,5.879068523584359
aug-cc-pCVQZ,710,3.5640865898720615,4.076965866692009
aug-cc-pCVQZ,722,2.4573567975147985,2.894772338260949
aug-cc-pCVQZ,753,3.8229514744642215,4.112803738814943
aug-cc-pCVQZ,757,3.766475186088858,3.5853206582870634
aug-cc-pCVQZ,761,7.204270777425753,7.553459909201857
aug-cc-pCVQZ,762,2.7271074896947316,2.3293921247350786
aug-cc-pCVQZ,765,4.948556472628035,5.109261851677156
aug-cc-pCVQZ,767,4.957696885030486,4.89050105099803
aug-cc-pCVQZ,768,4.355072870275564,5.394640068087307
aug-cc-pCVQZ,769,3.536311239995306,4.400475624931805
aug-cc-pCVQZ,818,4.178440905921879,3.9220074218436394
aug-cc-pCVQZ,820,2.525365730292415,2.431272282435721
aug-cc-pCVQZ,833,6.261291533974595,5.651142085691988
aug-cc-pCVQZ,841,3.8140594110885186,3.9855376290068705
aug-cc-pCVQZ,843,4.4214983533259336,4.4618363565851284
aug-cc-pCVQZ,846,4.671090399580294,4.614029385404036
aug-cc-pCVQZ,847,5.277106239088322,5.339338812466952
aug-cc-pCVQZ,852,7.997973518884907,9.484458075742035
aug-cc-pCVQZ,884,2.003714621821606,1.9408102193737429
aug-cc-pCVQZ,886,4.5590319664044054,4.45540982427091
aug-cc-pCVQZ,890,1.1548344353916824,1.1308764509535898
aug-cc-pCVQZ,909,8.988930558359904,9.265236824979125
aug-cc-pCVQZ,936,3.6715810275225063,4.1503060353708445
aug-cc-pCVQZ,969,2.2814172926884417,2.3374545984017026
aug-cc-pCVQZ,974,1.382348967576695,1.1181529839937445
aug-cc-pCVQZ,976,7.981826634305158,9.201337267784991
aug-cc-pCVQZ,987,5.65702930657894,6.305317636879995
aug-cc-pCVQZ,989,2.798201936632013,2.583588244720122
aug-cc-pCVQZ,998,0.22206481041947293,0.2823563358079779
aug-cc-pCVQZ,1003,2.6281937865012894,2.607876183006256
aug-cc-pCVQZ,1014,6.199782947833445,5.476490067964451
aug-cc-pCVQZ,1019,4.034674551876672,4.037334242130815
aug-cc-pCVQZ,1032,0.44664213144412956,0.5674072655436636
aug-cc-pCVQZ,1046,8.421713637780023,10.082370722879606
aug-cc-pCVQZ,1047,4.759357167204481,4.895926415144682
aug-cc-pCVQZ,1048,7.690118562175042,7.779975942745842
aug-cc-pCVQZ,1049,10.11523160830446,11.379158385725868
aug-cc-pCVQZ,1074,4.1295285922266025,4.373577557815113
aug-cc-pCVQZ,1085,4.507781038493781,4.4551862996536125
aug-cc-pCVQZ,1108,9.613061883212438,11.186219813983435
aug-cc-pCVQZ,1109,10.178916138920115,10.125341923873357
aug-cc-pCVQZ,1115,6.843074593935936,7.861523243769283
aug-cc-pCVQZ,1117,3.019466453988252,2.9283823829022197
aug-cc-pCVQZ,1119,13.711424201325253,15.91130777995771
aug-cc-pCVQZ,1135,3.1491566160452282,3.209070694141383
aug-cc-pCVQZ,1149,3.0200723869899497,3.2241233549381043
aug-cc-pCVQZ,1193,4.410674840869825,4.663658980124452
aug-cc-pCVQZ,1194,6.248328519626523,6.17428499218741
aug-cc-pCVQZ,1197,3.94925696273017,3.8892006228871905
aug-cc-pCVQZ,1207,12.381757790001325,12.06270488858835
aug-cc-pCVQZ,1209,3.4925449708091696,3.5428301701714022
aug-cc-pCVQZ,1241,4.318867852031192,4.177472255946725
aug-cc-pCVQZ,1250,2.117929975466933,2.1197532020026717
aug-cc-pCVQZ,1251,5.240741238411219,6.447091647608913
aug-cc-pCVQZ,1256,14.824369437932965,17.209945973516124
aug-cc-pCVQZ,1314,1.887745086485492,1.979807625183127
aug-cc-pCVQZ,1315,2.2228297040897935,2.2246378803985247
aug-cc-pCVQZ,1332,6.294984312074318,6.434736302919021
aug-cc-pCVQZ,1344,2.7526346652178795,2.9410402233271746
aug-cc-pCVQZ,1361,3.3209356553429874,3.2536964985323564
aug-cc-pCVQZ,1367,3.269234755908485,3.2166470399983074
aug-cc-pCVQZ,1378,5.620286921096854,6.194418979399201
aug-cc-pCVQZ,1382,2.4060799461564244,2.180416991307178
aug-cc-pCVQZ,1391,4.406308369562976,5.054527466799004
aug-cc-pCVQZ,1395,12.639545639960396,12.783231632536683
aug-cc-pCVQZ,1396,16.512664573001217,17.055933380812615
aug-cc-pCVQZ,1406,2.626956097865751,2.654331210914874
aug-cc-pCVQZ,1408,2.9088653392890595,2.7198448924195966
aug-cc-pCVQZ,1409,2.7406457459583367,2.668824275723504
aug-cc-pCVQZ,1428,2.253120261029051,2.250173409006885
aug-cc-pCVQZ,1429,6.18033822730148,6.21305259031578
aug-cc-pCVQZ,1438,3.213856904397301,3.407050653097984
aug-cc-pCVQZ,1444,4.388200472866349,4.707040267575236
aug-cc-pCVQZ,1455,6.88420104240809,7.3724150988458526
aug-cc-pCVQZ,1457,5.5497503346292625,5.203367569715554
aug-cc-pCVQZ,1475,10.867528638783053,12.66440576057618
aug-cc-pCVQZ,1479,10.90599244119964,12.207723704576148
aug-cc-pCVQZ,1502,11.617493983599442,11.960275894882702
aug-cc-pCVQZ,1563,3.3629234676118673,3.7459871718574833
aug-cc-pCVQZ,1564,7.026113874286542,7.374928556078843
aug-cc-pCVQZ,1588,9.487437505481326,10.842585031279969
aug-cc-pCVQZ,1603,8.01393200801405,8.434909973172667
aug-cc-pCVQZ,1604,7.988252786066141,9.276373058659903
aug-cc-pCVQZ,1607,5.367145232045228,5.984966448002483
aug-cc-pCVQZ,1610,3.1476234494134254,3.1920845298195855
aug-cc-pCVQZ,1617,9.637722012930839,11.989300976969062
aug-cc-pCVQZ,1619,5.702182639918655,6.067537710874472
aug-cc-pCVQZ,1622,5.748778294299323,6.161628095623331
aug-cc-pCVQZ,1625,3.7383942143589746,3.8328880417700186
aug-cc-pCVQZ,1626,12.734940195144317,13.739879934841111
aug-cc-pCVQZ,1630,3.2076210274602728,3.614717327210858
aug-cc-pCVQZ,1633,10.947242333212452,11.244125784189764
aug-cc-pCVQZ,1634,9.539567730535113,9.646358430089943
aug-cc-pCV5Z,56,9.073134458308727,8.620103778551707
aug-cc-pCV5Z,93,3.6425150998958076,3.544033410959088
aug-cc-pCV5Z,97,3.3411726764674277,3.3644408512138075
aug-cc-pCV5Z,103,4.072306277275957,3.807867564386047
aug-cc-pCV5Z,112,9.9424508784946,10.65929915013699
aug-cc-pCV5Z,117,3.272333587244391,3.402917620959284
aug-cc-pCV5Z,119,11.754085354632958,9.831344104371462
aug-cc-pCV5Z,129,7.719313841867521,8.173521766394158
aug-cc-pCV5Z,142,3.406130787700278,3.1967806113702997
aug-cc-pCV5Z,158,1.4134458092661755,1.5033993512170407
aug-cc-pCV5Z,159,6.459402790660086,7.685144595594711
aug-cc-pCV5Z,205,7.879737048848493,7.636827681882523
aug-cc-pCV5Z,213,3.7141275980338806,3.7407507436778418
aug-cc-pCV5Z,223,3.067174106214076,2.9747778915985315
aug-cc-pCV5Z,245,1.641223018836135,1.721062828148372
aug-cc-pCV5Z,256,0.714620787830153,0.7086428585428781
aug-cc-pCV5Z,257,1.6271285189792117,1.7381399879485935
aug-cc-pCV5Z,267,8.381435412180226,9.46793709767325
aug-cc-pCV5Z,276,8.873532786514236,7.735931356321587
aug-cc-pCV5Z,281,6.0460831580459,5.743262041472146
aug-cc-pCV5Z,282,4.6670988746217255,4.4619045709240845
aug-cc-pCV5Z,287,7.031950467360867,7.303271520727145
aug-cc-pCV5Z,306,3.9061557298489955,4.591709373382821
aug-cc-pCV5Z,318,4.166996967954921,4.338788081337458
aug-cc-pCV5Z,332,2.1230846671516055,2.6439150358757217
aug-cc-pCV5Z,336,3.0869689440295454,3.5859936405525072
aug-cc-pCV5Z,342,7.240158636291221,7.790875402010355
aug-cc-pCV5Z,346,8.718058730589922,9.085607085032548
aug-cc-pCV5Z,351,0.38001833528688495,0.49129413511258013
aug-cc-pCV5Z,353,0.18078404250624158,0.23762639751156925
aug-cc-pCV5Z,361,8.117779134634008,6.854876081261484
aug-cc-pCV5Z,381,1.1959833544463434,1.0260511458357415
aug-cc-pCV5Z,390,17.990328183734068,17.786809316063525
aug-cc-pCV5Z,393,4.288791188030176,4.228288814674054
aug-cc-pCV5Z,397,3.4922323731375307,3.7339662712052357
aug-cc-pCV5Z,399,2.0249319335942464,1.753655424712618
aug-cc-pCV5Z,425,4.144436364762261,4.286370722318712
aug-cc-pCV5Z,438,5.709278120596303,5.701220012427874
aug-cc-pCV5Z,445,2.2934734406801036,2.243864498837521
aug-cc-pCV5Z,460,8.753273221681406,9.516722231944806
aug-cc-pCV5Z,470,2.522560760554957,2.2210286916411364
aug-cc-pCV5Z,489,2.1785676394916713,2.4045760296569507
aug-cc-pCV5Z,529,2.364531383529398,2.920629099154335
aug-cc-pCV5Z,533,2.701980538899551,2.7900999897268086
aug-cc-pCV5Z,556,2.5649419335321677,3.188137146397615
aug-cc-pCV5Z,580,4.017160607716095,4.146940898763307
aug-cc-pCV5Z,599,0.935525992211662,0.8410914377080532
aug-cc-pCV5Z,617,11.963168075932323,12.01088775075062
aug-cc-pCV5Z,654,4.371046320229898,4.553986630304636
aug-cc-pCV5Z,655,3.778122087914164,3.814519761585793
aug-cc-pCV5Z,670,6.107891583760819,5.871644820736656
aug-cc-pCV5Z,710,3.562872083816317,4.074773614029993
aug-cc-pCV5Z,722,2.4575629639603433,2.8907784140805823
aug-cc-pCV5Z,753,3.827029994826644,4.116301191567068
aug-cc-pCV5Z,757,3.7673957609745736,3.582944256490328
aug-cc-pCV5Z,761,7.204050410944396,7.550293968476705
aug-cc-pCV5Z,762,2.7321127763344966,2.3336059414246
aug-cc-pCV5Z,765,4.9481859425306824,5.108450260883743
aug-cc-pCV5Z,767,4.9610493370833195,4.886967218781325
aug-cc-pCV5Z,768,4.355661291273779,5.39134598414566
aug-cc-pCV5Z,769,3.5379933976716216,4.398068160809473
aug-cc-pCV5Z,818,4.180855513999973,3.9224504720345212
aug-cc-pCV5Z,820,2.52329823855623,2.428832161902078
aug-cc-pCV5Z,833,6.259127108456761,5.646150354508913
aug-cc-pCV5Z,841,3.813873248312426,3.9865489870037996
aug-cc-pCV5Z,843,4.420389249376381,4.458758892013373
aug-cc-pCV5Z,846,4.669077996966215,4.609365521948128
aug-cc-pCV5Z,847,5.278261118759889,5.331718772852879
aug-cc-pCV5Z,852,7.998973911368845,9.47491636761359
aug-cc-pCV5Z,884,2.002553227178895,1.938646334087388
aug-cc-pCV5Z,886,4.558309832441398,4.452590332783122
aug-cc-pCV5Z,890,1.1542101322936371,1.1300777395903316
aug-cc-pCV5Z,909,8.988484604834554,9.258843938017115
aug-cc-pCV5Z,936,3.6717491422612665,4.149159441025764
aug-cc-pCV5Z,969,2.2837932657050706,2.3374273236304552
aug-cc-pCV5Z,974,1.3827950159422127,1.1170963371026001
aug-cc-pCV5Z,976,7.983533756463382,9.197106389233776
aug-cc-pCV5Z,987,5.656071269825784,6.299959507382984
aug-cc-pCV5Z,989,2.798786555696697,2.5741604985025894
aug-cc-pCV5Z,998,0.22183501655036558,0.28185477407670356
aug-cc-pCV5Z,1003,2.6259064055556562,2.6051922471890885
aug-cc-pCV5Z,1014,6.197823635193417,5.4742242819998355
aug-cc-pCV5Z,1019,4.034602086079944,4.034413092822321
aug-cc-pCV5Z,1032,0.44630021467368625,0.5665849426389493
aug-cc-pCV5Z,1046,8.419987017676876,10.079067464865352
aug-cc-pCV5Z,1047,4.759639829570598,4.894972706658206
aug-cc-pCV5Z,1048,7.691208253105441,7.778081609481937
aug-cc-pCV5Z,1049,10.116701336323079,11.367621616406694
aug-cc-pCV5Z,1074,4.132529948130558,4.375249335025314
aug-cc-pCV5Z,1085,4.507609416459536,4.454105731189626
aug-cc-pCV5Z,1108,9.614699911249064,11.172972735559517
aug-cc-pCV5Z,1109,10.175077129527883,10.115094121984834
aug-cc-pCV5Z,1115,6.8454143603721365,7.857874711287816
aug-cc-pCV5Z,1117,3.020180748928693,2.929323230839145
aug-cc-pCV5Z,1119,13.7163852946791,15.899180819280362
aug-cc-pCV5Z,1135,3.1501164361156033,3.2112112127964227
aug-cc-pCV5Z,1149,3.0219549742990814,3.2270911020875226
aug-cc-pCV5Z,1193,4.411707892399076,4.6623411484228665
aug-cc-pCV5Z,1194,6.249144754419524,6.168107838930577
aug-cc-pCV5Z,1197,3.9494560075978726,3.8848562611539252
aug-cc-pCV5Z,1207,12.377925671124709,12.048925780560532
aug-cc-pCV5Z,1209,3.4935679751977387,3.542337787627888
aug-cc-pCV5Z,1241,4.317825232637085,4.174849823755664
aug-cc-pCV5Z,1250,2.1166851428450655,2.1174232061859644
aug-cc-pCV5Z,1251,5.240146145448633,6.44196148442013
aug-cc-pCV5Z,1256,14.828620693199195,17.20329022000245
aug-cc-pCV5Z,1314,1.887901055388761,1.977250284805091
aug-cc-pCV5Z,1315,2.2220879567390908,2.22238390609559
aug-cc-pCV5Z,1332,6.294977156853618,6.426480838643455
aug-cc-pCV5Z,1344,2.7543530019255287,2.942639488995354
aug-cc-pCV5Z,1361,3.3202338433179523,3.2533604973121233
aug-cc-pCV5Z,1367,3.268456283870487,3.2157202457922844
aug-cc-pCV5Z,1378,5.618937228657797,6.190018448859078
aug-cc-pCV5Z,1382,2.40466973152482,2.179322299332372
aug-cc-pCV5Z,1391,4.40642522226353,5.053298700750629
aug-cc-pCV5Z,1395,12.635879180477367,12.773707627012417
aug-cc-pCV5Z,1396,16.508689305944785,17.038045673905224
aug-cc-pCV5Z,1406,2.625897081786822,2.6537589675209823
aug-cc-pCV5Z,1408,2.9071518439206927,2.7180824401305994
aug-cc-pCV5Z,1409,2.73965838638535,2.6685255813341775
aug-cc-pCV5Z,1428,2.252653151789494,2.249123254288203
aug-cc-pCV5Z,1429,6.18111967643883,6.210459638568705
aug-cc-pCV5Z,1438,3.212464713135802,3.4040646496551057
aug-cc-pCV5Z,1444,4.388304011048691,4.700939355875512
aug-cc-pCV5Z,1455,6.885838410665909,7.371745997984326
aug-cc-pCV5Z,1457,5.5476671171019705,5.1997238740145
aug-cc-pCV5Z,1475,10.865171514622752,12.657396873091052
aug-cc-pCV5Z,1479,10.906788229173817,12.19965719314575
aug-cc-pCV5Z,1502,11.6157653612562,11.951598334222956
aug-cc-pCV5Z,1563,3.3622570985568343,3.740273596872754
aug-cc-pCV5Z,1564,7.02997589153681,7.368602532602221
aug-cc-pCV5Z,1588,9.490095668826628,10.835855127833032
aug-cc-pCV5Z,1603,8.01735196602621,8.436868334654399
aug-cc-pCV5Z,1604,7.989413092836101,9.268688467560688
aug-cc-pCV5Z,1607,5.367584437111528,5.982924577706186
aug-cc-pCV5Z,1610,3.14730318827495,3.1902370991399223
aug-cc-pCV5Z,1617,9.640420048004433,11.984340576613679
aug-cc-pCV5Z,1619,5.703392194030322,6.06227494812324
aug-cc-pCV5Z,1622,5.751091423302158,6.161658011393201
aug-cc-pCV5Z,1625,3.73825419584405,3.833673782731737
aug-cc-pCV5Z,1626,12.732868208732572,13.729714004407693
aug-cc-pCV5Z,1630,3.2079197566667346,3.613121041919445
aug-cc-pCV5Z,1633,10.943142286547465,11.233251820392393
aug-cc-pCV5Z,1634,9.53624533939212,9.637129364998886
