,information,information,information,information,information,density maxMNAE,density maxMNAE,density maxMNAE,density meanMNAE,density meanMNAE,density meanMNAE,IP,IP,IP
,year,type,hybrid ex,hybrid corr,XYG3-type,RHO,GRD,LR,RHO,GRD,LR,RMSE,MAE,MaxE
functional,,,,,,,,,,,,,,
CCSD,0,WFT,,,,0.0,0.0,0.0,0.0,0.0,0.0,0.01709605945188354,0.01573789747595337,0.02299487104399134
MP4(SDQ),0,WFT,,,,0.245539,0.233093,0.16164,0.07653164285714287,0.06682428571428571,0.06061835714285714,0.2224410156074777,0.2189174777399039,0.26983070644155305
MP3,0,WFT,,,,0.881324,0.967352,0.71842,0.3391004285714286,0.2535061428571429,0.14877614285714283,0.4809934517316739,0.4685819465468472,0.621211337035902
MP2,0,WFT,,,,1.413851532,1.51179649,1.114342622,0.590162298142857,0.40604759042857147,0.2323729087142857,1.0048636179934263,0.9726342819375873,1.3348402816637304
HF,0,WFT,,,,2.526158527,2.052249295,1.460902526,1.1003082719285713,0.6426922124285713,0.34432779599999996,2.7965261913247783,2.729346320273745,3.594776658259491
Slater,1974,LDA,,,,4.864004385430373,4.173124660159213,3.473472318232977,1.971087086512863,2.3531273032012137,1.5618312950241913,4.933850018094268,4.792929390073909,6.478653865711522
SVWN,1980,LDA,,,,3.7251312351239,3.983243849965701,3.3490781819296798,1.5906164293688339,2.100240209823556,1.402465416142448,1.8854538180680323,1.718071995388943,2.882352068913235
SVWN1RPA,1980,LDA,,,,3.631282557438367,3.9759362121859527,3.345895039031608,1.5570111723105204,2.084710833456602,1.3936291655962454,1.0157485468054879,0.8099390660497505,1.813514199070255
VWN1RPA,1980,LDA,exact,,,3.650340810305184,2.2107741789951434,1.7071102222577328,1.0135925294277148,0.821209063207917,0.4779477423443192,1.3792432512322894,1.36752597907545,1.5779317890266782
VWN5,1980,LDA,exact,,,3.539820926547149,2.2025675822367465,1.694459112222933,1.019636759552537,0.8078639180539593,0.46910490367951013,0.4102529438685391,0.3479125714017132,0.6272237356666395
PZ81,1981,LDA,exact,,,3.494538839922347,2.204207404591114,1.6955307270984654,1.0208521672644346,0.8086106552065363,0.4700848931420878,0.40898372125088595,0.346259672598503,0.6383589781980774
SPZ81,1981,LDA,,,,3.764321989614936,3.983683202357714,3.3458021116299883,1.597061248015173,2.0997782228236863,1.401279275073012,1.9021054127507189,1.7294842343112613,2.9141378784843255
BP86,1986,GGA,,,,2.474340518097383,2.0960901245100017,2.46987248680094,0.9811026035346322,1.114503045447749,1.2566322767326077,0.8788504141340303,0.8063648334300227,1.2912416679496346
OP86,1986,GGA,,,,2.1066953980666048,2.3791175721180875,1.9532654389222108,1.0791969363087148,0.9337632396531438,0.7554693677180399,0.9251550156321497,0.8318882326047069,1.3971044298578477
P86,1986,GGA,exact,,,3.650008953717273,2.293808126821681,1.6590031558320633,1.220315642558608,0.8298165156661259,0.4673738595405104,1.4708809702862216,1.3546334419631876,2.168802130443794
SP86,1986,GGA,,,,3.708822326454305,3.820440052124487,3.2774972063558008,1.7532986627670868,2.1927931169097206,1.4675644165421644,3.6080228840195825,3.4245849941302153,5.060732446601946
BC,1988,mGGA,exact,,,3.440766622716791,2.13778679718146,1.5414290859654904,1.0187413049089564,0.7175243669507557,0.3892563474154532,1.1817872658306519,1.1150096329383044,1.6937951508986089
Becke,1988,GGA,,,,3.716000880332646,2.001388193559738,2.4257776522365755,1.1630848736656134,1.18571558967442,1.3194214553969215,2.212435121732754,2.1787539069316977,2.7133901193498104
BLYP,1988,GGA,,,,3.458304355327244,2.0498774370327544,2.454590250498549,1.0547190424942008,1.1958428061375013,1.32972552720787,0.33178481080829964,0.2736555387143511,0.5686484269222092
BPZ81,1988,GGA,,,,2.955854151731597,2.086839695533913,2.6077529225177507,0.9270980963098624,1.241611131033574,1.3991508285624943,0.89259209127801,0.8922712227967248,0.9213644851082279
BVWN,1988,GGA,,,,2.9286642750696106,2.085574487016604,2.606501046163006,0.9227285331255972,1.2407317402526996,1.3984081546600844,0.9042806645313296,0.9039343617694952,0.9292147485761859
BVWN1RPA,1988,GGA,,,,2.8695720933641957,2.093730247513686,2.615990998673339,0.9151151928189859,1.246300253550883,1.403172497635031,1.9248963533234051,1.9240592535256102,1.9675217961232647
LYP,1988,GGA,exact,,,2.786136168182455,2.021356702910582,1.4964717643024985,0.9837628876692014,0.6329314835247792,0.3667215896413562,0.922341152042596,0.825643501639122,1.4504154831875553
SLYP,1988,GGA,,,,4.428321362083983,4.179516747121095,3.4966391192003115,1.8243804131050922,2.300717028017312,1.525832591578099,3.048225778572539,2.8890523338525824,4.333923149899476
BPW91,1991,GGA,,,,2.3297521732886146,1.956081246512118,2.328659660864116,0.9559682559351688,1.0922204565937292,1.219946325394506,0.720000314123959,0.6718226527187715,1.048647379030001
PW91,1991,GGA,,,,2.6423405239501347,1.8700934863411147,2.2850544773817654,0.9935965096740313,1.1065402844763552,1.2140093818741153,0.34169201250703884,0.2930864045774643,0.5491134987825035
PW91C,1991,GGA,exact,,,3.827092752998998,2.140428735546647,1.4974119837682502,1.1660605493588143,0.7541090275540319,0.4202731462492265,1.3137804307915475,1.2213274229806348,1.929073585117976
PW91LYP,1991,GGA,,,,3.763418643781264,2.1352787189282507,2.415551613738819,1.1534295084681585,1.2203905378700122,1.323789481131492,0.1521293026444533,0.13127089199640926,0.229286431678851
PW91P86,1991,GGA,,,,2.7811506285900904,2.004451400806071,2.4225137381607875,1.027111624723496,1.119902194706984,1.2469176053258437,0.5041074893785813,0.42752840622986216,0.7927000332393845
PW91PZ81,1991,GGA,,,,3.262574556495343,2.064338193597247,2.564066727720484,0.996337598690663,1.2465969020989314,1.389224293764421,1.2762390218451345,1.273752292976205,1.3580248592714383
PW91VWN,1991,GGA,,,,3.235351549973936,2.061801460074268,2.5628206501522888,0.9919733467501463,1.2458282949586963,1.3885206844361775,1.2888519882548732,1.2853950784807797,1.3899186648864656
PW91X,1991,GGA,,,,4.015004377022837,2.084667076488533,2.386123705088312,1.2412402437269299,1.2091084400630516,1.3146190533343023,1.8213580865524461,1.796140198131366,2.210781026657287
SPW91,1991,GGA,,,,3.499652872106168,3.987878659939652,3.4743274694297406,1.7356336867301592,2.2997155559499376,1.5600889397450801,3.4537480728418486,3.2921373268437435,4.818367126346743
B3LYP,1993,GGA,hybrid,,,2.1227734985090967,1.7121867361033782,1.90596703514881,0.9189419744202031,0.9375326766569136,0.9776152450937913,0.45616302094958533,0.37601484447282846,0.7761551103324109
B3LYPV1R,1993,GGA,hybrid,,,2.108666157038792,1.7133956347210315,1.9078033634731388,0.9127606017413533,0.937545908600189,0.9783141600309481,0.3101197902849225,0.2486696357940031,0.5730553887175347
B3P86,1993,GGA,hybrid,,,1.7017345747583763,1.8718771287166889,1.9362015452971733,0.8676756323181805,0.8743987260239064,0.9176080471975041,0.7225473982291681,0.6135555877852757,1.1580909476450643
B3PW91,1993,GGA,hybrid,,,1.651938352041993,1.756371203563963,1.813514485376392,0.8550958388261133,0.8686913311295869,0.8924472447155919,0.768914590151183,0.7004923200312021,1.1681512233698186
BHHLYP,1993,GGA,hybrid,,,1.6839194772458104,1.699923125388609,1.5121516963945112,0.7854497100570365,0.6877746186437639,0.6258168617411565,0.6346231895978142,0.5447934466334902,1.0440576586172483
B1B95,1996,mGGA,hybrid,,,1.61849635591851,1.9421067950801232,2.0333288153575344,0.7905811529195591,0.9148356257908956,0.9796252947246463,0.7606057348464258,0.7251722335451932,1.0658569523899928
BPBE,1996,GGA,,,,2.240238522082335,1.9424208982416635,2.282808056189381,0.9655559685099419,1.0725266248633554,1.1886573695324858,0.8221850733057072,0.7702462727801477,1.1873461219748833
PBEC,1996,GGA,exact,,,3.899420894524319,2.1412298357396917,1.4787678893552565,1.189557439910305,0.7656371708426984,0.4323436671089697,1.4145902020286798,1.3183873051419812,2.066446052070603
PBEP86,1996,GGA,,,,2.734962184644399,1.9707735939084716,2.3528826396707774,1.040220865087128,1.1077183117648095,1.2044253752863625,0.6318449295935037,0.555908017650219,0.9697531429903847
HCTH407,1997,GGA,,,,2.160802235045164,1.743407485711156,1.0770816916027774,0.9889740545587404,0.7328270775728384,0.4604086163794799,0.7433598175968387,0.6060429397114468,1.2718477507052057
OP,1997,GGA,exact,,,3.628409763221481,2.1230643110831777,1.4928350933194598,1.1414980655388853,0.7329903764072144,0.4084948288446052,1.3744377818742766,1.2852357122183864,1.9966809169620205
PBE,1997,GGA,,,,2.4934444672832106,1.8260843631957349,2.170298898315957,1.0144282678326335,1.0813673402771804,1.1420244300236408,0.572041220932484,0.520415769167394,0.8653004931683768
PBELYP,1997,GGA,,,,3.706910887818725,1.9920250089801117,2.34758274453082,1.1660186736712013,1.2116056154272503,1.2833946960965525,0.13957017659528642,0.1217950271305952,0.24160681786963778
PBEOP,1997,GGA,,,,3.141312555696396,1.8711498083777636,2.297963949588778,1.0456000332885398,1.1586418674230383,1.2468008629450504,0.4277304132118667,0.40694394090612224,0.6125162141951819
PBEPW91,1997,GGA,,,,2.5747241099320166,1.839828086885568,2.2160238660246057,1.006822728198611,1.0983089147383465,1.172421994579148,0.470528332603508,0.42161798142746915,0.7263048267919885
PBEPZ81,1997,GGA,,,,3.1644616203443774,1.969934962630044,2.4953043133565007,1.0027840809423167,1.2288995120373998,1.3468456027388844,1.1460590812265046,1.1450160924632915,1.1827772677381176
PBEVWN,1997,GGA,,,,3.1347804414423384,1.968633390992382,2.4940416969923818,0.9981710247873538,1.2281296502630585,1.3461401152418742,1.158355343923056,1.156652641966441,1.2123808398816323
PBEX,1997,GGA,,,,3.992314046400804,1.9556045602413383,2.3175008701829327,1.2575514395412914,1.2032419175351883,1.2736789807797158,1.9538870607280363,1.9249047144351945,2.388365501111707
PW91PBE,1997,GGA,,,,2.554321075340832,1.855502155137776,2.2390827386302266,1.0005411362973418,1.0881775716831477,1.1833477310629303,0.44194431277257534,0.3919021529702036,0.688161022775148
SOP,1997,GGA,,,,3.691495628338062,4.037632290619218,3.48732223434224,1.7577300647102625,2.3049701443241513,1.5593269527709972,3.513777102161827,3.3540075416498056,4.884460294575888
SPBE,1997,GGA,,,,3.461177173856387,3.976629344016484,3.480998229960694,1.7530005989609536,2.3230152368115573,1.5796427480249895,3.5562690280614375,3.3905823864727993,4.957201295641369
B97-1,1998,GGA,hybrid,,,1.7211240082291888,1.961902775726372,1.942481126984757,0.8476725573433846,0.8871993364483114,0.8955430074296499,0.7556348688911575,0.704299766993992,1.1113481742337399
EDF1,1998,GGA,,,,2.0986474418323566,1.9905185103468332,2.0323064821796875,0.9121678688946042,0.9620364409107311,0.9843812417784303,0.6733350105285344,0.5874498823271281,1.096068267406281
mPW1LYP,1998,GGA,hybrid,,,1.9929194153906409,1.8405255163157,2.0687902917725958,0.924646704725693,0.9651331829553705,1.0277907943466524,0.32909139644944185,0.2606844769492523,0.5801909175512492
mPW1PBE,1998,GGA,hybrid,,,1.6988111079280663,1.8769891739492963,1.9103994195058636,0.8424226180989318,0.8584244043451196,0.8898293362987008,0.813286193291861,0.7529135921560991,1.1999195346705278
mPW1PW91,1998,GGA,hybrid,,,1.674899913511548,1.8876506538931863,1.955072191725309,0.831203177844391,0.875702001745421,0.9208719994485995,0.7116218332103305,0.6547071675432127,1.0614355686115573
mPW3PBE,1998,GGA,hybrid,,,1.6237347910128836,1.7335876797232228,1.8144215528145704,0.8604096467718608,0.8774255841206634,0.8984200189134015,0.6127460672616858,0.544517692261555,0.9599622089584727
mPWPBE,1998,GGA,,,,2.3849873221474627,1.9161629844034875,2.2878357895939585,0.9734086104976185,1.0846478393448693,1.1968592794998638,0.6061127105233404,0.557106599425893,0.9033492054180101
PBEh1PBE,1998,GGA,hybrid,,,1.6744731759513367,1.829958222274828,1.983382890464199,0.884186772949879,0.9105776004153056,0.9729210513861297,0.7906132582963051,0.7278360903292421,1.1767234997556102
revPBE,1998,GGA,,,,2.103277722100091,2.074197860840308,2.369578080037467,0.9943790436060468,1.1026669944366483,1.2027285229642992,0.5336405996224813,0.48068454039144726,0.8164716838238633
PBE0,1999,GGA,hybrid,,,1.6783132476664744,1.7988716289726163,1.8160524193875875,0.8630091173824636,0.8500704801231063,0.8467717009712857,0.78771142166724,0.7256577258362084,1.1715411042986261
PKZB,1999,mGGA,,,,2.025001672056154,2.1664160879586816,1.9845964293613976,1.1365132095893593,1.0253975497233643,0.9776954261000554,1.0482720707287718,0.9528022064919881,1.589618938825481
RPBE,1999,GGA,,,,2.1398059873201576,2.152728435168681,2.4516296189122926,1.0139415655015047,1.1396342357365494,1.2387168339615513,0.31064790237754203,0.2570878988054197,0.5132126619111546
B3LYP*,2001,GGA,hybrid,,,2.445838191667036,1.7060961083808142,1.8236623353102608,0.963787951431079,0.958819410081834,0.9743530768498548,0.39862364570790404,0.31443103787953436,0.716610273131721
B97-2,2001,GGA,hybrid,,,1.9116411732388376,2.017746527393641,1.5962847036051906,0.8639835305627035,0.731312273143928,0.6130156445428607,1.1384098250596724,1.0694209652005047,1.6464995459970737
BOP,2001,GGA,,,,2.908701755406932,1.9462375058364896,2.4097128549294253,0.9654363852843166,1.1510676285640058,1.2944128611639794,0.6804419857188957,0.6557180799042884,0.9338993714021626
O3LYP,2001,GGA,hybrid,,,1.818096914246525,1.9465284145438893,1.6157467300110226,0.927797552390815,0.7919607207795487,0.6466978847261974,0.4263031022342257,0.3410479402675802,0.7479052294669373
OLYP,2001,GGA,,,,1.9017662392786283,2.1194102576838048,1.8539137217597297,1.0084640495274562,0.9116690922686628,0.7833082459307107,0.39966694495666205,0.3201635051302662,0.6911468950705739
OPBE,2001,GGA,,,,2.06719993565476,2.2349268394454307,1.7605606682754606,1.1102650581579996,0.8816202910532015,0.6717511511637727,0.8651004718827796,0.7933095530002632,1.2929703113370579
OPTX,2001,GGA,,,,1.9608673069412503,2.146837040344544,1.8205154695588024,1.1221773475648777,0.9053630998494641,0.7685797533140054,2.2583788803290195,2.2149993278296187,2.83025436513077
OPW91,2001,GGA,,,,2.04213248936748,2.236554202903315,1.7942048528652903,1.0949507377834722,0.8921638042847267,0.6987596044898833,0.7650940777234926,0.6965885234124028,1.1560290138789924
OPZ81,2001,GGA,,,,1.8960732032264365,2.308341113270929,2.044199189137318,1.0367595761867154,1.029573245953946,0.8846270316605142,0.8584808449932131,0.8558879193729444,0.9230673815349348
OVWN,2001,GGA,,,,1.894078806780533,2.3074021771536533,2.043057755026065,1.035516119978785,1.0289967664219948,0.8836702363536842,0.8691262494899779,0.8675167921391006,0.9200884720150668
OVWN1RPA,2001,GGA,,,,1.9213812145353053,2.316500621317572,2.05489803052185,1.0436393356315172,1.0399604001505665,0.8906211905119303,1.8878420974662995,1.8875856797837471,1.9249786945563017
τHCTH,2002,mGGA,,,,2.220002016470734,2.085429233581681,2.054957279647557,1.1025677227210113,0.9778525992610181,1.1362521764797295,1.2583007086095161,1.1145866667753108,1.990011146780887
τHCTHhyb,2002,mGGA,hybrid,,,1.859882264145048,1.8370647278171863,1.8824933455591883,0.9147985857476384,0.8741350838883749,1.0439063080472766,1.0013620688680644,0.9027341333100741,1.5517749373587435
TPSS,2003,mGGA,,,,1.948065475147916,2.042917706577722,1.6375345495929818,0.9407730009324444,0.7548486149037891,0.6218744422929311,0.7288492297347983,0.668806142203664,1.0898367834129772
TPSSh,2003,mGGA,hybrid,,,1.902901483917039,2.0454579716105714,1.6046955212151288,0.8975866946898764,0.7153996201334568,0.5754946524390352,0.7960240464459237,0.7324804634946472,1.1857890941398068
B97-K,2004,GGA,hybrid,,,1.585515698318778,2.281506440694428,2.842566060090617,0.8836810854687634,1.2512499123732632,1.4326333247676748,0.3549919900357042,0.34542884240323346,0.4647563982061911
BMK,2004,mGGA,hybrid,,,1.6973788261190572,1.9136030975863247,3.089676586956704,0.7890414718003981,1.1937390549077613,1.8031923098367162,1.4087391980260755,1.3573969149827658,1.9125429711165793
CAM-B3LYP,2004,GGA,range-separate,,,2.34288665099718,1.832122584315366,2.103398328751285,0.9633943922707848,0.9927723852478361,1.0652375304342765,0.4642943953866702,0.36831508720086364,0.8253476712882275
B97-3,2005,GGA,hybrid,,,1.6239211178172483,1.846970410406482,1.8797005277547325,0.754750649101485,0.8610631420293916,0.8771181987363441,1.073411548009915,1.008948325628386,1.553662908981778
M05,2005,mGGA,hybrid,,,1.728544027029674,2.744558992295729,5.766840149770148,1.0368323555095267,1.9216400172933867,3.6229368744817725,0.28311879518021466,0.2655512359894712,0.4073469194414088
M05-2X,2005,mGGA,hybrid,,,2.6772521024741214,2.318220035380669,3.739927422751551,0.999592546595004,1.3884743308765581,1.9652121104812126,0.3358190256162252,0.3193628660372217,0.4723361044480612
MOHLYP,2005,GGA,,,,2.2462350391962813,1.551799576018121,1.2314252611520562,1.1903769587011037,0.9386914539856722,0.5779928155141548,1.3952763557001038,1.2546230410608352,2.1712428098468877
mPWLYP1w,2005,GGA,,,,3.529047772173383,2.0831300441108085,2.4796266150625432,1.0731108333092825,1.2153725504526907,1.3458061718502972,0.14260909560462395,0.12459833972804546,0.21888036269579914
PBE1KCIS,2005,mGGA,hybrid,,,1.5723109202848613,1.7915988039404664,1.9541656968742995,0.8697570019505853,0.9308816127547255,0.9705377601133912,0.673445534339672,0.6293245459434592,0.9843396162052045
PBELYP1w,2005,GGA,,,,3.5460176254885565,1.9654556647439805,2.384832327756188,1.11529426845157,1.2116423709229014,1.2985790322738584,0.3003336401862074,0.2868719354487806,0.3802465237536339
TPSSLYP1w,2005,mGGA,,,,2.934510209047424,2.010567062611518,1.773179531949221,0.9219159667964203,0.8438512389237776,0.7226813259581304,0.17567055481063648,0.1520201398050247,0.27776132229087125
X3LYP,2005,GGA,hybrid,,,2.083415650583751,1.7013803724250192,1.884924767416321,0.9265694044395343,0.9290037600562907,0.9612621092359946,0.34927229974219903,0.2732183800489203,0.632703728810327
B2PLYP,2006,GGA,hybrid,hybrid,,1.408460918981321,1.5758308157177563,1.54152971310132,0.7215190747781486,0.684472486677261,0.6786478107446154,0.526469339949929,0.4714153716058114,0.8284653008090572
HSE06,2006,GGA,range-separate,,,1.6732344767172689,1.829284659229986,1.9835302367746648,0.8825381498551399,0.9102599614277576,0.9730330775323079,0.7953736568013544,0.734115404125299,1.179942971917626
M06,2006,mGGA,hybrid,,,1.837464045766286,2.2609264433480187,3.682377458678821,0.9614724302330132,1.3958744776069711,2.172590553067833,1.9505398782107137,1.8359435993644482,2.8193903844185115
M06-2X,2006,mGGA,hybrid,,,1.496395749946672,2.13937650837804,4.2137419063271295,0.806117010601685,1.4329484363374732,2.3045355498963405,0.24546460112582313,0.23284055740608287,0.3547548040042443
M06-HF,2006,mGGA,exact,,,5.891135590199334,4.477817959266236,5.136203511449249,1.2557747273557396,1.7007395621291053,2.910403850331862,1.557908514975131,1.49134641898918,2.1434705978065836
M06-L,2006,mGGA,,,,2.3557885212372747,2.3836169871405746,2.729815884428761,1.1751908796510318,1.1000854845079593,1.4522079639102485,2.6521439123170194,2.5305642280130933,3.6976646142298364
mPW2PLYP,2006,GGA,hybrid,hybrid,,1.4368116616888449,1.5920126465520898,1.5358062835387862,0.7307783651484236,0.6773752934450716,0.6611586876608894,0.45841866644264817,0.40016385820303313,0.7423402317384671
TPSSm,2007,mGGA,,,,1.9108425479904827,2.080104834468788,1.657059763884445,0.9522271469029684,0.7665697886232189,0.6230610961862351,0.7152271455358244,0.6530902385892409,1.0770047948043384
B2GP-PLYP,2008,GGA,hybrid,hybrid,,1.4423359559814957,1.570672463121996,1.4051870277172638,0.674580332714835,0.5958680400842953,0.5479290252376429,0.6171269277359366,0.56434071333488,0.9414912870780654
M08-HX,2008,mGGA,hybrid,,,2.6614672095090617,2.549586845180777,3.699659203625992,1.2855742988388745,1.8006755762089246,2.2946057936203963,0.5459308363032143,0.452875767989525,0.8972010564424409
M08-SO,2008,mGGA,hybrid,,,2.6699119968529383,2.8402767218732894,4.783832894786995,1.2959320454227279,2.114785572690388,3.155188256189178,0.2916008065682497,0.24511429770243845,0.4843302060926362
PBEsol,2008,GGA,,,,2.6336885756135646,2.179960426611553,1.8935372550171372,1.1888240061770432,1.1419332259836084,0.8159824792776809,1.6097110345285908,1.5045827538274519,2.3439436809859444
SOGGA,2008,GGA,,,,2.5542771001284774,2.122159307141783,1.8794742576053236,1.2137229529674323,1.16479544654084,0.8193459289289479,1.810594203530823,1.711665195507577,2.5721471962353917
ωB97,2008,GGA,range-separate,,,2.3106671063512496,2.833088382230939,2.837861590056276,1.203737498737194,1.3442023417202438,1.4360380017484407,2.442921629963182,2.2583921175895925,3.6204813568458007
ωB97X,2008,GGA,range-separate,,,2.0750657234563525,2.4154409209829337,2.4896146951096587,1.0561424780908273,1.1504062032133624,1.2468477281179973,3.34046338748652,3.1308470236862376,4.798264694023658
revTPSS,2009,mGGA,,,,1.9689272350041027,2.0487627527435324,1.5853618258062732,0.9663960559144361,0.7163202935078662,0.6021099538512986,0.9748461916256367,0.8954265559382873,1.4560803277236687
ωB97X-2-LP,2009,GGA,range-separate,hybrid,,2.144335463833498,1.7956604182716265,2.2519294790614115,0.7933283567699947,0.9441834102905798,1.1735248481882936,1.556291026010703,1.466968176428157,2.2120059221696806
ωB97X-2-TQZ,2009,GGA,range-separate,hybrid,,1.6943115099943908,1.8176434653300488,1.9405112771030208,0.7851370754100755,0.8341543500162045,0.9227904503423937,1.3021214694258985,1.2293931628205819,1.843483459035383
XYG3,2009,GGA,hybrid,hybrid,xDH,1.1437142657482426,1.2205084671382984,1.030809974564856,0.4905941643328995,0.40770642579027455,0.3505806455983747,0.4093534780974928,0.3422956703132165,0.6836338252570613
LS1DH-PBE,2011,GGA,hybrid,hybrid,,1.5722216362480843,1.614175538767213,1.241275609348088,0.6668680733606596,0.5019936002293511,0.36464946792401376,0.9352080826703505,0.8807757558486351,1.33643590578032
M11,2011,mGGA,range-separate,,,4.413575735986802,3.2519917997027483,5.613751764723381,1.5733126958290795,2.6937563987042203,4.241968724728594,0.6255982815721913,0.595495898138599,0.8244975204265756
M11-L,2011,mGGA,,,,6.829599935580027,8.469957029912585,16.26759213490789,4.115252888229328,5.944975287528368,9.037655666327275,3.1977525964210343,2.909091607531105,4.858882923247563
PBE0-DH,2011,GGA,hybrid,hybrid,,1.6518725424164422,1.7008575649329951,1.4798077583207203,0.7563257816438373,0.6538603666174693,0.5796891757551508,0.8765433597781773,0.8126727529241103,1.2902342878173272
PTPSS-D3Zero,2011,mGGA,hybrid,hybrid,,1.315985236203698,1.5308048062841502,1.5727529366555748,0.643268574806496,0.6806530981328222,0.7256763986932562,0.6597710396522082,0.6202459265988077,0.9449274071407103
PWPB95-D3Zero,2011,mGGA,hybrid,hybrid,,1.3685909916144825,1.6308769819937243,1.6276582792812164,0.6470351445494311,0.716605924331467,0.7393237666657034,0.46825782351549716,0.4390870766433335,0.6799875273476346
SOGGA11,2011,GGA,,,,4.970631869017227,3.66886797138173,3.792316771765616,1.8234197508485237,1.9317952515924521,2.7518470435642897,0.6377655429913193,0.6269365995336086,0.8266606539102597
SOGGA11X,2011,GGA,hybrid,,,1.5396155382726264,2.2376008027414587,2.8415234690431648,0.9317599243026955,1.1723437779901127,1.285797981654534,0.8118391443033669,0.7569896281749884,1.1912489249145324
XYGJ-OS,2011,GGA,hybrid,hybrid,xDH,0.9079522744244422,0.7333659310113229,0.6742181033136085,0.5046791422208329,0.4629215145014342,0.2665064385965752,0.5667403459570289,0.4675480586179823,0.945380656464522
APFD,2012,GGA,hybrid,,,1.6669528081525595,1.7807473188261964,1.812968177887026,0.8577211734797169,0.8561822688004173,0.8642697792771621,0.779979730817021,0.7153660213545585,1.1702415302721647
MN12-L,2012,mGGA,,,,3.908231504647152,4.985548313492969,8.994762341740262,2.3920322384802257,3.2962836249858847,5.741099944000516,4.823429320343196,4.412766963900886,7.37346684065858
MN12-SX,2012,mGGA,range-separate,,,3.4167604699441902,4.575303874689158,13.004112455458303,2.0055902359673405,2.9468299631336694,7.158675014994495,4.430930472794497,3.955841419376982,7.06257036276304
MS0,2012,mGGA,,,,2.03599729449269,2.131440275178294,1.8900219385675472,0.986924544125815,0.8505007293624569,0.788023110055757,0.905534422602665,0.822102915667673,1.3757862482148084
N12,2012,GGA,,,,6.308472311348206,6.38685940309495,6.7089576921645575,2.2493240319304553,2.723393047571783,3.2759863747961533,5.691401467788854,4.841615665882191,9.713504387208388
N12-SX,2012,GGA,range-separate,,,5.012512409302249,6.325770417792368,6.970041671184901,1.5823592006440599,2.500167232339669,3.8896556080758002,4.215045771998991,3.7628952844677372,6.654009415011842
PBE0-2,2012,GGA,hybrid,hybrid,,1.5500239086602132,1.5974714819357296,1.2108508175178048,0.6436356557141846,0.47827444177281103,0.33429282675719174,0.9446348841444748,0.893329630168966,1.3379175065076652
xDH-PBE0,2012,GGA,hybrid,hybrid,xDH,0.906551792922458,0.8976438969676742,0.6685249696571632,0.4037105793918618,0.28624884823951297,0.19173926596841162,0.4150698928085166,0.3608801496521501,0.6558367654317863
DSD-BLYP-D3BJ,2013,GGA,hybrid,hybrid,,1.4134555032219154,1.5301664869902072,1.319359234849795,0.6446916020548817,0.5488404846576583,0.48273752298022016,0.6429611002101471,0.5950942612109907,0.9602333513807935
DSD-PBEB95-D3BJ,2013,mGGA,hybrid,hybrid,,1.3671393327002168,1.5038938537927464,1.3132503245690734,0.6003568617740559,0.5618104487648756,0.5096224784571513,0.6676603440804594,0.6358523001942255,0.9331805283478047
DSD-PBEP86-D3BJ,2013,GGA,hybrid,hybrid,,1.4327070903368322,1.5397675338388843,1.3028729462665765,0.6487047772448049,0.5291205017544821,0.45735211322887176,0.8855542201384339,0.8352322581075148,1.2493223818232764
DSD-PBEPBE-D3BJ,2013,GGA,hybrid,hybrid,,1.3790385089385242,1.4374694167938014,1.1938277986127288,0.6171075095066068,0.5080124300490657,0.42676924190570154,0.7247931046125928,0.6814766985726651,1.0375293269057693
lrc-XYG3,2013,GGA,hybrid,range-separate,xDH,1.14371497286712,1.2204968389051432,1.030797618030586,0.4935719420435822,0.40764740881783673,0.3504771395473947,0.4092528382338763,0.34184173406352986,0.6836148131400819
MS1,2013,mGGA,,,,2.0303637466689675,2.153093169755369,1.96334556867042,0.9973219439326789,0.8907047391690478,0.8506466933039777,0.9522626570400683,0.8664677813233936,1.4422153813355294
MS2,2013,mGGA,,,,1.927827314625938,2.1245943834144776,1.997120059752948,0.9373620183536936,0.8933567006610714,0.8774500726395199,0.7068828987178517,0.6334474839842533,1.0888090398674422
revB3LYP,2013,GGA,hybrid,,,2.1669644780690223,1.5994958345161598,1.7383617169879113,0.9460729872765429,0.9126895959498379,0.9109675974717343,0.6215774525874405,0.5425892725794483,1.0086071340127205
revPBE0-DH,2013,GGA,hybrid,hybrid,,1.7225955059240396,1.8924127305786893,1.6603624137370063,0.7929623762860245,0.7143376854377822,0.6420575105187972,0.7403064631176062,0.6768065593591631,1.1124506329340988
TPSS0-DH,2013,mGGA,hybrid,hybrid,,1.829574254702356,1.9190730138123064,1.4128210338121994,0.7711158875367886,0.5703311615342713,0.39845233495143606,0.947095614082294,0.8784914628834694,1.393459289078237
PBE-QIDH,2014,GGA,hybrid,hybrid,,1.5973708038253642,1.6351338482237086,1.2859758034281588,0.6934780845408034,0.5337817494961291,0.40747858613238935,0.9235221512338659,0.8656811232589684,1.3324173747022883
TPSS-QIDH,2014,mGGA,hybrid,hybrid,,1.7085797258444708,1.7891845321753987,1.2991291471169495,0.7103829266214853,0.5071402585477602,0.3244411188160012,0.965873376688304,0.9050726952006087,1.394819309244781
PBE-CIDH,2015,GGA,hybrid,hybrid,,1.638177216620413,1.6808172711311076,1.4221255714725782,0.7403451336338539,0.6199759732325096,0.5318463161462251,0.8875067168442838,0.8246569029675731,1.301392499079725
TPSS-CIDH,2015,mGGA,hybrid,hybrid,,1.7992350669159924,1.8853006790018687,1.3816489184850174,0.7577215611606766,0.5536785617111107,0.37812819153442223,0.9507988841075422,0.8836611206207104,1.3941243118976558
MN15,2016,mGGA,hybrid,,,5.251814278219604,10.331246534556762,23.79507464414461,2.3517379990137752,6.595722410349877,12.999248567196613,1.1611128406487496,1.1190437828963233,1.5792207009112644
MN15-L,2016,mGGA,,,,3.857492012017975,8.511483551168945,21.81981118230844,2.4436991443687353,5.582807600682207,11.765541064931709,4.5442721666037365,4.177323956300654,6.811776158599798
SOS0-PBE0-DH,2016,GGA,hybrid,hybrid,,1.6045541491260853,1.657177567378172,1.453848772908554,0.7373818273832285,0.6447383780737951,0.5766105926910796,0.7919356312677536,0.7285387195984008,1.1801264802251126
SOS0-PBE-QIDH,2016,GGA,hybrid,hybrid,,1.5052692087864203,1.551432227473025,1.233674019812157,0.6587289576895621,0.5168628211194081,0.4018107313665856,0.7267088526717196,0.6706715595405832,1.0771260874250856
revM06-L,2017,mGGA,,,,2.388927554873926,2.3192396552242283,3.781974010484607,1.345827564116581,1.1281436790277766,2.0350472510936033,2.5775868151543477,2.4467878653910162,3.625012772820412
revM06,2018,mGGA,hybrid,,,1.504757831187866,2.001711047071465,3.0358363228827194,0.9462097844363345,1.299798394001442,1.744369582112461,1.2866307733418159,1.21252493149548,1.8472909437713838
RSX-QIDH,2018,GGA,range-separate,hybrid,,1.637487335964345,1.6395439032160848,1.2689188075629263,0.7295656099049628,0.5349347009143265,0.3933184116015044,1.1519875132260182,1.0802100044370135,1.6511035829070693
revM11,2019,mGGA,range-separate,,,3.787096872258692,3.7718296319706233,7.531983654349346,1.4643864276407779,2.682731576812641,4.3191630691572955,0.40244832085378657,0.4007632786368471,0.45073337407986
RSCAN,2019,mGGA,,,,2.048658845084,2.0855322169172608,1.8598571822459933,0.9773194534927325,0.849370458140016,0.8100203057163833,1.9081225073031973,1.7959606973209918,2.7422033025240466
RSX-0DH,2019,GGA,range-separate,hybrid,,1.7077314937681178,1.6755469183756997,1.4113640430137522,0.8073352776669375,0.6488049023954551,0.5423451552757785,1.1866891056414273,1.0893351907240465,1.7647711239485488
ωB2GP-PLYP,2019,GGA,range-separate,hybrid,,1.4895159846463544,1.5730068355806357,1.384653398428522,0.734707311574714,0.5899831167910581,0.5267979745068517,0.8576769855445807,0.7848903869838644,1.2913392425949155
ωB2PLYP,2019,GGA,range-separate,hybrid,,1.4792384186199778,1.574075920013868,1.504178529333601,0.8070356422541144,0.6772809404499428,0.6468496889635018,0.8264792677213612,0.7381272714521939,1.2842517677532896
M06-SX,2020,mGGA,range-separate,,,1.7000714566244686,2.434384404789175,3.61685305759825,1.0027913719725319,1.4989632127693306,2.052113303791722,2.0351175332939055,1.9905760417878529,2.61771210461319
R2SCAN,2020,mGGA,,,,2.0990947959216584,2.098820861157741,1.8512336212418683,1.0041548666015285,0.8536020425533325,0.8074601403213336,2.0969005190634826,1.9750341900599093,3.009026705510678
revXYG3,2021,GGA,hybrid,hybrid,xDH,1.0475613967959627,1.1127859208932749,0.8762503006263196,0.43292037027911084,0.33563135438299296,0.24027497229929692,0.37389365026490645,0.3065227705802715,0.6306638353016183
revXYGJ-OS,2021,GGA,hybrid,hybrid,xDH,0.7120129521975991,0.4998531703830461,0.3201917278869967,0.37519269295118135,0.28087982189333377,0.1514773012121236,0.5467912946974267,0.48558593863161664,0.8620772036999824
RS-B88-LYP,2021,GGA,range-separate,range-separate,,1.492576948464024,1.5772306594725365,1.516160896843423,0.7447892607352087,0.6938122445071311,0.6633285720625525,0.7446674295086294,0.7164257010668429,1.0544196794318168
RS-PBE-P86,2021,GGA,range-separate,range-separate,,1.5814097006242018,1.6480360515353905,1.4966399836822577,0.7243305018601285,0.6488585779917612,0.5910541387411631,0.9363756479123989,0.891760208417633,1.3392998271949068
RS-PBE-PBE,2021,GGA,range-separate,range-separate,,1.5568414552570011,1.5400274550192508,1.3492432743625336,0.7331539237325488,0.6427757351823036,0.5506244880281234,0.9276082769118609,0.8896232463755448,1.305378385473773
RS-PW91-PW91,2021,GGA,range-separate,range-separate,,1.5389227939058738,1.568743349769252,1.4168784744114231,0.720541965154256,0.650585522343229,0.5884715083662873,0.8515107683122756,0.8194390131574245,1.1882358918389855
SOS-RSX-PBE0-DH,2021,GGA,range-separate,hybrid,,1.6706265207223354,1.6435063301078536,1.3935472770130983,0.7924055967980275,0.6422948841946065,0.5408415255036847,1.1142485179499697,1.0180800169932052,1.6675824655093265
SOS-RSX-PBE-QIDH,2021,GGA,range-separate,hybrid,,1.551670159203438,1.5642301624453698,1.2232741428895684,0.696406510785559,0.5193150659953509,0.3890531386500688,0.9616281708790021,0.8931216685424346,1.4009588138698632
ωB88PP86,2021,GGA,range-separate,hybrid,,1.5449517483062978,1.6741452092180849,1.4220852646321025,0.7056957134360774,0.5699068257255165,0.5003908644159096,1.1723911913481524,1.1034646565701098,1.652105745935728
ωPBEPP86,2021,GGA,range-separate,hybrid,,1.5324225359434356,1.647886610849036,1.3517311500439313,0.6619700347787388,0.5274087273581692,0.43328598449594463,0.8691525275408549,0.7988286826892276,1.2740675663574166
XYG5,2021,GGA,hybrid,hybrid,xDH,0.9235162496450324,0.8028160214258876,0.5199497871029106,0.41063989683104357,0.262832899236769,0.14359128208059693,0.6234055490261539,0.5643960538395719,0.9582474056941805
XYG6,2021,GGA,hybrid,hybrid,xDH,0.9013229185100018,0.6654356751210272,0.4449084449625333,0.44202354966312496,0.3557442447408102,0.2205247586082528,0.6328345847659458,0.553564716897089,1.00711471061544
XYG7,2021,GGA,hybrid,hybrid,xDH,1.586041111545323,1.463041990238383,1.377047679926421,0.8605047935234601,1.0046436220480326,0.7687893373239627,1.3165293742653585,1.1551604072678974,2.0925044951408722
XYGJ-OS5,2021,GGA,hybrid,hybrid,xDH,0.7710895146068703,0.995833324272723,1.0322769749571858,0.5320347867157326,0.6963792037520153,0.5573202900406579,0.8259940518236241,0.7290826977658812,1.2980725749732756
CASE21,2022,GGA,hybrid,,,1.6322949304693442,1.8208549510027623,1.9129453777548828,0.8630857837509751,0.8866721943237749,0.8897869007240115,0.47122841418693945,0.3902446473206839,0.7797139848621555
GAS22,2022,mGGA,range-separate,,,2.037271770791384,2.5071363270290274,2.388463559730284,0.9691152873665996,1.018670254327205,1.0169346310888587,0.7818332857259113,0.6412387516778632,1.3124873441594218
r++SCAN,2022,mGGA,,,,2.055890326773953,2.0862786454470204,1.8567710971548157,0.980596601749811,0.8510352467359555,0.810219937896337,1.9656161765215143,1.8509321932471028,2.822200680624576
R2SCAN0,2022,mGGA,hybrid,,,2.05865834083298,2.0589294111066896,1.6886682580978014,0.9163851962198658,0.7406139734642052,0.6467649982140431,1.8931224309760615,1.7787485623008255,2.7299997042181303
R2SCAN50,2022,mGGA,hybrid,,,2.0205248828100006,2.033332447497733,1.5644753792413215,0.9084839423957675,0.6592607419812682,0.4992218570307485,1.6874607615548556,1.5804429366098063,2.448662354448686
R4SCAN,2022,mGGA,,,,2.076695151771057,2.111999766247594,1.8792451983597664,1.0004797379723598,0.8693761110046793,0.8231314566370072,2.095940234023189,1.9731210888176183,3.0178660141845626
R4SCAN0,2022,mGGA,hybrid,,,2.0428898828645385,2.068910972372107,1.7097648218105503,0.9080177163586807,0.7500440111822272,0.6584899050667298,1.8925064092479105,1.777387602909677,2.736669263686508
