,C,F,H,N,O,C2_0.5,C2_0.6,C2_0.7,C2_0.8,C2_0.9,C2_1.0,C2_1.1,C2_1.2,C2_1.3,C2_1.4,C2_1.5,C2_1.6,C2_1.7,C2_1.8,C2_1.9,C2_2.0,C2_2.2,C2_2.4,C2_2.6,C2_2.8,C2_3.0,C2_3.5,C2_4.0,F2_0.5,F2_0.6,F2_0.7,F2_0.8,F2_0.9,F2_1.0,F2_1.1,F2_1.2,F2_1.3,F2_1.4,F2_1.5,F2_1.6,F2_1.7,F2_1.8,F2_1.9,F2_2.0,F2_2.2,F2_2.4,F2_2.6,F2_2.8,F2_3.0,F2_3.5,F2_4.0,H2O_0.5,H2O_0.6,H2O_0.7,H2O_0.8,H2O_0.9,H2O_1.0,H2O_1.1,H2O_1.2,H2O_1.3,H2O_1.4,H2O_1.5,H2O_1.6,H2O_1.7,H2O_1.8,H2O_1.9,H2O_2.0,H2O_2.2,H2O_2.4,H2O_2.6,H2O_2.8,H2O_3.0,H2O_3.5,H2O_4.0,H6_0.5,H6_0.6,H6_0.7,H6_0.8,H6_0.9,H6_1.0,H6_1.1,H6_1.2,H6_1.3,H6_1.4,H6_1.5,H6_1.6,H6_1.7,H6_1.8,H6_1.9,H6_2.0,H6_2.2,H6_2.4,H6_2.6,H6_2.8,H6_3.0,H6_3.5,H6_4.0,N2_0.5,N2_0.6,N2_0.7,N2_0.8,N2_0.9,N2_1.0,N2_1.1,N2_1.2,N2_1.3,N2_1.4,N2_1.5,N2_1.6,N2_1.7,N2_1.8,N2_1.9,N2_2.0,N2_2.2,N2_2.4,N2_2.6,N2_2.8,N2_3.0,N2_3.5,N2_4.0
eng_exx_HF,-5.060216968282668,-10.005115482372654,-0.30841883227995326,-6.583925537135135,-8.18605194127666,-11.150697896262056,-11.092584026789611,-11.007668919549547,-10.829837093965489,-10.651126691668646,-10.488182651735242,-10.343763445884036,-10.217975817319429,-10.124129565368001,-10.068410874351441,-10.019680202996621,-10.009486809935074,-9.960786301671094,-9.917734283664197,-9.8796803456491,-9.877401668557882,-9.964840204083611,-9.994866065934106,-10.039114593665744,-10.070498218426541,-10.017768808967473,-10.053347193929707,-10.063256008020993,-21.629595857032506,-21.282979514202317,-20.984641796999753,-20.73071216118613,-20.5175647110343,-20.341666012864437,-20.1975594556423,-20.079992031400373,-19.984736635140436,-19.908198282395727,-19.847123540102192,-19.79857452508272,-19.845770916203538,-19.90065190018701,-19.93622294937234,-19.95840461790443,-19.98437560530345,-19.99745080538229,-20.004048162282263,-20.007404349396012,-20.00859660690408,-20.009782171601124,-20.01009080072214,-9.70434275569239,-9.47095454313853,-9.278640238951066,-9.120448446063044,-8.989521185362486,-8.880074617510756,-8.787571253145398,-8.708558359277262,-8.640479150139123,-8.5815570617493,-8.530368321724692,-8.501237760576089,-8.545967563394079,-8.592426558579705,-8.633570803478255,-8.667173329804726,-8.714638828377032,-8.74464378434669,-8.71292710569217,-8.778121663771426,-8.787252908566275,-8.75479121296897,-8.801653506205447,-2.648303594658564,-2.446135331662961,-2.2704011129591435,-2.1186452643846554,-1.9875587997964879,-1.8739537026383586,-1.7750630239627454,-1.6885819903957624,-1.612626102020688,-1.545657958698518,-1.4864218616720986,-1.4554595429706811,-1.4976589299736895,-1.5408689387957453,-1.5836593086993274,-1.6247413412643315,-1.6971337363076806,-1.7516357119785249,-1.788225748567304,-1.811241051471074,-1.8254218878995385,-1.8508453789484505,-1.8507798309372965,-14.665624017040724,-14.323334529697808,-13.98575574903791,-13.69684224339615,-13.45750222094169,-13.260058608430208,-13.096232451988914,-12.959110760159868,-12.843341386795842,-12.744869371991763,-12.80078647691856,-12.854463581582635,-12.89277408798566,-12.92587529229934,-12.96311349921761,-13.00432013718107,-13.073255758655824,-13.114822629608035,-13.137856736763801,-12.99718786362235,-13.15762706311703,-13.164845405653763,-13.031360494685703
eng_nuc,0.0,0.0,0.0,0.0,0.0,38.100759186240005,31.7506326552,27.214827990171436,23.8129744914,21.1670884368,19.050379593120002,17.31852690283636,15.8753163276,14.654138148553848,13.607413995085718,12.700253062080002,11.9064872457,11.206105643011766,10.5835442184,10.026515575326316,9.525189796560001,8.65926345141818,7.9376581638,7.327069074276924,6.803706997542859,6.350126531040001,5.442965598034286,4.762594898280001,85.72670816904001,71.43892347420001,61.233362977885726,53.57919260564999,47.6259489828,42.863354084520005,38.96668553138181,35.719461737100005,32.971810834246156,30.616681488942863,28.57556938968,26.789596302824997,25.213737696776473,23.8129744914,22.55966004448421,21.431677042260002,19.483342765690907,17.859730868550002,16.485905417123078,15.308340744471431,14.28778469484,12.246672595577143,10.715838521130001,17.60293113745093,14.669109281209106,12.573522241036379,11.00183196090683,9.779406187472738,8.801465568725465,8.001332335204967,7.334554640604553,6.770358129788818,6.2867611205181895,5.867643712483641,5.500915980453415,5.177332687485567,4.889703093736369,4.632350299329191,4.400732784362733,4.000666167602484,3.6672773203022766,3.385179064894409,3.1433805602590947,2.9338218562418206,2.5147044482072753,2.2003663921813663,11.603905425884136,9.669921188236772,8.288503875631521,7.252440891177581,6.446614125491183,5.801952712942068,5.2745024663109685,4.834960594118386,4.463040548416972,4.144251937815761,3.867968475294709,3.6262204455887903,3.412913360554157,3.2233070627455915,3.0536593226010864,2.900976356471034,2.6372512331554843,2.417480297059193,2.231520274208486,2.0721259689078804,1.9339842376473546,1.657700775126304,1.450488178235517,51.85936667016001,43.2161388918,37.042404764400004,32.41210416885001,28.810759261199998,25.929683335080004,23.572439395527272,21.6080694459,19.945910257753848,18.521202382200002,17.28645555672,16.206052084425004,15.252754902988238,14.405379630599999,13.647201755305264,12.964841667540002,11.786219697763636,10.80403472295,9.972955128876924,9.260601191100001,8.64322777836,7.4084809528800015,6.482420833770001
eng_hcore,-50.47779511100434,-139.17823488240475,-0.49960207280445945,-73.95136317462767,-103.2321059180835,-163.64757230330056,-156.9237552622561,-151.70701996432928,-146.78061713752015,-142.43852847597157,-138.6769508605897,-135.4238105068709,-132.60408253566337,-130.08375373840184,-128.0072561044127,-126.19209308725519,-124.60945777817334,-123.22354860177893,-121.9833965843481,-120.86740122946513,-119.8730964199723,-118.1675730779698,-116.74776207715756,-115.55268882040602,-114.52531952539616,-113.5585174161146,-111.76298863845422,-110.40138964534248,-422.5071991710253,-406.18183233701814,-392.2947301282665,-380.55557254337305,-370.6335067779104,-362.2398004272881,-355.107580036705,-349.0038450550894,-343.737462531275,-339.1573704051773,-335.1452658697478,-331.60774452639134,-328.5013019179159,-325.740883778098,-323.26642649113296,-321.0398998864703,-317.1931363226057,-313.98625039743274,-311.26900965516165,-308.95097190705644,-306.91392713628676,-302.838832772399,-299.78105694075987,-135.25344237539213,-131.58157068902764,-128.59421468347057,-126.14014596294349,-124.10063664503699,-122.38421146617102,-120.92142266811679,-119.66031885126507,-118.56204038107988,-117.59824043882143,-116.74680523411536,-115.97648967137073,-115.23289634743374,-114.57045971520385,-113.97916835941709,-113.4485008380807,-112.53460266964812,-111.77685579491174,-111.16159571889071,-110.60682465590594,-110.15204746198071,-109.2413955242538,-108.63321427884208,-22.26763690553499,-20.164791569233124,-18.42525900594619,-16.96865079204927,-15.734718550729859,-14.678235410041982,-13.764957648627332,-12.968679928104962,-12.269107079630567,-11.650322751356546,-11.099700620538393,-10.596448892529608,-10.115223595557563,-9.686295719365587,-9.302622383353416,-8.958420983748729,-8.369955702931561,-7.889768244814374,-7.49300589362163,-7.159854360183098,-6.875494530181963,-6.312370506822894,-5.898538295481488,-237.42647377855934,-227.01746805705488,-218.09192965745646,-210.5931349524505,-204.29845039379992,-198.99219197088067,-194.492973046295,-190.6537514349718,-187.35579988693445,-184.50262743270363,-182.0781248090415,-179.97445068381654,-178.12167025738887,-176.47579517720246,-175.00529840473146,-173.68276776383067,-171.38860400641047,-169.46042895754,-167.81814878925763,-166.2430020933735,-165.17653073020256,-162.71489833815983,-160.71110280594814
eng_j,17.848605141410204,49.77473277939276,0.30841883227995326,26.135419728319977,36.605734543957816,65.57569372435461,63.40520511527252,61.44788134555161,59.023159848865056,56.746168682731984,54.734480269253375,52.98356333831342,51.46515412095007,50.071060112711805,48.99316763591061,48.05826247891654,47.27259814304314,46.57082343885589,45.94407652789034,45.380719023058155,44.90301750858502,44.133861494461094,43.46678062227694,42.91403385731316,42.430718266142115,41.910223937053395,41.04466864175513,40.37013041826786,167.5457189012973,161.32897561821736,155.38284192633284,150.00947438031048,145.27955084310292,141.18589773941915,137.66271150648384,134.62465441844333,131.99122042769022,129.69498243028428,127.68137648082863,125.90614581882879,124.40256784759275,123.07057227758466,121.86658722026702,120.77855771762347,118.89193997140538,117.31429280167366,115.97354829462606,114.83446971460634,113.81823538886592,111.78475116885824,110.25803816902524,52.78895045897678,50.96032857645608,49.474292359915864,48.259672823434315,47.25483411877686,46.41064700892218,45.689815082596546,45.065206174627384,44.51739712213909,44.033519046304654,43.6036783245148,43.21511052522206,42.84574829622949,42.514650035580765,42.215923803409645,41.944092594990266,41.46665869740997,41.063737897773834,40.73375206309204,40.43947322423246,40.199841097517826,39.70928771589189,39.423266376801124,11.230230295225628,10.236906215313423,9.385107743296679,8.657437685815985,8.03383091839196,7.496293304360487,7.029868646029029,6.622473926744729,6.264430485311121,5.947974242436715,5.666851652427066,5.418874672765587,5.207337138813477,5.019716492597404,4.852630586429515,4.703214180332242,4.447738586028877,4.236892217430128,4.058802587969622,3.9055778451254692,3.7720322172976104,3.5087902489578706,3.3014251433985327,96.67637197879165,91.7905470477477,87.25227854417062,83.37042792473325,80.1036590961549,77.35707649250493,75.03933576244773,73.073190294922,71.39492170815748,69.95187038864343,68.83603875660829,67.87588462612023,67.02375118066497,66.26408891083435,65.58772318558378,64.98062492186236,63.9129034452625,62.992880558177816,62.19532347467138,61.31016197571763,60.89492429497825,59.67242744102781,58.57880870291427
eng_noxc,-32.62918996959414,-89.40350210301199,-0.1911832405245062,-47.8159434463077,-66.62637137412568,-59.97111939270596,-61.767917491783564,-63.044310628606226,-63.9444827972551,-64.52527135643959,-64.89209099821633,-65.12172026572111,-65.2636120871133,-65.35855547713619,-65.40667447341637,-65.43357754625865,-65.43037238943019,-65.44661951991128,-65.45577583805778,-65.46016663108065,-65.44488911482728,-65.37444813209052,-65.34332329108062,-65.31158588881594,-65.29089426171117,-65.29816694802119,-65.2753543986648,-65.26866432879461,-169.234772100688,-173.41393324460077,-175.67852522404792,-176.96690555741256,-177.7280069520075,-178.190548603349,-178.47818299883932,-178.65972889954608,-178.7744312693386,-178.84570648595016,-178.88831999923917,-178.91200240473756,-178.88499637354664,-178.85733700911337,-178.84017922638174,-178.82966512658686,-178.81785358550943,-178.81222672720907,-178.8095559434125,-178.80816144797868,-178.80790705258084,-178.8074090079636,-178.8071802506046,-64.86156077896442,-65.95213283136246,-66.54640008251832,-66.87864117860235,-67.06639633878737,-67.17209888852338,-67.23027525031529,-67.26055803603313,-67.27428512915198,-67.27796027199858,-67.27548319711691,-67.26046316569526,-67.20981536371869,-67.16610658588672,-67.13089425667826,-67.10367545872771,-67.06727780463567,-67.04584057683563,-67.04266459090427,-67.02397087141439,-67.01838450822106,-67.01740336015465,-67.00958150985959,0.566498815574775,-0.2579641656829281,-0.7516473870179912,-1.0587722150557042,-1.2542735068467152,-1.379989392739427,-1.4605865362873347,-1.511245407241847,-1.5416360459024743,-1.5580965711040706,-1.5648804928166173,-1.5513537741752303,-1.4949730961899288,-1.4432721640225914,-1.396332474322814,-1.3542304469454534,-1.2849658837471996,-1.2353957303250525,-1.202683031443522,-1.1821505461497477,-1.1694780752369978,-1.14587948273872,-1.146624973847438,-88.89073512960769,-92.01078211750719,-93.79724634888584,-94.81060285886723,-95.38403203644503,-95.70543214329574,-95.88119788831997,-95.9724916941498,-96.01496792102313,-96.02955466186019,-95.95563049571321,-95.8925139732713,-95.84516417373565,-95.8063266357681,-95.7703734638424,-95.7373011744283,-95.68948086338433,-95.66351367641217,-95.64987018570933,-95.67223892655588,-95.6383786568643,-95.63398994425201,-95.64987326926388
eng_purexc_LDA_X,-4.480623369599247,-9.069389199304396,-0.26499474090447567,-5.889531713269486,-7.368823018798616,-10.091344723424374,-10.015496938909612,-9.920928044057932,-9.742594302454203,-9.57053794048923,-9.420376108085524,-9.292988341565872,-9.186523264191942,-9.087720295574968,-9.030580298926793,-8.983629798105067,-8.958007108087287,-8.923540410917647,-8.894708710065057,-8.870536659011249,-8.863826218619117,-8.89930131229763,-8.91167262168236,-8.930166779842956,-8.94246968925949,-8.878454895983415,-8.887593061220644,-8.890429108640193,-19.952881813776774,-19.55978254754838,-19.234029198008677,-18.967386718375167,-18.752187321658354,-18.58174769884535,-18.44827273751475,-18.344264474337308,-18.263538593978485,-18.20123072433695,-18.15349260143563,-18.117228103580782,-18.119359975882702,-18.12769825816327,-18.13229942068091,-18.134734798430063,-18.137337172335325,-18.13855873880101,-18.139034578469843,-18.139406954557913,-18.13901471102811,-18.138755230091693,-18.138741273990142,-8.81539134549913,-8.59623077666308,-8.420779726559868,-8.280305818568277,-8.167182848139342,-8.075319469434547,-8.000044382094606,-7.937825685103964,-7.886009006741005,-7.842706423424292,-7.806426822742969,-7.784105491950883,-7.801616000456761,-7.82072028195395,-7.83769960262875,-7.851270758452234,-7.869328111142143,-7.879673384817912,-7.8397061831034955,-7.890319683805094,-7.893219907269285,-7.849859812764289,-7.89825714086807,-2.400491285111036,-2.2093194826069573,-2.0471499792908903,-1.9098539242673591,-1.7933293011580747,-1.694037675005318,-1.6090823136770764,-1.5361365965344684,-1.4733391367354611,-1.4191939701961367,-1.3724890938954115,-1.344900521804405,-1.3632075239577452,-1.3849866805690203,-1.4088123344858994,-1.433357791882316,-1.4797887001527612,-1.5170364317373735,-1.543123101671888,-1.5600278015066251,-1.5706665535142184,-1.5918079989717708,-1.5907854659427358,-13.38979198699078,-13.023491205104362,-12.683741250335489,-12.404606057399116,-12.182197403448741,-12.006422894108848,-11.86770260366278,-11.75822946821133,-11.671815262895656,-11.60351975780057,-11.61982503655295,-11.639056297696774,-11.653828350652223,-11.668791827506006,-11.687551236099699,-11.70821746225622,-11.740550784226038,-11.758385326290929,-11.767578839246243,-11.608694738455727,-11.775011386373931,-11.777711339033953,-11.615558947302427
eng_purexc_LDA_C_VWN_3,-0.3579734294277146,-0.6386354299590964,-0.021980641261114122,-0.4286728700884329,-0.5329693673247934,-0.8191211964491123,-0.8034222357230462,-0.7885006238289932,-0.7784926461167306,-0.7702909134418837,-0.7637689405251682,-0.7586819475318665,-0.7547433015519857,-0.7602159682104033,-0.7564956898587073,-0.753816250868801,-0.75474187169774,-0.7526359089784023,-0.7507884880668814,-0.7491658949033261,-0.7467517653461957,-0.733592727683875,-0.7283392552572534,-0.7237940593314136,-0.7208692022197626,-0.7313493261291147,-0.7299604258765875,-0.729423167958086,-1.3430164067537629,-1.3436746372168722,-1.3374093568173013,-1.330440241664499,-1.323590986726169,-1.3173708266294837,-1.311969693942387,-1.307401843951974,-1.3036055968613396,-1.3004902400166243,-1.2979580428569786,-1.2959152362203843,-1.2911306598528958,-1.2869376498479044,-1.2840649650704217,-1.2820771810626908,-1.279717501276976,-1.2785434310601562,-1.2779477498716305,-1.2776539453106481,-1.277483150129283,-1.2773187615280224,-1.2772803315400305,-0.6939257212000002,-0.6854141186218855,-0.6779918876468847,-0.6715322641584404,-0.6658965963037095,-0.6609600838170895,-0.6566189377252531,-0.6527908444962344,-0.6494099498134345,-0.6464275328705865,-0.6437999694298224,-0.6397309248250425,-0.6285715171254481,-0.618335316454095,-0.6096059558785434,-0.6025563253108163,-0.5927263119218448,-0.5867579006611254,-0.5907272946759318,-0.5807183277385607,-0.579249904564648,-0.5849684968492782,-0.5771212029078017,-0.32962018279246963,-0.3196093964058876,-0.3102685419335621,-0.3017132199115663,-0.29394418398950733,-0.2869185100122951,-0.2805788573792035,-0.2748664706451567,-0.26972611184610734,-0.26510783587950726,-0.26096691990615095,-0.25458022862385554,-0.24014850744810895,-0.22630345239093702,-0.21306836998568243,-0.20060486922383342,-0.1788905976714323,-0.16250316947056415,-0.15132817687408512,-0.14415145480711844,-0.13964649004153085,-0.13302607815824824,-0.13228893922205018,-1.0028680864700632,-0.9908274956583341,-0.9789332483157334,-0.9684978298469188,-0.9595782719709715,-0.9520115768567206,-0.945607215153278,-0.9401924405934223,-0.9356196101543022,-0.9317632437211429,-0.9191628833013344,-0.9086253258615031,-0.9003905821046044,-0.8933037975341984,-0.8865502978087926,-0.8802559175552677,-0.8707775394516657,-0.8651612088615053,-0.8619444200649535,-0.887327000278055,-0.8590105334031248,-0.8578471991340741,-0.8857065059449936
eng_purexc_LDA_C_VWN,-0.3581237980726757,-0.6386946745150799,-0.021980641261115624,-0.4289401572603326,-0.5331214648003907,-0.8191211964491123,-0.8035077510050971,-0.7886089331131152,-0.7786068245923647,-0.7704111416382023,-0.7638943206706608,-0.7588110145795512,-0.754874265878065,-0.7602991537377766,-0.7565807602316177,-0.753899312729228,-0.7548030997296808,-0.7526959466070038,-0.7508475797634881,-0.7492242353852008,-0.7468223583668319,-0.7337685362394885,-0.72855187493162,-0.7240412171585061,-0.7211377409138284,-0.7315172655347607,-0.730138231685646,-0.729604143469022,-1.3430472671125375,-1.3436746372168722,-1.3374093568173013,-1.330440241664499,-1.323590986726169,-1.3173708266294837,-1.311969693942387,-1.307401843951974,-1.3036055968613396,-1.3004902400166243,-1.2979580428569786,-1.2959152362203843,-1.2911626751138776,-1.2869992610748688,-1.284145580262325,-1.2821701533181877,-1.279824256304545,-1.2786565311462121,-1.2780637851559726,-1.2777714468517858,-1.2776011199920625,-1.277437118244596,-1.2773987767532509,-0.6939257212000002,-0.6854141186218855,-0.6779918876468847,-0.6715322641584404,-0.6658965963037095,-0.6609600838170895,-0.6566189377252531,-0.6527908444962344,-0.6494099498134345,-0.6464275328705865,-0.6437999694298224,-0.6397477877249587,-0.6286639435657446,-0.6184703001880596,-0.6097576163357795,-0.6027117080010385,-0.5928790719392617,-0.5869085420786345,-0.5908184759858731,-0.5808692710002513,-0.579401439992481,-0.5850567019275256,-0.5772735534811683,-0.32962018279246963,-0.3196093964058876,-0.3102685419335621,-0.3017132199115663,-0.29394418398950733,-0.2869185100122951,-0.2805788573792035,-0.2748664706451567,-0.26972611184610734,-0.26510783587950726,-0.26096691990615095,-0.2546071994783606,-0.2402795850317349,-0.22651183887271523,-0.21332191585903984,-0.20087381163162255,-0.17912859114409932,-0.16267780431508394,-0.1514453177335323,-0.14422776781977167,-0.1396964134885555,-0.13303283763919804,-0.13229192759605454,-1.0028680864700632,-0.9908274956583341,-0.9789332483157334,-0.9684978298469188,-0.9595782719709715,-0.9520115768567206,-0.945607215153278,-0.9401924405934223,-0.9356196101543022,-0.9317632437211429,-0.9192624187116061,-0.9088062415672665,-0.9006315137483196,-0.8935956627684385,-0.886891958155563,-0.8806444136438749,-0.8712333483967261,-0.8656530979147109,-0.8624551222882342,-0.8876112055568467,-0.8595368560775726,-0.8583791889120327,-0.8859995759064676
eng_purexc_LDA_C_VWN_RPA,-0.47038193491504754,-0.8168587761788775,-0.03981207798556785,-0.5603632601565486,-0.6877894283653996,-1.0551302201226844,-1.0378758925993947,-1.022391005468689,-1.011603593445621,-1.002568275340924,-0.9952489557469071,-0.9894311829166642,-0.9848454740532906,-0.9903906028483869,-0.9862805580881853,-0.9833174408525336,-0.984432377983894,-0.9821016482409936,-0.980048698852681,-0.9782381810797218,-0.9755031908669218,-0.9605912129685266,-0.9546664938976241,-0.9495483450286833,-0.9462693646228855,-0.9580834777331688,-0.9565049030683679,-0.9558928760258042,-1.7052590736706943,-1.7065109858310932,-1.7000663047709392,-1.6927229132710295,-1.6854136855537865,-1.678724100949001,-1.672883371068546,-1.667922340977736,-1.6637840203583503,-1.6603762504450135,-1.657596904118458,-1.6553467065017673,-1.649778821712132,-1.6448935337556463,-1.6415633655554385,-1.6392676013644727,-1.6365499486011825,-1.6352000993091214,-1.6345146194117885,-1.6341762084400395,-1.6339760804587693,-1.633779416366267,-1.6337310922549717,-0.8917667331319032,-0.8825527636479024,-0.874490057867428,-0.867446998958337,-0.86127882715552,-0.8558551845139472,-0.8510676658756637,-0.8468304978603124,-0.8430751334703169,-0.8397510260252432,-0.8368125824587053,-0.8322171975225459,-0.819754102582593,-0.8088350587709893,-0.7998967117541941,-0.7928593433136361,-0.7831744934119941,-0.7772821775841262,-0.7822824618872619,-0.7712486710073808,-0.7697675692085314,-0.776579892625901,-0.7676106238206751,-0.4414715154065089,-0.4305192017504609,-0.4202440387404602,-0.41078869390019945,-0.4021657679318649,-0.3943372064507999,-0.38724695150982646,-0.3808358575578074,-0.37504732966707593,-0.36982973148349185,-0.36513640729728636,-0.3578915473446962,-0.3417102078210455,-0.3266791816745474,-0.31290965875900956,-0.3004987494520616,-0.2800450490962839,-0.265404685167777,-0.2556929648447427,-0.2495193931660585,-0.24564656932950052,-0.24006099851694204,-0.23931734803563892,-1.2820160341615583,-1.2690932134107087,-1.2562801106429993,-1.2450066731381244,-1.2353427628335716,-1.22712023203712,-1.2201397664169564,-1.2142197080503179,-1.2092043858393982,-1.2049613018599268,-1.1904660397247213,-1.1784139100214543,-1.1690608742059216,-1.161031781145206,-1.1533776832241864,-1.1462554565392207,-1.1356038949536893,-1.1293538415782542,-1.125796118305432,-1.1546131684262955,-1.1225618523308327,-1.1212794660946208,-1.1527707704033539
eng_purexc_LDA_C_PW,-0.3563254044657004,-0.6356338022623699,-0.02202163731196061,-0.42652064932496087,-0.5304636756996611,-0.8154651177211696,-0.7996882583267425,-0.7848319889789888,-0.7749202394323309,-0.7668060156950007,-0.7603609435430089,-0.7553415236204758,-0.7514631750903003,-0.7570569784873046,-0.7533793643452374,-0.7507405720414646,-0.7516938560869145,-0.7496175144415688,-0.7477963391215549,-0.7461968452661745,-0.7437833068451373,-0.7304863068232892,-0.7251889163761359,-0.7205952491251277,-0.717637131434407,-0.7282661265799195,-0.7268565669114513,-0.726309091806009,-1.3363819642735462,-1.3371431388990587,-1.3309177393024298,-1.3240132974345593,-1.3172370584633453,-1.3110883031983653,-1.3057522299116007,-1.301241282693373,-1.2974934718019142,-1.2944185322664785,-1.2919195308113283,-1.2899036162151463,-1.285128308949673,-1.2809388122966214,-1.2780688315992956,-1.276082667617494,-1.2737228988782625,-1.272546542812328,-1.2719485250875002,-1.2716529922832662,-1.2714815500895442,-1.271316003034917,-1.2712771774735974,-0.690750861016741,-0.6823371113379473,-0.6750045708187745,-0.6686259604285678,-0.6630627914088952,-0.6581907642195044,-0.6539066970644192,-0.6501288775282195,-0.6467920434274704,-0.6438479821484981,-0.6412535943099466,-0.6371794427831161,-0.6259056056496658,-0.6156397963640442,-0.6069383732733643,-0.5999368376884033,-0.5901929287476535,-0.5842763029453708,-0.5882923138393928,-0.5782788033956388,-0.5768178302513737,-0.5825750449392381,-0.5746969487558207,-0.32853656160840966,-0.31866235858412995,-0.3094502882111383,-0.3010126610342443,-0.2933492932893287,-0.2864174379159908,-0.2801604314756751,-0.2745203955277427,-0.2694430165396292,-0.26487925343923213,-0.2607852337414283,-0.2543736952871999,-0.23972052392489354,-0.22571163950790832,-0.21238946252503185,-0.1999131166053668,-0.17833179715479636,-0.1621596384822643,-0.15117734572217892,-0.14413982135592465,-0.13972715787700815,-0.13325459648375274,-0.13252957626655018,-0.9981515471423528,-0.9862398017994245,-0.9744763718814142,-0.9641603301828395,-0.955346891866601,-0.9478733817189391,-0.9415501688592702,-0.9362055509447836,-0.931692933763584,-0.9278878540851926,-0.9152192036223679,-0.9046229379926732,-0.8963473814174473,-0.8892263344793743,-0.8824366980362183,-0.8761051441886795,-0.866568876133947,-0.8609185861748054,-0.8576814759185827,-0.8832768582754718,-0.8547252630083786,-0.8535493752467985,-0.8816313711162169
eng_purexc_GGA_X_B88,-5.0603479879163125,-10.042027487825022,-0.3066661936812929,-6.583895594650279,-8.205749677180034,-11.169283978100081,-11.110211569637473,-11.019151249520492,-10.841206540559481,-10.669204849538996,-10.519078672532583,-10.391932541725598,-10.286118194991856,-10.202296026801358,-10.14886623233604,-10.105233569451048,-10.085888212966596,-10.052665086909386,-10.025239430144163,-10.002600359613186,-9.998736230282239,-10.043225959517487,-10.058253597836687,-10.07957898337658,-10.094471241213462,-10.052983236947512,-10.068628462389249,-10.073869238641993,-21.764809578414074,-21.37475815328533,-21.055745047945603,-20.79832254504754,-20.593552175106556,-20.433841124121358,-20.310721526783663,-20.21626531282812,-20.14409330387929,-20.089308761452276,-20.048119855522543,-20.017520606892152,-20.029404794036356,-20.046416474396622,-20.05739676401724,-20.064510096297724,-20.07329578526482,-20.078093527025292,-20.080685927429865,-20.082167278570214,-20.082696778493105,-20.083524519246275,-20.08386168645081,-9.70966175849635,-9.481359331472715,-9.298751644512222,-9.153187248136964,-9.036816575797772,-8.943253111110948,-8.86753354561083,-8.805848281357141,-8.755284727651588,-8.713727797914638,-8.679502977655977,-8.660241050114365,-8.684254761929449,-8.709309015665514,-8.731465341111846,-8.749433309372606,-8.774301457215522,-8.789464314196836,-8.76117763692464,-8.805893740691362,-8.810420084290357,-8.779658169293056,-8.818190847176568,-2.65228052006579,-2.448807024000347,-2.2769660309082176,-2.132115423856013,-2.00977072610576,-1.9060972940264724,-1.8179684120380695,-1.7428716713209882,-1.6787913225203042,-1.6241012311560148,-1.5774788022961206,-1.551799530929268,-1.576130085033263,-1.603496928443325,-1.6324206166694861,-1.661536357324297,-1.7154392684547148,-1.7579826596805554,-1.7875370090866782,-1.806598559993115,-1.8185497454204484,-1.8394296353271724,-1.839712193201371,-14.710666578485782,-14.347788364217825,-14.0096773777156,-13.73213544172574,-13.511710862349881,-13.338375748305443,-13.202525799306818,-13.096315670251604,-13.013495064167818,-12.949028994678658,-12.974074217888791,-13.000263591280476,-13.019869087058948,-13.037964480309878,-13.058792177315437,-13.081272522586772,-13.117362417630861,-13.13851534889743,-13.150266639622924,-13.036043414711195,-13.1608886907882,-13.165386007259055,-13.051908144268758
eng_purexc_GGA_X_PBE,-5.02511297367884,-9.981771528451826,-0.3030012780435601,-6.54041405778291,-8.154429416443712,-11.103776581501293,-11.044700131044364,-10.95317996332471,-10.775945634475633,-10.604749861259293,-10.455373655088817,-10.32883987695039,-10.223451425833439,-10.139507101687958,-10.085864844357252,-10.04205784251403,-10.02216651109859,-9.988862551210923,-9.961363773141235,-9.938661245186276,-9.934432257839797,-9.977361629739834,-9.991614437519408,-10.012212521449518,-10.026567296130121,-9.985471280960464,-10.000171365438842,-10.00465916443219,-21.645321386026122,-21.25900302022646,-20.941296535860467,-20.684220672668012,-20.47946939611009,-20.31965825930393,-20.196396388597122,-20.101798225054768,-20.029504184519297,-19.974619195014963,-19.93334425637165,-19.902664370027157,-19.914072998192555,-19.930629651688125,-19.941242968557052,-19.948023206362315,-19.956123761597826,-19.960231276621197,-19.962200624574983,-19.96323090111225,-19.963337017581278,-19.96347928193703,-19.963513288914044,-9.65293898715204,-9.425984591141006,-9.244293326582934,-9.099354759339336,-8.983419298830306,-8.89016285594326,-8.81466046053702,-8.753129258565533,-8.702676232036563,-8.661198920590369,-8.627030808730147,-8.607709763636663,-8.631257402827119,-8.655886313387464,-8.677663727597135,-8.695286515115647,-8.71950905892962,-8.734047920032076,-8.705739863018048,-8.749333876437248,-8.753378189908156,-8.72221797077203,-8.759843031685339,-2.6321390988853777,-2.4292771289093,-2.25797867634829,-2.113617178484242,-1.991708520682719,-1.8884196378971982,-1.800627518888823,-1.7258232188631533,-1.6619932067047811,-1.6075127664244944,-1.5610603959939544,-1.5354080624253146,-1.5594156373212926,-1.5864550602899992,-1.6150390686208058,-1.6437974501045542,-1.6969316896633715,-1.7386795900574397,-1.7674972576068848,-1.7859494195584718,-1.7974432626485293,-1.8190445501721457,-1.818636353660385,-14.62735718106433,-14.266760421146708,-13.930372224027648,-13.654045438602367,-13.434451087173866,-13.261656197665602,-13.126131418463778,-13.020089107334076,-12.937325524634423,-12.872846335341658,-12.896494567277445,-12.92142865351909,-12.9400395776645,-12.957298594807508,-12.977362315663541,-12.999148083141256,-13.034175948925753,-13.054612946403749,-13.065819028764832,-12.952956477514025,-13.075565096526478,-13.079258024126677,-12.966672521258538
eng_purexc_GGA_X_PW91,-5.04342477747801,-10.02111218728116,-0.30393456432051535,-6.565047353657073,-8.185663767588453,-11.148018195282862,-11.08702777159075,-10.994501567672865,-10.815843324238815,-10.64343127471054,-10.493072631549378,-10.365753160219557,-10.259774570930388,-10.175650235304593,-10.121831169400355,-10.077884432318209,-10.057888282374691,-10.024483346942331,-9.996919024394256,-9.974172605507084,-9.970064109377356,-10.013659349887382,-10.028114068693936,-10.048884140789603,-10.063312844289975,-10.02154897158538,-10.03626340539389,-10.040798404960857,-21.73287898922677,-21.343791123653357,-21.02445898279002,-20.76621169072106,-20.56062476639855,-20.400277543446013,-20.276677873650574,-20.181842381057365,-20.1093520345387,-20.05428134804632,-20.012821878485965,-19.9819600907011,-19.993343369990654,-20.009830288643816,-20.020345839889927,-20.02704843020572,-20.035091217591994,-20.03922482101682,-20.04122820518172,-20.042248493863692,-20.042356145323907,-20.04240036766032,-20.042300156506123,-9.690354694889486,-9.462016467033678,-9.279440150444058,-9.133931287489998,-9.017609953717288,-8.924071177419748,-8.848344750193592,-8.786622418648122,-8.735995751578436,-8.694354598559265,-8.660028788129823,-8.640610605038933,-8.664277978529242,-8.688986054005822,-8.710808172775955,-8.728455721749034,-8.752715184927663,-8.76730271800147,-8.738867691663332,-8.782691754851083,-8.78677047242527,-8.755444832408541,-8.793115063951436,-2.641441260759922,-2.4379189385116056,-2.266054306789756,-2.121196500451177,-1.9988484962080193,-1.895167118152834,-1.8070187133000675,-1.7318861949799107,-1.6677509299442448,-1.6129840681251624,-1.5662617618883619,-1.5404252127191493,-1.5644761738187896,-1.5915589842817537,-1.6201948463646751,-1.6490186239927032,-1.702324551383169,-1.7442647207357134,-1.7732384788325422,-1.7917740190300395,-1.8032770085788303,-1.8250652113623018,-1.824599095781197,-14.687056698744508,-14.323113075215206,-13.983958938542413,-13.70551618274022,-13.484348862745483,-13.310419295942541,-13.174108186171564,-13.067552343401486,-12.984481664409444,-12.919835498813576,-12.944063762109561,-12.969487257868908,-12.988447034579705,-13.005975006705158,-13.026276181744942,-13.0482675688815,-13.083537580995145,-13.10405349682787,-13.115284403976347,-13.001221821596317,-13.125069922566245,-13.128779925353554,-13.01497516205519
eng_purexc_GGA_C_LYP,-0.15926304093245267,-0.3213383455430132,-2.883278916456975e-13,-0.19251931670326677,-0.2575045445078534,-0.42430291295546313,-0.4079752188142824,-0.3935653828951447,-0.3853146262972559,-0.3787347537627984,-0.3735897080724186,-0.369633316078145,-0.366582845047614,-0.3717035217770401,-0.3678555934231269,-0.3649148106874348,-0.36370005325567273,-0.3617029503072912,-0.35991440251734036,-0.35830114820207437,-0.3555554470672394,-0.34171629627105965,-0.33543669874234305,-0.3297796049560103,-0.3259295990132113,-0.3359516179175287,-0.3332566854721938,-0.33215286553086476,-0.7157985677959888,-0.7170259830195701,-0.7124878419175861,-0.7064943153743338,-0.700218208246173,-0.6942549175713345,-0.6888313312196123,-0.68400082908195,-0.6797459144635227,-0.6760245762971164,-0.6727872503415755,-0.669983698008834,-0.6644226702903204,-0.6592308061496773,-0.6553448405690556,-0.6524459487541674,-0.6485379106366939,-0.6462107722948638,-0.644811705015797,-0.6440344419262402,-0.6434721311418898,-0.6428574424999778,-0.6427061200623766,-0.35971560740288155,-0.35470781476909674,-0.35026005945214234,-0.34625991879677914,-0.3426076594620729,-0.33922159453489326,-0.3360425619142465,-0.33303904715431015,-0.3302005783516035,-0.32753199927235643,-0.3250389019473231,-0.3216179323985839,-0.3124809601978309,-0.3029619171262774,-0.29437923391213516,-0.2872091120609729,-0.27677483815291587,-0.27003991058044396,-0.2734901966701195,-0.26265784738002534,-0.2607205905598609,-0.2659430143798076,-0.25774500055685157,-0.16296359932236745,-0.15623918490818184,-0.14979710816377956,-0.14375881120285533,-0.1381494421405646,-0.1329577431224208,-0.12815822627794918,-0.12372187863270333,-0.11962046486628933,-0.11582841375095383,-0.1123228200007366,-0.10773769841060522,-0.0977745861347443,-0.08661891484312109,-0.07504184852164882,-0.06367834478871218,-0.043461777244392714,-0.02820296694801554,-0.01787634056416396,-0.01126877214704638,-0.007114421234825086,-0.0007665524399556635,-0.0002401843723964472,-0.5285681654880725,-0.5199852181357205,-0.511121816841668,-0.5030207636130514,-0.49583173266682556,-0.48951714840675664,-0.48399395821797214,-0.4791680630471919,-0.47494788687056094,-0.47125059354593496,-0.45872584742612393,-0.44746500597957356,-0.4383175509607771,-0.43032233708755463,-0.4226451061964773,-0.4153637222465062,-0.4039248759136828,-0.39670373887615706,-0.39229612426731575,-0.41880372181496683,-0.3879006530223161,-0.3859221545418209,-0.4151110309523314
eng_purexc_GGA_C_PBE,-0.14373087549484032,-0.2898504995399431,-0.00575373127400922,-0.17867613755117262,-0.23335012730815366,-0.3839375902099639,-0.3756592879477912,-0.3671411827606791,-0.36156205057706703,-0.35693043746046554,-0.3530352416168165,-0.3496322392542733,-0.3464827461718886,-0.3464955764476938,-0.34225557905985443,-0.33859011429571245,-0.3354896927235865,-0.333191251167676,-0.33086749730463233,-0.3285556153571636,-0.32478488725654764,-0.31114514106354396,-0.3038956832399717,-0.2976337704476672,-0.2935916406432681,-0.30042929607758045,-0.29765545108509933,-0.29689761068247983,-0.6693498389259248,-0.6730220214274995,-0.6691657990718101,-0.6622001329980689,-0.6536187698506375,-0.6445539587624767,-0.6357085099469376,-0.6275101470894138,-0.6201967274192554,-0.6138566184505009,-0.6084711258784545,-0.6039612696075505,-0.5975545129765611,-0.5921788608697768,-0.5883958010800076,-0.5857768623828804,-0.5826569198489348,-0.5811439286981429,-0.5804108116250143,-0.580097149223655,-0.5798769601007127,-0.579716980748384,-0.5796992950403071,-0.34153029264898965,-0.33874334806957,-0.3353572140176027,-0.33154758532256584,-0.32748510449049145,-0.32330030516137015,-0.31908861577051856,-0.3149216644755504,-0.31086101936604543,-0.306964830657322,-0.3032776468616428,-0.2984975728175474,-0.2884233436777936,-0.27931020102453835,-0.27163971210101256,-0.2654965607474656,-0.25699941884367866,-0.2519322801800835,-0.2543777254845297,-0.24710619697010255,-0.2460663057134613,-0.2501142269005559,-0.24489208152815717,-0.18009088398325848,-0.17533012865281172,-0.17000629458226252,-0.16448700622815313,-0.15895419532301125,-0.15350381074444971,-0.14818435294225024,-0.14302245917405096,-0.13803624976142517,-0.13323975351013154,-0.12864442784492627,-0.12205615902205112,-0.10895147836071542,-0.096680871683209,-0.08537336370306624,-0.07520248292660774,-0.05884088363689397,-0.04792225982686529,-0.04144308512912754,-0.03789833228035052,-0.03605991494840536,-0.034674609641412425,-0.034534912912291396,-0.48375940173907084,-0.47867219955624835,-0.472965030807958,-0.4672861220327816,-0.4617648486018087,-0.45638573125845905,-0.45110692537232877,-0.44589409214657744,-0.44074099769467284,-0.4356791003459935,-0.4229147860374509,-0.4119438054533612,-0.40306357479422306,-0.3953288406072049,-0.38806579984788003,-0.3814033305068637,-0.3713669444604602,-0.36531903972449065,-0.3618141879963429,-0.3790204186789879,-0.3586832624552347,-0.3576102739496826,-0.37672245062718773
eng_purexc_GGA_C_PW91,-0.15868208467957126,-0.3167620292823925,-0.006372152566156111,-0.1969775728129048,-0.255864763388287,-0.4168192603039387,-0.40780095062712296,-0.3986648683231205,-0.39246425904283305,-0.38729200443554107,-0.3829669299034599,-0.3792416569258244,-0.37586546409280286,-0.37596975352914647,-0.3716563662879076,-0.36796013179367887,-0.3650144297463849,-0.36266926739320643,-0.3603277919279413,-0.3580210498391629,-0.3543161649565398,-0.34077205985881354,-0.3336566317035572,-0.3275096229829555,-0.3235251376424894,-0.3304876727700985,-0.3277339692980986,-0.3269555112489184,-0.7236597051429723,-0.7264934665870635,-0.722121156288279,-0.7149215118238299,-0.706284533652949,-0.6972833348495118,-0.6885801265375175,-0.6805693798297626,-0.6734604125786839,-0.6673183673101885,-0.66210991964101,-0.6577493946146474,-0.651462229900531,-0.6461562968509712,-0.642400173967372,-0.6397765451276456,-0.6366109898294492,-0.6350485010424184,-0.6342805128216268,-0.6339470874808317,-0.6337135223347994,-0.6335416876284792,-0.6335223787844134,-0.36749758981861563,-0.36404681331530725,-0.36018660608558994,-0.356053214899189,-0.3517822412782299,-0.34747610445928323,-0.3432073494162086,-0.3390295965576648,-0.3349900075945146,-0.33113519114991263,-0.32750063749686986,-0.32276481682508107,-0.3126733400997808,-0.30352374438806135,-0.2958031894312797,-0.2896062085781591,-0.28100952290375447,-0.2758602602774305,-0.27835069643629307,-0.2709228392377998,-0.2698520957182414,-0.27398301606597497,-0.268642963324452,-0.18740565770562193,-0.18211599813938356,-0.176393414054125,-0.1705712666741169,-0.16480964561899175,-0.15918798314447052,-0.15374268992645537,-0.14849159679742033,-0.14344595500090174,-0.1386138704822366,-0.13400191137524517,-0.12739748936881118,-0.11422678612989967,-0.10186386109875162,-0.09042896609907904,-0.08009699358314602,-0.0633572733159252,-0.052086277290924306,-0.04535588391273957,-0.041663638485884225,-0.03975245070373302,-0.03837366446059631,-0.03823754470196079,-0.524223326329384,-0.5180748271547628,-0.5114273031389458,-0.5050119782920959,-0.4989421289234182,-0.4931718179246135,-0.4876303313852417,-0.4822592144075957,-0.47703282579135997,-0.4719654386092221,-0.45923848391953537,-0.4483265126431484,-0.4395138196002932,-0.43184771196640054,-0.42464992540770163,-0.4180446277139756,-0.40808061536229273,-0.40205102188763525,-0.39853168415601065,-0.41607631269133405,-0.3953455321404169,-0.39422910184826027,-0.41370947610346415
eng_purexc_GGA_C_P86,-0.15895464738527496,-0.32184143995192493,-0.002435908393465847,-0.19587328470798418,-0.2583523704244079,-0.41914695022800186,-0.40857166028791647,-0.39854919808914707,-0.3928545302114664,-0.38830884875356153,-0.38462228759678385,-0.3815485033652783,-0.3788401542091844,-0.38106260088923394,-0.37703957777466884,-0.3736895679003895,-0.3714043883694379,-0.36924078244248226,-0.36707468289469813,-0.36493124408772143,-0.36108093993336665,-0.3456971567127663,-0.3378329018329947,-0.3308253200560154,-0.3261415054147571,-0.3349681608719436,-0.3314181974744573,-0.3301615623309633,-0.7361465003036741,-0.7395626156579019,-0.7349640843028281,-0.7279960164589556,-0.7198389854018471,-0.7113679310376126,-0.7031419739954008,-0.6955002948343588,-0.6886351541963543,-0.6826207221849113,-0.677438995550681,-0.6730235074660246,-0.6660407188999066,-0.6599416798831971,-0.6555200522195183,-0.6523365994209804,-0.6482961861156632,-0.6461247861951066,-0.6449565923751039,-0.6444013847712241,-0.6440025824776512,-0.6436789277249585,-0.6436578367357333,-0.37174427518378766,-0.36930034036399134,-0.3664194284755018,-0.36321497563918204,-0.3597958432695118,-0.3562434056200038,-0.3526164660473989,-0.34896176813555824,-0.3453296201119292,-0.34178345163495577,-0.33837476039141295,-0.3335268662580859,-0.32165793895948985,-0.3105592056427157,-0.3010598864226308,-0.293303490030078,-0.28215778461434105,-0.27506686210595005,-0.2776432511619822,-0.267589660314815,-0.2657547250162268,-0.2702783918092617,-0.26330862265143834,-0.19154951003699563,-0.18722811331061812,-0.18249429404212675,-0.1776025883592065,-0.17266973739560662,-0.16777824493555704,-0.1629764439691176,-0.15829295185633108,-0.1537471963382329,-0.14935372842315245,-0.14512332485776588,-0.13846310920007568,-0.12351024091929647,-0.1089374577361296,-0.09510940192780278,-0.08230202955917616,-0.06053975724277319,-0.04444950430389324,-0.033499639230044134,-0.02640678798446499,-0.021913491383696627,-0.015602295667290307,-0.014814056493298223,-0.5283729442104786,-0.5236419335750875,-0.5181304004453203,-0.5125791895941647,-0.5071932737057873,-0.5019945449502884,-0.4969629138049027,-0.4920661333951766,-0.48728820621741575,-0.4826417709380663,-0.46863346946388923,-0.4563998229887054,-0.4464676980223275,-0.4377756751189632,-0.4295339480339652,-0.4218804208018086,-0.41012374278118513,-0.4028188980546783,-0.3984033731302682,-0.42051972016483136,-0.3941056908785671,-0.392324144310028,-0.41684173585125733
eng_corr_MP2_aa,-0.022713203645117683,-0.05082003485977776,0.0,-0.047447240905516004,-0.04917416815643007,-0.0466296259775387,-0.046478815804594155,-0.045097519229247957,-0.04511756451049699,-0.04633762180938696,-0.04918944136176371,-0.05390683696530392,-0.060517538025520186,-0.05482736090724324,-0.05374043724256323,-0.05348283541045584,-0.04353880625010313,-0.047939545799378404,-0.05320036995209019,-0.05936340565948808,-0.05941151792253483,-0.038457826899265767,-0.033733648140548536,-0.029658633722152133,-0.027161687427004512,-0.01950637650146503,-0.016241746455195837,-0.01547615223955201,-0.10900513837246777,-0.10335750325734418,-0.09881540667966016,-0.09625168742440002,-0.09561860472207998,-0.0964844443194644,-0.09833193913540102,-0.10064966185499277,-0.10304806069612402,-0.10529566692477073,-0.10729417626791252,-0.10902871972528763,-0.10105434539967699,-0.09299066087568075,-0.08767014162679727,-0.0843003405970266,-0.08037156593117277,-0.07842415765049912,-0.07744427611463839,-0.07665602822193536,-0.07688809060685899,-0.07650647577020174,-0.07647965003091335,-0.04464131474815568,-0.045069775431262026,-0.04609410588489602,-0.04756312039883601,-0.04934669786912099,-0.051344322835207665,-0.0534900985588654,-0.05573411533072965,-0.05806187887929938,-0.06049552452909515,-0.06307557139772949,-0.06263885022774052,-0.05254664485082912,-0.05891789859548884,-0.05620949277098535,-0.054224466235286685,-0.02168695026497009,-0.016565837861944037,-0.029351084138478988,-0.011332593480636314,-0.049492758683963675,-0.025009190906416984,-0.008518540762858998,-0.01695642528980254,-0.015808958730995037,-0.015048121625399416,-0.014554501041120665,-0.014245935555941601,-0.014067809352499546,-0.013983070546668577,-0.013966238144447354,-0.013999284282387857,-0.014068452871243437,-0.014162646673848305,-0.012867986116164057,-0.008241089057111645,-0.0051727285163784805,-0.0032118344922666977,-0.0019899514779722384,-0.0007786771003388769,-0.00032005535555960484,-0.00014014165257938277,-6.588630646350827e-05,-3.3379481858865485e-05,-0.00014778151783902008,-6.032688532586193e-05,-0.06346077241140685,-0.06170397022659224,-0.06204363725014593,-0.06412108352825768,-0.06797374032183658,-0.07387300231059317,-0.08225298162001876,-0.09368385290754452,-0.10881612437844271,-0.12829431219004708,-0.11070583168100875,-0.09497311405280318,-0.08404264970681377,-0.07587330541294368,-0.06916240685404222,-0.06360681206754525,-0.05631715123920862,-0.05263953511068788,-0.05075139367682061,-0.0348156088748747,-0.04916486160828845,-0.04857774106804627,-0.03121479925049025
eng_corr_MP2_ab,-0.11830040124376995,-0.25789680843137974,0.0,-0.13107765229248863,-0.19471186477985294,-0.3342401883287234,-0.3173523386016901,-0.30317045378026286,-0.3004400004738147,-0.3066408730971057,-0.32164928085181377,-0.3457968729197475,-0.3788641366215371,-0.39117384575178327,-0.3888819434545746,-0.3941986632403282,-0.3726866915145771,-0.39630571849319046,-0.4243794131315245,-0.4572948294451953,-0.45086263354800127,-0.33592597518965844,-0.3073960363048365,-0.27383207865227827,-0.2554034537073136,-0.2729228158220119,-0.25615620302812936,-0.25323427459820613,-0.5837323284650895,-0.5801416915663417,-0.5722592441979026,-0.5712258758720541,-0.5764170993899446,-0.5873984574404645,-0.60376188912953,-0.6248823018468224,-0.6501882397670389,-0.6792076322447038,-0.7117726818903637,-0.748090029922208,-0.6702929499464034,-0.6025969072913038,-0.5668270069711407,-0.5477552421666999,-0.5293719506965797,-0.5219129262884968,-0.5186355227384899,-0.5171628033426129,-0.5165244771590978,-0.5159712766450747,-0.5158477826091572,-0.29675390555563275,-0.2999389481633041,-0.30570215148819085,-0.31420751474728487,-0.3251609958162366,-0.3384806388012519,-0.35443175183320397,-0.3731486856342349,-0.39490417402960737,-0.42010938088227395,-0.4491027046158966,-0.4622747900039729,-0.3946478785567342,-0.33813903441407356,-0.29634602456081915,-0.26725661972353715,-0.2335534483942826,-0.21672172500147233,-0.22223560339434625,-0.2021493501480856,-0.19898689439251163,-0.20665029850126143,-0.1949591845883506,-0.16220522534525886,-0.15875810470154514,-0.15762717636811527,-0.15823166328583807,-0.16028835379725234,-0.1636901200728093,-0.1684381940328869,-0.17459114642933005,-0.18225161334283396,-0.19156139263816194,-0.20268909466295246,-0.2012719658222231,-0.15883028488096962,-0.12371993529163947,-0.09494639563508571,-0.07168110011430529,-0.03903076653480426,-0.020497117831245876,-0.010764230009718217,-0.005776463514087152,-0.0031849067861306336,-0.0002803638119292378,-8.64934337376932e-05,-0.4161742831477256,-0.40644818744093125,-0.4116165117935243,-0.4251384873978873,-0.44636260890492124,-0.476274171833578,-0.5162904558157556,-0.5684344347908624,-0.6352417032100822,-0.7192553136235658,-0.6011449815247507,-0.5147579155895955,-0.4642928776808083,-0.42880626917949016,-0.394100899775562,-0.35878522651721656,-0.307931838788059,-0.2836401680675761,-0.2726935704734588,-0.3145598091480344,-0.26506411217561326,-0.26287500195519553,-0.29999182004678615
eng_corr_MP2_bb,-0.0008462538635912095,-0.0256417317920978,0.0,-0.0008749285548698823,-0.008411282857718272,,-0.04647881638136896,-0.04509752185012896,-0.04511756251703539,-0.04633763239138312,-0.04918947845075942,-0.05390674979559948,-0.060517386843948764,-0.0548247762230174,-0.05375555084543487,-0.053484706559297934,-0.04353881065035677,-0.047939549067760386,-0.05320036840133882,-0.05936341087037391,-0.05941116210686315,-0.03845746566933346,-0.033733001872258625,-0.029658624432412732,-0.027161696029675896,-0.019506701214161693,-0.016242148484938868,-0.015482724758055745,-0.1090051391921929,,,,,,,,,,,,-0.101054341887702,-0.09299069279825266,-0.08766992118608297,-0.08430014016564874,-0.08037275039770453,-0.07842730120971544,-0.07744735217280502,-0.07728101704348683,-0.0765840241947978,-0.07655397820590257,-0.07648749069483407,,,,,,,,,,,,-0.06554344059474072,-0.062283320239830714,-0.04344963480371722,-0.03591225982075449,-0.029958452696619266,-0.05184791948009516,-0.05066730305229279,-0.029351782695845898,-0.04969597713981991,-0.010106605338281395,-0.0249966641585308,-0.049206462700501545,,,,,,,,,,,,-0.012868010372030676,-0.00824108906356388,-0.005172727167767086,-0.0032118350051384536,-0.001989949167060387,-0.0007786771667123198,-0.000320056838318001,-0.00014014155556819552,-6.5886255486892e-05,-3.337952200019888e-05,-0.00014778163822921366,-6.032683962097685e-05,,,,,,,,,,,-0.1107056911329396,-0.09497304474479394,-0.08404263692007766,-0.07587329030697476,-0.06916244094459563,-0.063606686877387,-0.05631726643320145,-0.05263958680563585,-0.05075135663614105,-0.03481571042173068,-0.049164859028515306,-0.04857769632418555,-0.03121470822630229
eng_corr_MP2_OS,-0.11830040124376995,-0.25789680843137974,0.0,-0.13107765229248863,-0.19471186477985294,-0.3342401883287234,-0.3173523386016901,-0.30317045378026286,-0.3004400004738147,-0.3066408730971057,-0.32164928085181377,-0.3457968729197475,-0.3788641366215371,-0.39117384575178327,-0.3888819434545746,-0.3941986632403282,-0.3726866915145771,-0.39630571849319046,-0.4243794131315245,-0.4572948294451953,-0.45086263354800127,-0.33592597518965844,-0.3073960363048365,-0.27383207865227827,-0.2554034537073136,-0.2729228158220119,-0.25615620302812936,-0.25323427459820613,-0.5837323284650895,-0.5801416915663417,-0.5722592441979026,-0.5712258758720541,-0.5764170993899446,-0.5873984574404645,-0.60376188912953,-0.6248823018468224,-0.6501882397670389,-0.6792076322447038,-0.7117726818903637,-0.748090029922208,-0.6702929499464034,-0.6025969072913038,-0.5668270069711407,-0.5477552421666999,-0.5293719506965797,-0.5219129262884968,-0.5186355227384899,-0.5171628033426129,-0.5165244771590978,-0.5159712766450747,-0.5158477826091572,-0.29675390555563275,-0.2999389481633041,-0.30570215148819085,-0.31420751474728487,-0.3251609958162366,-0.3384806388012519,-0.35443175183320397,-0.3731486856342349,-0.39490417402960737,-0.42010938088227395,-0.4491027046158966,-0.4622747900039729,-0.3946478785567342,-0.33813903441407356,-0.29634602456081915,-0.26725661972353715,-0.2335534483942826,-0.21672172500147233,-0.22223560339434625,-0.2021493501480856,-0.19898689439251163,-0.20665029850126143,-0.1949591845883506,-0.16220522534525886,-0.15875810470154514,-0.15762717636811527,-0.15823166328583807,-0.16028835379725234,-0.1636901200728093,-0.1684381940328869,-0.17459114642933005,-0.18225161334283396,-0.19156139263816194,-0.20268909466295246,-0.2012719658222231,-0.15883028488096962,-0.12371993529163947,-0.09494639563508571,-0.07168110011430529,-0.03903076653480426,-0.020497117831245876,-0.010764230009718217,-0.005776463514087152,-0.0031849067861306336,-0.0002803638119292378,-8.64934337376932e-05,-0.4161742831477256,-0.40644818744093125,-0.4116165117935243,-0.4251384873978873,-0.44636260890492124,-0.476274171833578,-0.5162904558157556,-0.5684344347908624,-0.6352417032100822,-0.7192553136235658,-0.6011449815247507,-0.5147579155895955,-0.4642928776808083,-0.42880626917949016,-0.394100899775562,-0.35878522651721656,-0.307931838788059,-0.2836401680675761,-0.2726935704734588,-0.3145598091480344,-0.26506411217561326,-0.26287500195519553,-0.29999182004678615
eng_corr_MP2_SS,-0.023559457508708893,-0.07646176665187557,0.0,-0.04832216946038589,-0.05758545101414834,-0.0932592519550774,-0.09295763218596312,-0.09019504107937693,-0.09023512702753238,-0.09267525420077008,-0.09837891981252313,-0.1078135867609034,-0.12103492486946896,-0.10965213713026065,-0.1074959880879981,-0.10696754196975378,-0.0870776169004599,-0.09587909486713879,-0.106400738353429,-0.118726816529862,-0.11882268002939797,-0.07691529256859922,-0.06746665001280716,-0.059317258154564866,-0.054323383456680405,-0.039013077715626725,-0.032483894940134705,-0.030958876997607757,-0.21801027756466068,-0.20671500651468835,-0.1976308133593203,-0.19250337484880004,-0.19123720944415995,-0.1929688886389288,-0.19666387827080203,-0.20129932370998554,-0.20609612139224803,-0.21059133384954146,-0.21458835253582503,-0.21805743945057526,-0.202108687287379,-0.18598135367393342,-0.17534006281288023,-0.16860048076267534,-0.1607443163288773,-0.15685145886021457,-0.1548916282874434,-0.15393704526542218,-0.1534721148016568,-0.1530604539761043,-0.1529671407257474,-0.08928262949631136,-0.09013955086252405,-0.09218821176979204,-0.09512624079767203,-0.09869339573824198,-0.10268864567041533,-0.1069801971177308,-0.1114682306614593,-0.11612375775859876,-0.1209910490581903,-0.12615114279545897,-0.12818229082248123,-0.11482996509065983,-0.10236753339920607,-0.09212175259173984,-0.08418291893190595,-0.07353486974506525,-0.06723314091423682,-0.058702866834324886,-0.06102857062045622,-0.05959936402224507,-0.050005855064947785,-0.05772500346336054,-0.03391285057960508,-0.031617917461990074,-0.03009624325079883,-0.02910900208224133,-0.028491871111883203,-0.02813561870499909,-0.027966141093337154,-0.027932476288894708,-0.027998568564775714,-0.028136905742486874,-0.02832529334769661,-0.025735996488194732,-0.016482178120675525,-0.010345455684145567,-0.006423669497405152,-0.003979900645032626,-0.0015573542670511966,-0.0006401121938776058,-0.00028028320814757826,-0.00013177256195040027,-6.675900385906436e-05,-0.00029556315606823374,-0.00012065372494683878,-0.1269215448228137,-0.12340794045318448,-0.12408727450029186,-0.12824216705651537,-0.13594748064367315,-0.14774600462118634,-0.16450596324003752,-0.18736770581508905,-0.21763224875688542,-0.25658862438009417,-0.22141152281394835,-0.18994615879759713,-0.16808528662689143,-0.15174659571991844,-0.13832484779863785,-0.12721349894493225,-0.11263441767241007,-0.10527912191632373,-0.10150275031296166,-0.06963131929660538,-0.09832972063680376,-0.09715543739223181,-0.062429507476792545
eng_corr_MP2,-0.14185985875247883,-0.3343585750832553,0.0,-0.17939982175287453,-0.2522973157940013,-0.42749944028380077,-0.4103099707876532,-0.3933654948596398,-0.3906751275013471,-0.3993161272978758,-0.4200282006643369,-0.4536104596806509,-0.49989906149100605,-0.5008259828820439,-0.4963779315425727,-0.501166205210082,-0.459764308415037,-0.49218481336032927,-0.5307801514849535,-0.5760216459750573,-0.5696853135773993,-0.4128412677582577,-0.37486268631764363,-0.3331493368068431,-0.309726837163994,-0.3119358935376386,-0.28864009796826406,-0.2841931515958139,-0.8017426060297501,-0.78685669808103,-0.769890057557223,-0.7637292507208542,-0.7676543088341046,-0.7803673460793933,-0.800425767400332,-0.826181625556808,-0.856284361159287,-0.8897989660942452,-0.9263610344261888,-0.9661474693727832,-0.8724016372337824,-0.7885782609652372,-0.742167069784021,-0.7163557229293752,-0.690116267025457,-0.6787643851487114,-0.6735271510259333,-0.6710998486080351,-0.6699965919607546,-0.669031730621179,-0.6688149233349046,-0.38603653505194413,-0.39007849902582814,-0.3978903632579829,-0.4093337555449569,-0.42385439155447857,-0.44116928447166726,-0.46141194895093474,-0.48461691629569426,-0.5110279317882062,-0.5411004299404643,-0.5752538474113555,-0.5904570808264542,-0.509477843647394,-0.4405065678132796,-0.388467777152559,-0.3514395386554431,-0.30708831813934784,-0.2839548659157092,-0.28093847022867113,-0.26317792076854185,-0.2585862584147567,-0.2566561535662092,-0.2526841880517111,-0.19611807592486394,-0.19037602216353522,-0.1877234196189141,-0.1873406653680794,-0.18878022490913554,-0.1918257387778084,-0.19640433512622404,-0.20252362271822474,-0.2102501819076097,-0.2196982983806488,-0.23101438801064905,-0.2270079623104178,-0.17531246300164516,-0.13406539097578504,-0.10137006513249086,-0.0756610007593379,-0.040588120801855455,-0.021137230025123483,-0.011044513217865795,-0.005908236076037552,-0.003251665789989698,-0.0005759269679974715,-0.00020714715868453196,-0.5430958279705393,-0.5298561278941157,-0.5357037862938162,-0.5533806544544027,-0.5823100895485944,-0.6240201764547644,-0.6807964190557931,-0.7558021406059514,-0.8528739519669677,-0.9758439380036599,-0.8225565043386991,-0.7047040743871926,-0.6323781643076998,-0.5805528648994086,-0.5324257475741998,-0.48599872546214884,-0.4205662564604691,-0.3889192899838998,-0.3741963207864205,-0.38419112844463976,-0.363393832812417,-0.36003043934742734,-0.3624213275235787
eng_corr_IEPA_aa,-0.022634287706797276,-0.05071404098486038,0.0,-0.047302822083249235,-0.049053239572726164,-0.04653777057665561,-0.046369796533609065,-0.04499117001995318,-0.04499234151429383,-0.046175223139781854,-0.04895749303381829,-0.053548100942904096,-0.05993579620337185,-0.05430543984247491,-0.05319128611383212,-0.05286107558594261,-0.043133818206738464,-0.04726780986964478,-0.05207490117459869,-0.05749950723423758,-0.057268262243717206,-0.03799267607810915,-0.0334490691160364,-0.02948863402471373,-0.027040036143037682,-0.019467332112942742,-0.01622048506451236,-0.01544471282236487,-0.10871218496208607,-0.10321865175675836,-0.09871590252785625,-0.09616288720623109,-0.09552578521282258,-0.0963774445100726,-0.09819967662421428,-0.10047540998274349,-0.10282573737442455,-0.10502557911519925,-0.10697562843219588,-0.10865873619222874,-0.10078612730027325,-0.09280427546755415,-0.08751981704567577,-0.08416010855798578,-0.0802222962931343,-0.07826931485554998,-0.07728971475392885,-0.07650490478752955,-0.07673016175329327,-0.07635060448256567,-0.07632357525612096,-0.04455971144470246,-0.04497608083090464,-0.04598423215472439,-0.04743238010482137,-0.04918956234673455,-0.051154211866502555,-0.05325907062353767,-0.05545225237270099,-0.057716005765232704,-0.06006691838268233,-0.06253635651535548,-0.06198266391126981,-0.052063418581431056,-0.05859212967774646,-0.05595524552736875,-0.054015027496409754,-0.021634241456641598,-0.016538666835165357,-0.02928516874728007,-0.011318087038624407,-0.0493672784027438,-0.02495452553573202,-0.008505657862075255,-0.016909471460977647,-0.015757363828397132,-0.014988063514476277,-0.014482569544557353,-0.014158824997489355,-0.013962164650243148,-0.013855405918909687,-0.013812893420317714,-0.013816401624653132,-0.013851965934021394,-0.013908280402626205,-0.01263705011803838,-0.008153017334794945,-0.00514171365473375,-0.0032015054345361075,-0.001986603806350745,-0.0007783121187447018,-0.0003200073700360985,-0.000140133715607515,-6.58847034809226e-05,-3.3379097982667966e-05,-0.00014777545321400121,-6.032586041621861e-05,-0.06337951967651934,-0.06161436413781583,-0.06193083777826836,-0.06396625954731551,-0.06774529934560158,-0.07351105711164793,-0.08164100659322211,-0.09259602392176243,-0.10682474936373529,-0.12462278571763678,-0.10841680932465725,-0.0935102868740246,-0.0829826728215027,-0.07507474884584289,-0.06857314233456681,-0.06317813124237304,-0.05605940061174068,-0.05244508697527077,-0.050582336806410146,-0.03473567677295403,-0.049012979700195955,-0.048431196069695426,-0.03114086140950325
eng_corr_IEPA_ab,-0.11662037615389109,-0.2568985904723363,0.0,-0.13010790321398713,-0.19372305282164895,-0.3320517095032839,-0.3160073964872932,-0.3018466136320658,-0.29886351634407676,-0.30460747238292285,-0.3189610292681047,-0.3417422745824553,-0.37276769583561564,-0.3833397678158006,-0.38090611671112035,-0.38505334156280385,-0.3658589739393832,-0.38672138180804017,-0.41048991291003717,-0.4368805434805553,-0.43152403282447205,-0.32808587423253355,-0.30100816221087406,-0.26990619864793064,-0.25209983024905547,-0.27023406981919007,-0.25414579967799833,-0.25033971658023013,-0.5812059548126091,-0.5784467136761551,-0.5710064237560508,-0.5700730800037571,-0.5752205367551703,-0.5860363098491701,-0.6020049550899372,-0.6222035423997683,-0.6455773084332246,-0.6709219443758456,-0.6971595642835675,-0.7234898318812236,-0.6585878676518465,-0.5984436077894376,-0.5646563994279145,-0.5460120600059675,-0.527527517136156,-0.5199694956869522,-0.5166750921922769,-0.5151795535172041,-0.5145289563134059,-0.5139717600449986,-0.51384845871982,-0.2956270586423304,-0.2986896774334959,-0.3042846518448095,-0.3125579112207295,-0.32318470658170084,-0.33603000781518283,-0.35126890150480294,-0.3688892803882182,-0.38894103293546023,-0.41152131289979305,-0.43655289404767206,-0.44659913428391323,-0.3853694079995602,-0.332955620177967,-0.2933312496405759,-0.26528207635212037,-0.23229647899627698,-0.215641575028778,-0.22108364683749393,-0.20114312755722472,-0.1979890795758866,-0.20557552544152816,-0.1939697928998852,-0.1611026782054922,-0.1575947374597294,-0.156314942804385,-0.1566933650327155,-0.15844109371135395,-0.16143496937488583,-0.1656507703846526,-0.17111109068109243,-0.17786956178581265,-0.18600265697273724,-0.1955934744094141,-0.1950407889000074,-0.1545050496959361,-0.12128477577908856,-0.09357925018216835,-0.0709284639600772,-0.03881960726332748,-0.02044283674292477,-0.01075045088700374,-0.005772792226010873,-0.0031838598590998896,-0.0002803553439049119,-8.649264310259533e-05,-0.4148098036821337,-0.4050681984001461,-0.409951484106661,-0.4229712002442417,-0.4433579933362057,-0.47185257997586194,-0.509428606100445,-0.5573359615507908,-0.6168208399913563,-0.6884075920593253,-0.5859780015566648,-0.5062564595165504,-0.4572677042966649,-0.42196125449165045,-0.38807451571627516,-0.3543449355937211,-0.3055411940170758,-0.28169523032199595,-0.2707904574073455,-0.3122544249940438,-0.26313560616223547,-0.26093592820376554,-0.29790812852823484
eng_corr_IEPA_bb,-0.0008462130613551549,-0.025591646140860333,0.0,-0.0008748975466120203,-0.00839838684117924,,-0.04636979707223901,-0.04499117254154379,-0.044992339685441536,-0.04617523348004438,-0.04895752974179153,-0.05354801554244325,-0.05993564957280923,-0.05430292589820818,-0.0532059586193719,-0.05286288479657544,-0.04313382242687298,-0.0472678129748321,-0.0520748997668453,-0.057499511925898916,-0.05726794660222648,-0.03799232696334217,-0.0334484497534749,-0.02948862391998734,-0.027040039243168962,-0.019467656330408645,-0.016220898274959178,-0.015451315643600283,-0.10871213812232303,,,,,,,,,,,,-0.10078561691203403,-0.09280908640191168,-0.08751960531203334,-0.0841599111698876,-0.08022345065253574,-0.07827240744350758,-0.07729274214670145,-0.07712158095218444,-0.07642987550135687,-0.07639750007855989,-0.07633131091840616,,,,,,,,,,,,-0.06494404323257397,-0.06184759682364134,-0.04313560368801354,-0.03571602482301075,-0.02983540175395335,-0.05168452622389655,-0.05052385991403931,-0.029285865678739517,-0.04956752238238042,-0.0100932315403422,-0.024941996040968018,-0.04908507204730246,,,,,,,,,,,,-0.012637073290581197,-0.008153017339378787,-0.005141712328747281,-0.0032015059431712263,-0.0019866015066841896,-0.0007783121850381707,-0.0003200088521941751,-0.0001401336186092297,-6.588465250731043e-05,-3.337913812291459e-05,-0.0001477755736204047,-6.032581471732162e-05,,,,,,,,,,,-0.10841667513129372,-0.09351022028161955,-0.08298265626628332,-0.07507473445527246,-0.06857317638217622,-0.06317800780813831,-0.0560595133500257,-0.05244513845910702,-0.05058230244045252,-0.03473577792054713,-0.049012977184361914,-0.04843115238604745,-0.03114075652179596
eng_corr_IEPA_OS,-0.11662037615389109,-0.2568985904723363,0.0,-0.13010790321398713,-0.19372305282164895,-0.3320517095032839,-0.3160073964872932,-0.3018466136320658,-0.29886351634407676,-0.30460747238292285,-0.3189610292681047,-0.3417422745824553,-0.37276769583561564,-0.3833397678158006,-0.38090611671112035,-0.38505334156280385,-0.3658589739393832,-0.38672138180804017,-0.41048991291003717,-0.4368805434805553,-0.43152403282447205,-0.32808587423253355,-0.30100816221087406,-0.26990619864793064,-0.25209983024905547,-0.27023406981919007,-0.25414579967799833,-0.25033971658023013,-0.5812059548126091,-0.5784467136761551,-0.5710064237560508,-0.5700730800037571,-0.5752205367551703,-0.5860363098491701,-0.6020049550899372,-0.6222035423997683,-0.6455773084332246,-0.6709219443758456,-0.6971595642835675,-0.7234898318812236,-0.6585878676518465,-0.5984436077894376,-0.5646563994279145,-0.5460120600059675,-0.527527517136156,-0.5199694956869522,-0.5166750921922769,-0.5151795535172041,-0.5145289563134059,-0.5139717600449986,-0.51384845871982,-0.2956270586423304,-0.2986896774334959,-0.3042846518448095,-0.3125579112207295,-0.32318470658170084,-0.33603000781518283,-0.35126890150480294,-0.3688892803882182,-0.38894103293546023,-0.41152131289979305,-0.43655289404767206,-0.44659913428391323,-0.3853694079995602,-0.332955620177967,-0.2933312496405759,-0.26528207635212037,-0.23229647899627698,-0.215641575028778,-0.22108364683749393,-0.20114312755722472,-0.1979890795758866,-0.20557552544152816,-0.1939697928998852,-0.1611026782054922,-0.1575947374597294,-0.156314942804385,-0.1566933650327155,-0.15844109371135395,-0.16143496937488583,-0.1656507703846526,-0.17111109068109243,-0.17786956178581265,-0.18600265697273724,-0.1955934744094141,-0.1950407889000074,-0.1545050496959361,-0.12128477577908856,-0.09357925018216835,-0.0709284639600772,-0.03881960726332748,-0.02044283674292477,-0.01075045088700374,-0.005772792226010873,-0.0031838598590998896,-0.0002803553439049119,-8.649264310259533e-05,-0.4148098036821337,-0.4050681984001461,-0.409951484106661,-0.4229712002442417,-0.4433579933362057,-0.47185257997586194,-0.509428606100445,-0.5573359615507908,-0.6168208399913563,-0.6884075920593253,-0.5859780015566648,-0.5062564595165504,-0.4572677042966649,-0.42196125449165045,-0.38807451571627516,-0.3543449355937211,-0.3055411940170758,-0.28169523032199595,-0.2707904574073455,-0.3122544249940438,-0.26313560616223547,-0.26093592820376554,-0.29790812852823484
eng_corr_IEPA_SS,-0.023480500768152432,-0.07630568712572072,0.0,-0.048177719629861254,-0.0574516264139054,-0.09307554115331122,-0.09273959360584808,-0.08998234256149698,-0.08998468119973536,-0.09235045661982624,-0.09791502277560982,-0.10709611648534734,-0.11987144577618108,-0.1086083657406831,-0.10639724473320403,-0.10572396038251805,-0.08626764063361145,-0.09453562284447689,-0.10414980094144399,-0.1149990191601365,-0.11453620884594368,-0.07598500304145131,-0.0668975188695113,-0.05897725794470107,-0.05408007538620664,-0.03893498844335139,-0.03244138333947154,-0.030896028465965154,-0.2174243230844091,-0.20643730351351672,-0.1974318050557125,-0.19232577441246218,-0.19105157042564516,-0.1927548890201452,-0.19639935324842855,-0.20095081996548697,-0.2056514747488491,-0.2100511582303985,-0.21395125686439176,-0.21731747238445748,-0.20157174421230728,-0.18561336186946584,-0.1750394223577091,-0.16832001972787336,-0.16044574694567004,-0.15654172229905755,-0.1545824569006303,-0.153626485739714,-0.15316003725465013,-0.15274810456112556,-0.1526548861745271,-0.08911942288940491,-0.08995216166180928,-0.09196846430944879,-0.09486476020964274,-0.0983791246934691,-0.10230842373300511,-0.10651814124707534,-0.11090450474540198,-0.11543201153046541,-0.12013383676536465,-0.12507271303071096,-0.12692670714384377,-0.1139110154050724,-0.10172773336575999,-0.0916712703503795,-0.0838504292503631,-0.07331876768053815,-0.06706252674920467,-0.05857103442601959,-0.06088560942100483,-0.05946050994308599,-0.049896521576700034,-0.05759072990937772,-0.033818942921955295,-0.031514727656794264,-0.029976127028952554,-0.028965139089114706,-0.02831764999497871,-0.027924329300486297,-0.027710811837819375,-0.02762578684063543,-0.027632803249306264,-0.027703931868042788,-0.02781656080525241,-0.025274123408619578,-0.016306034674173735,-0.010283425983481032,-0.006403011377707334,-0.003973205313034934,-0.0015566243037828725,-0.0006400162222302737,-0.0002802673342167447,-0.00013176935598823304,-6.675823610558255e-05,-0.0002955510268344059,-0.00012065167513354023,-0.12675903935303867,-0.12322872827563167,-0.12386167555653672,-0.12793251909463102,-0.13549059869120317,-0.14702211422329586,-0.16328201318644422,-0.18519204784352486,-0.21364949872747058,-0.24924557143527357,-0.21683348445595096,-0.18702050715564417,-0.16596532908778602,-0.15014948330111536,-0.13714631871674304,-0.12635613905051135,-0.11211891396176638,-0.10489022543437779,-0.10116463924686267,-0.06947145469350116,-0.09802595688455787,-0.09686234845574287,-0.06228161793129921
eng_corr_IEPA,-0.14010087692204354,-0.33320427759805704,0.0,-0.17828562284384838,-0.25117467923555437,-0.4251272506565951,-0.4087469900931413,-0.3918289561935627,-0.3888481975438121,-0.39695792900274907,-0.41687605204371453,-0.44883839106780266,-0.4926391416117967,-0.4919481335564837,-0.4873033614443244,-0.4907773019453219,-0.45212661457299463,-0.4812570046525171,-0.5146397138514811,-0.5518795626406918,-0.5460602416704157,-0.40407087727398483,-0.36790568108038535,-0.32888345659263174,-0.3061799056352621,-0.3091690582625415,-0.2865871830174699,-0.2812357450461953,-0.7986302778970181,-0.7848840171896718,-0.7684382288117633,-0.7623988544162192,-0.7662721071808154,-0.7787911988693152,-0.7984043083383658,-0.8231543623652553,-0.8512287831820737,-0.8809731026062442,-0.9111108211479593,-0.940807304265681,-0.8601596118641538,-0.7840569696589035,-0.7396958217856235,-0.7143320797338408,-0.687973264081826,-0.6765112179860098,-0.6712575490929072,-0.6688060392569182,-0.667688993568056,-0.6667198646061241,-0.6665033448943471,-0.3847464815317353,-0.38864183909530514,-0.3962531161542583,-0.40742267143037225,-0.42156383127516994,-0.43833843154818797,-0.4577870427518783,-0.4797937851336202,-0.5043730444659257,-0.5316551496651577,-0.561625607078383,-0.573525841427757,-0.49928042340463263,-0.434683353543727,-0.38500251999095536,-0.34913250560248343,-0.3056152466768151,-0.28270410177798266,-0.2796546812635135,-0.26202873697822954,-0.25744958951897257,-0.2554720470182282,-0.2515605228092629,-0.1949216211274475,-0.18910946511652366,-0.18629106983333754,-0.18565850412183021,-0.18675874370633266,-0.18935929867537213,-0.19336158222247196,-0.19873687752172786,-0.2055023650351189,-0.21370658884078003,-0.2234100352146665,-0.220314912308627,-0.17081108437010983,-0.1315682017625696,-0.09998226155987569,-0.07490166927311213,-0.04037623156711035,-0.021082852965155042,-0.011030718221220485,-0.005904561581999106,-0.0032506180952054722,-0.0005759063707393179,-0.00020714431823613556,-0.5415688430351724,-0.5282969266757778,-0.5338131596631978,-0.5509037193388727,-0.5788485920274089,-0.6188746941991579,-0.6727106192868892,-0.7425280093943156,-0.8304703387188268,-0.9376531634945989,-0.8028114860126158,-0.6932769666721945,-0.6232330333844509,-0.5721107377927658,-0.5252208344330183,-0.48070107464423245,-0.4176601079788422,-0.3865854557563737,-0.3719550966542081,-0.381725879687545,-0.36116156304679337,-0.3577982766595084,-0.36018974645953405
eng_corr_SIEPA_aa,-0.022707169255792522,-0.05081942393726868,0.0,-0.04744285102252592,-0.049172528834905346,-0.04662840390404629,-0.046475156549270716,-0.04509446888106888,-0.04511307323386664,-0.04632811209582764,-0.0491657887887334,-0.05384778429229972,-0.06037902948280706,-0.05467520814367993,-0.05357293823061485,-0.05327933017519766,-0.0434419610630353,-0.04772461966038205,-0.052747444677175584,-0.05846684999974379,-0.058272281433731,-0.03824605538211384,-0.03362177979475066,-0.029608689909231333,-0.027136346645652606,-0.019498772399631055,-0.016239853129119863,-0.01547387041064817,-0.10892014301751998,-0.10334560149733102,-0.09881222195543354,-0.09625054239352278,-0.0956180154694671,-0.09648398082388264,-0.09833117135857865,-0.10064762722236426,-0.10304316732628196,-0.10528595389457271,-0.10727777525988266,-0.10900422707520685,-0.10103753861435327,-0.09298138497624839,-0.08766464158813811,-0.08429662735010308,-0.080369085313777,-0.07842227515865557,-0.07744280184533818,-0.07665503319471462,-0.0768867992330515,-0.07650544384209218,-0.0764786216776233,-0.04464064074381166,-0.04506885650279158,-0.046092752126121184,-0.047560929694498696,-0.049342860670713494,-0.05133733444884889,-0.05347736668442805,-0.055711394592885016,-0.05802233660351193,-0.06042811350884726,-0.0629622944068241,-0.06245105270640609,-0.05239207340525933,-0.058870730738449735,-0.05618161796124161,-0.05420730855550028,-0.021673997663960654,-0.016561421844340365,-0.02934801911375056,-0.011332076156341783,-0.049490618958496206,-0.025008261145639102,-0.008518464888293685,-0.01695516175658623,-0.015807144623360185,-0.015044744130895748,-0.014547929049090667,-0.014233818495110313,-0.014047123312450631,-0.013950230402089401,-0.01391720914679738,-0.01392966530080202,-0.01397353127684367,-0.01403743447265262,-0.01274570504992768,-0.00819504475697279,-0.0051568844750748905,-0.003206743035907212,-0.00198838301101332,-0.0007785298439309503,-0.0003200393090911408,-0.0001401394293085624,-6.588592106990684e-05,-3.337940211615092e-05,-0.00014778096946330848,-6.0326798058896086e-05,-0.06346040935474759,-0.06170369487449988,-0.062043027403063764,-0.06411906427001121,-0.06796625430129075,-0.07384695882013284,-0.08217174710549607,-0.09345484840952094,-0.10822374465589585,-0.1268754497737903,-0.10989338371362786,-0.09449296630879751,-0.08370209827435715,-0.0756217579279012,-0.06898922832999164,-0.06349716531043115,-0.05627440927171733,-0.05261981762583892,-0.05074006132865799,-0.03481182889126915,-0.04915856420064907,-0.048572833067410025,-0.031212575243456376
eng_corr_SIEPA_ab,-0.11805644926387177,-0.2578894125238237,0.0,-0.1310555264676347,-0.1946965117207432,-0.3339254443889511,-0.3172910957006169,-0.3031349423733675,-0.30038296972291545,-0.3065145923443387,-0.32136574409267493,-0.3451184747973734,-0.3773884469085334,-0.38856913599289156,-0.38619643976028867,-0.39074593131674945,-0.3702896469109336,-0.3922833764284396,-0.4175498409627779,-0.44583533404159703,-0.4402123932728952,-0.33229928375853973,-0.30457172805678745,-0.27273210019877575,-0.25480834856641466,-0.27213196115641874,-0.2557509845161112,-0.2527053216157897,-0.5831191863840233,-0.5799483873922828,-0.5722096976370441,-0.571207861417518,-0.576407614154836,-0.5873900836371542,-0.6037445555564983,-0.6248068625003909,-0.6498288733355636,-0.6778455564874538,-0.70773900001463,-0.7383257063867845,-0.6659488762581998,-0.6014741096293166,-0.5665111329071725,-0.54764102761916,-0.5293281515781437,-0.5218861621796198,-0.5186151578835938,-0.5171451239954411,-0.5165079739900253,-0.5159559593558878,-0.5158327879703548,-0.296740799407923,-0.2999228140441629,-0.305681316456039,-0.3141779000441506,-0.3251121694340866,-0.33838587813706883,-0.3542261919820937,-0.3726878640242778,-0.3938957357922506,-0.4180147137520684,-0.445010194290973,-0.4561496138771439,-0.39125655842186213,-0.33647796580766637,-0.2955758160696793,-0.2668960238759249,-0.23345550229412904,-0.21668067838272484,-0.22213297386788414,-0.202129143538832,-0.19896893941621988,-0.20656713589811215,-0.19494359426999286,-0.16216658209388696,-0.1587192926482357,-0.15757145736886669,-0.15813486968912166,-0.16011323211057618,-0.16338160708160715,-0.16791771176393266,-0.1737486314318239,-0.18093439276086326,-0.18955918650344233,-0.19971433450679146,-0.19854763072253395,-0.15695233873002226,-0.12271708033830861,-0.09440798003790522,-0.07139633396601792,-0.0389573811928353,-0.020480320360137506,-0.010760545641449834,-0.0057756244410032,-0.003184700959677995,-0.00028036268295205156,-8.64933479901867e-05,-0.41613800192464556,-0.40643037881724264,-0.41159512150254723,-0.42509570377691114,-0.44624321480063744,-0.4759174207066376,-0.5152895250662318,-0.5658676221234993,-0.6291994421065119,-0.7060996168231335,-0.595559957961041,-0.5123026110249403,-0.46242547991860283,-0.4268332702731602,-0.3922810168350933,-0.3575661110609469,-0.30760812366905443,-0.28354181090059866,-0.27263655307372336,-0.3141442831934364,-0.2650170065587445,-0.26282948554453267,-0.2996732603741769
eng_corr_SIEPA_bb,-0.0008462538635912095,-0.025641324148328766,0.0,-0.0008749285548698823,-0.008411207821117171,,-0.04647515712575886,-0.045094471491799126,-0.045113071270600075,-0.046328122646929426,-0.04916582579895619,-0.0538476976926238,-0.06037887993090858,-0.05467265016667847,-0.05358787214804478,-0.05328117355904568,-0.04344196540614892,-0.047724622859536873,-0.0527474431906846,-0.058466854866218824,-0.058271949974403665,-0.0382457014321696,-0.03362115008003999,-0.02960868013710515,-0.0271363511507478,-0.019499096229724122,-0.016240255887629496,-0.015480443635876433,-0.10892014381574415,,,,,,,,,,,,-0.10103753227312726,-0.09298144534038531,-0.08766442102734165,-0.08429642700179024,-0.08037026890974358,-0.07842541644974431,-0.07744587546933158,-0.07727949752948518,-0.07658300823981623,-0.07655289750769512,-0.0764864551962147,,,,,,,,,,,,-0.06540352156237181,-0.06220268544744503,-0.043347154245003766,-0.0358495862458808,-0.029921167478489198,-0.05184013721678639,-0.05066281508735518,-0.029348717162346962,-0.04969349893873993,-0.010106392552675881,-0.02499573357466809,-0.04920476319562017,,,,,,,,,,,,-0.01274572866371166,-0.00819504476177797,-0.005156883139561412,-0.0032067435464730332,-0.0019883807062337985,-0.0007785299102665247,-0.00032004079158279286,-0.00014013933230168547,-6.588587009425711e-05,-3.337944225718022e-05,-0.00014778108985943731,-6.03267523549143e-05,,,,,,,,,,,-0.10989324458197237,-0.09449289803646724,-0.08370208240819849,-0.07562174313381002,-0.06898926283427977,-0.06349704012718607,-0.056274523794285616,-0.05261986957935708,-0.05074002566053222,-0.03481193033104174,-0.04915856163494281,-0.048572788482056255,-0.031212483772058472
eng_corr_SIEPA_OS,-0.11805644926387177,-0.2578894125238237,0.0,-0.1310555264676347,-0.1946965117207432,-0.3339254443889511,-0.3172910957006169,-0.3031349423733675,-0.30038296972291545,-0.3065145923443387,-0.32136574409267493,-0.3451184747973734,-0.3773884469085334,-0.38856913599289156,-0.38619643976028867,-0.39074593131674945,-0.3702896469109336,-0.3922833764284396,-0.4175498409627779,-0.44583533404159703,-0.4402123932728952,-0.33229928375853973,-0.30457172805678745,-0.27273210019877575,-0.25480834856641466,-0.27213196115641874,-0.2557509845161112,-0.2527053216157897,-0.5831191863840233,-0.5799483873922828,-0.5722096976370441,-0.571207861417518,-0.576407614154836,-0.5873900836371542,-0.6037445555564983,-0.6248068625003909,-0.6498288733355636,-0.6778455564874538,-0.70773900001463,-0.7383257063867845,-0.6659488762581998,-0.6014741096293166,-0.5665111329071725,-0.54764102761916,-0.5293281515781437,-0.5218861621796198,-0.5186151578835938,-0.5171451239954411,-0.5165079739900253,-0.5159559593558878,-0.5158327879703548,-0.296740799407923,-0.2999228140441629,-0.305681316456039,-0.3141779000441506,-0.3251121694340866,-0.33838587813706883,-0.3542261919820937,-0.3726878640242778,-0.3938957357922506,-0.4180147137520684,-0.445010194290973,-0.4561496138771439,-0.39125655842186213,-0.33647796580766637,-0.2955758160696793,-0.2668960238759249,-0.23345550229412904,-0.21668067838272484,-0.22213297386788414,-0.202129143538832,-0.19896893941621988,-0.20656713589811215,-0.19494359426999286,-0.16216658209388696,-0.1587192926482357,-0.15757145736886669,-0.15813486968912166,-0.16011323211057618,-0.16338160708160715,-0.16791771176393266,-0.1737486314318239,-0.18093439276086326,-0.18955918650344233,-0.19971433450679146,-0.19854763072253395,-0.15695233873002226,-0.12271708033830861,-0.09440798003790522,-0.07139633396601792,-0.0389573811928353,-0.020480320360137506,-0.010760545641449834,-0.0057756244410032,-0.003184700959677995,-0.00028036268295205156,-8.64933479901867e-05,-0.41613800192464556,-0.40643037881724264,-0.41159512150254723,-0.42509570377691114,-0.44624321480063744,-0.4759174207066376,-0.5152895250662318,-0.5658676221234993,-0.6291994421065119,-0.7060996168231335,-0.595559957961041,-0.5123026110249403,-0.46242547991860283,-0.4268332702731602,-0.3922810168350933,-0.3575661110609469,-0.30760812366905443,-0.28354181090059866,-0.27263655307372336,-0.3141442831934364,-0.2650170065587445,-0.26282948554453267,-0.2996732603741769
eng_corr_SIEPA_SS,-0.023553423119383732,-0.07646074808559744,0.0,-0.0483177795773958,-0.05758373665602252,-0.09325680780809258,-0.09295031367502957,-0.09018894037286801,-0.09022614450446671,-0.09265623474275707,-0.09833161458768959,-0.10769548198492351,-0.12075790941371564,-0.1093478583103584,-0.10716081037865963,-0.10656050373424333,-0.08688392646918422,-0.09544924251991893,-0.10549488786786018,-0.1169337048659626,-0.11654423140813466,-0.07649175681428344,-0.06724292987479065,-0.05921737004633648,-0.054272697796400406,-0.03899786862935518,-0.03248010901674936,-0.030954314046524604,-0.21784028683326412,-0.20669120299466204,-0.1976244439108671,-0.19250108478704556,-0.1912360309389342,-0.19296796164776528,-0.1966623427171573,-0.2012952544447285,-0.20608633465256393,-0.21057190778914542,-0.21455555051976533,-0.2180084541504137,-0.20207507088748053,-0.1859628303166337,-0.17532906261547976,-0.1685930543518933,-0.1607393542235206,-0.1568476916083999,-0.15488867731466976,-0.1539345307241998,-0.15346980747286773,-0.1530583413497873,-0.152965076873838,-0.08928128148762332,-0.09013771300558315,-0.09218550425224237,-0.09512185938899739,-0.09868572134142699,-0.10267466889769777,-0.1069547333688561,-0.11142278918577003,-0.11604467320702386,-0.12085622701769452,-0.1259245888136482,-0.1278545742687779,-0.11459475885270437,-0.1022178849834535,-0.09203120420712241,-0.08412847603398949,-0.07351413488074704,-0.06722423693169555,-0.05869673627609752,-0.06102557509508171,-0.05959701151117209,-0.05000399472030719,-0.057723228083913856,-0.03391032351317246,-0.03161428924672037,-0.030089488261791496,-0.029095858098181333,-0.028467636990220625,-0.028094246624901262,-0.027900460804178802,-0.02783441829359476,-0.02785933060160404,-0.02794706255368734,-0.02807486894530524,-0.02549143371363934,-0.01639008951875076,-0.010313767614636302,-0.006413486582380245,-0.003976763717247119,-0.001557059754197475,-0.0006400801006739337,-0.00028027876161024787,-0.00013177179116416395,-6.675884437333114e-05,-0.0002955620593227458,-0.0001206535504138104,-0.12692081870949518,-0.12340738974899976,-0.12408605480612753,-0.12823812854002242,-0.1359325086025815,-0.14769391764026568,-0.16434349421099215,-0.18690969681904188,-0.2164474893117917,-0.2537508995475806,-0.21978662829560025,-0.18898586434526476,-0.16740418068255564,-0.15124350106171122,-0.1379784911642714,-0.12699420543761722,-0.11254893306600294,-0.105239687205196,-0.10148008698919021,-0.0696237592223109,-0.09831712583559188,-0.09714562154946628,-0.062425059015514844
eng_corr_SIEPA,-0.1416098723832555,-0.33435016060942113,0.0,-0.1793733060450305,-0.2522802483767657,-0.4271822521970437,-0.41024140937564646,-0.39332388274623553,-0.39060911422738215,-0.3991708270870958,-0.4196973586803645,-0.4528139567822969,-0.498146356322249,-0.49791699430325,-0.49335725013894827,-0.4973064350509928,-0.45717357338011777,-0.4877326189483585,-0.5230447288306381,-0.5627690389075597,-0.5567566246810298,-0.40879104057282317,-0.3718146579315781,-0.33194947024511223,-0.3090810463628151,-0.3111298297857739,-0.2882310935328606,-0.2836596356623143,-0.8009594732172873,-0.7866395903869449,-0.7698341415479112,-0.7637089462045635,-0.7676436450937703,-0.7803580452849195,-0.8004068982736556,-0.8261021169451194,-0.8559152079881276,-0.8884174642765992,-0.9222945505343954,-0.9563341605371982,-0.8680239471456803,-0.7874369399459502,-0.7418401955226522,-0.7162340819710533,-0.6900675058016643,-0.6787338537880196,-0.6735038351982636,-0.6710796547196409,-0.6699777814628931,-0.669014300705675,-0.6687978648441928,-0.3860220808955463,-0.39006052704974603,-0.3978668207082814,-0.409299759433148,-0.4237978907755136,-0.4410605470347666,-0.4611809253509498,-0.4841106532100478,-0.5099404089992745,-0.5388709407697629,-0.5709347831046212,-0.5840041881459218,-0.5058513172745664,-0.43869585079111983,-0.3876070202768017,-0.3510244999099144,-0.3069696371748761,-0.2839049153144204,-0.28082971014398167,-0.2631547186339137,-0.258565950927392,-0.25657113061841935,-0.2526668223539067,-0.19607690560705943,-0.19033358189495608,-0.1876609456306582,-0.187230727787303,-0.1885808691007968,-0.1914758537065084,-0.19581817256811146,-0.20158304972541866,-0.2087937233624673,-0.21750624905712967,-0.2277892034520967,-0.2240390644361733,-0.17334242824877302,-0.1330308479529449,-0.10082146662028547,-0.07537309768326504,-0.04051444094703278,-0.02112040046081144,-0.011040824403060081,-0.005907396232167364,-0.0032514598040513263,-0.0005759247422747974,-0.0002071468984039971,-0.5430588206341407,-0.5298377685662424,-0.5356811763086747,-0.5533338323169336,-0.582175723403219,-0.6236113383469033,-0.679633019277224,-0.7527773189425412,-0.8456469314183036,-0.9598505163707141,-0.8153465862566412,-0.7012884753702051,-0.6298296606011584,-0.5780767713348715,-0.5302595079993647,-0.4845603164985641,-0.4201570567350574,-0.38878149810579465,-0.37411664006291356,-0.3837680424157473,-0.3633341323943364,-0.35997510709399894,-0.3620983193896917
eng_corr_MP2CR_aa,-0.02219671612128415,-0.04992935920070751,0.0,-0.04661412353585871,-0.04829781955806365,-0.04541334922136525,-0.0452722903070633,-0.043937626578608974,-0.043803909419175543,-0.04469346783540122,-0.04693661831854534,-0.05058943148591378,-0.05543100453815936,-0.04969857897070771,-0.048550273912484024,-0.04785735216792392,-0.03973893834512477,-0.04258416661250928,-0.045502334513488,-0.04824998493783212,-0.04789673439042903,-0.034630668538411825,-0.03097078936678327,-0.028049820521090105,-0.02612295746165101,-0.018620318960380997,-0.015720756376005413,-0.015005700179048877,-0.10577292782715773,-0.10107608781915522,-0.09697293948698005,-0.09453587107799195,-0.09384952905223314,-0.09451072553357258,-0.09597628663491987,-0.09767965258865222,-0.09916507230336599,-0.10013406218165191,-0.10041916473717383,-0.09993093959259094,-0.09483220408923773,-0.08921150366804731,-0.0850211949938667,-0.08218387341202929,-0.07869864716962724,-0.07691822800505974,-0.07601182302004948,-0.07527029475507428,-0.07549620992299112,-0.07513524839831215,-0.0751101929460503,-0.043805682623526666,-0.0441300567259638,-0.045009543697719256,-0.046284307570205366,-0.047810357480001904,-0.049466349210374586,-0.05115609539348437,-0.05278794106615102,-0.05429171353938624,-0.055618128097888964,-0.05671906022392065,-0.0552897501686154,-0.04766816321977609,-0.05484895289097536,-0.05325325098009727,-0.05198388210699043,-0.021098981576921708,-0.016199736083845413,-0.028636604538853454,-0.011104856982081895,-0.04855922881572925,-0.024480561964800668,-0.008339428678801341,-0.016582890291647417,-0.015428245288172358,-0.014635407022354701,-0.014089921340522088,-0.013710689991937107,-0.013442173788370454,-0.013245134817165109,-0.013090893675487082,-0.01295731630417032,-0.012825786662964113,-0.012679779557516114,-0.01143801385880269,-0.0075671946947779446,-0.0048668772333305185,-0.0030759156541901827,-0.001930124699063109,-0.0007671315893811514,-0.0003177685384383573,-0.00013965470510374326,-6.577078260599297e-05,-3.334863363790356e-05,-0.00014775968740389774,-6.032367944491952e-05,-0.062227102571139704,-0.0604415225159623,-0.06053952949935394,-0.062186246565722636,-0.06532637774016672,-0.0700329107370371,-0.07637594823775083,-0.08429212279743753,-0.09340328607960172,-0.10285705047469385,-0.0939072961857829,-0.08395144390239483,-0.07586543992675246,-0.06938894315903607,-0.06410716386549181,-0.05986370631556741,-0.05425026026453186,-0.05126507469996622,-0.04965656394850505,-0.03383651923562836,-0.04824865492126121,-0.0477109447407945,-0.030499924661859287
eng_corr_MP2CR_ab,-0.1145877811748288,-0.25361133891030385,0.0,-0.1282723575465166,-0.19117638548870033,-0.32644286519356513,-0.3103373751225463,-0.296429769544287,-0.2928655105606304,-0.2972336931476308,-0.3089418151192675,-0.32746943040969273,-0.35140272041055415,-0.3586537559274163,-0.35585927232862796,-0.35793843746198606,-0.3459861412375519,-0.3603088972792509,-0.3746638538079157,-0.3879128342084788,-0.3815781563898304,-0.3079697326185359,-0.28631926147441816,-0.2609514803711754,-0.24579762733854807,-0.2620041202986363,-0.24851249108554366,-0.24599421907680213,-0.5681445544290757,-0.5683458734964107,-0.5623994799253167,-0.5618006339516004,-0.5665598954798772,-0.5763424064621779,-0.5905250833603423,-0.6080006962104366,-0.6274547656902267,-0.6474151148305413,-0.6664312507518135,-0.6831121416162883,-0.631115509591921,-0.5811708057164786,-0.5520440360534515,-0.535687618919698,-0.5194078594283005,-0.5127143775983876,-0.5097708079744883,-0.5084473059764127,-0.5078768210483942,-0.5073821147985621,-0.5072713778202355,-0.2917282532495193,-0.29428918087394196,-0.2991918800151766,-0.30654002837012145,-0.31593933385277995,-0.32714628124985773,-0.34017233004811354,-0.3547705358241149,-0.37066807393666656,-0.38754093407543244,-0.40478579281184135,-0.4091444961481016,-0.3602657584880272,-0.31677284763658503,-0.28262198973491304,-0.257709576149522,-0.22757883328432796,-0.2120113755508166,-0.21731908811237505,-0.19826766353073488,-0.1952561343251163,-0.2027095591997394,-0.19141171694758177,-0.15879291584312244,-0.15513885122993654,-0.1535727710874705,-0.1535398091288,-0.15474445724980937,-0.15704267182599338,-0.16037637178755443,-0.16472038963015234,-0.17006371637376586,-0.17639722827315135,-0.18369299295177088,-0.1811907777623876,-0.14691926059655663,-0.11679241522305803,-0.0909994491474685,-0.06949132512965897,-0.03841683093084474,-0.020339856173841712,-0.010724236681448892,-0.005765741027816828,-0.003181824412568723,-0.0002803206136337068,-8.648872688528921e-05,-0.40879665671115817,-0.39897529416794747,-0.402772212496443,-0.4139116826355017,-0.431289792535998,-0.4549200042033499,-0.48448525187666736,-0.519095197202814,-0.5567362529852687,-0.5935887116809677,-0.5246080327736609,-0.4657798118287289,-0.4265143293424533,-0.39709359776704917,-0.3687806268297257,-0.34036550878572597,-0.29789904898506553,-0.27638290877347493,-0.2663605054669357,-0.30611986229316795,-0.2592562541333555,-0.25720952355013427,-0.29369482531205515
eng_corr_MP2CR_bb,-0.0008222830292217251,-0.025163888626191684,0.0,-0.0008585654960562027,-0.008233796783943072,,-0.04527229074437768,-0.0439376289208192,-0.04380390781166184,-0.044693477698313396,-0.04693665322936305,-0.05058935197877158,-0.055430872252064764,-0.04969634172074758,-0.04856335210352854,-0.0478589557813325,-0.039738942125736955,-0.04258416941246046,-0.045502333761457736,-0.048249988779414915,-0.04789648284664295,-0.03463036141412463,-0.030970233769765484,-0.028049811712358524,-0.026122973861681578,-0.01862061995607197,-0.01572114003429743,-0.015012005189263652,-0.1057729284871795,,,,,,,,,,,,-0.09483220101015372,-0.0892115323786373,-0.08502098359773394,-0.0821836819818065,-0.07869977919817941,-0.07692123129607856,-0.07601476240516472,-0.07586734397413408,-0.07520593301396677,-0.07518043185230737,-0.07511759249505254,,,,,,,,,,,,-0.05795980187914152,-0.056621479795978216,-0.04042003830549497,-0.03404337898997042,-0.028761989029309345,-0.050340094579006775,-0.04946738042819235,-0.028637290506305296,-0.04871950057101339,-0.009901646425290917,-0.02446814843858095,-0.04832631520399726,,,,,,,,,,,,-0.011438034745625554,-0.007567194699535176,-0.00486687598073862,-0.003075916142171747,-0.001930122465229129,-0.000767131654726271,-0.00031777001033678307,-0.00013965460841507756,-6.577073171791493e-05,-3.33486737423095e-05,-0.00014775980779767748,-6.0323633746641155e-05,,,,,,,,,,,-0.09390718494462152,-0.08395138638762738,-0.07586541942065864,-0.06938893060159229,-0.06410719621850469,-0.05986359055394975,-0.05425036692011885,-0.05126512358052184,-0.04965653212568961,-0.033836615388829566,-0.04824865256782454,-0.04771090413713412,-0.030499839057403486
eng_corr_MP2CR_OS,-0.1145877811748288,-0.25361133891030385,0.0,-0.1282723575465166,-0.19117638548870033,-0.32644286519356513,-0.3103373751225463,-0.296429769544287,-0.2928655105606304,-0.2972336931476308,-0.3089418151192675,-0.32746943040969273,-0.35140272041055415,-0.3586537559274163,-0.35585927232862796,-0.35793843746198606,-0.3459861412375519,-0.3603088972792509,-0.3746638538079157,-0.3879128342084788,-0.3815781563898304,-0.3079697326185359,-0.28631926147441816,-0.2609514803711754,-0.24579762733854807,-0.2620041202986363,-0.24851249108554366,-0.24599421907680213,-0.5681445544290757,-0.5683458734964107,-0.5623994799253167,-0.5618006339516004,-0.5665598954798772,-0.5763424064621779,-0.5905250833603423,-0.6080006962104366,-0.6274547656902267,-0.6474151148305413,-0.6664312507518135,-0.6831121416162883,-0.631115509591921,-0.5811708057164786,-0.5520440360534515,-0.535687618919698,-0.5194078594283005,-0.5127143775983876,-0.5097708079744883,-0.5084473059764127,-0.5078768210483942,-0.5073821147985621,-0.5072713778202355,-0.2917282532495193,-0.29428918087394196,-0.2991918800151766,-0.30654002837012145,-0.31593933385277995,-0.32714628124985773,-0.34017233004811354,-0.3547705358241149,-0.37066807393666656,-0.38754093407543244,-0.40478579281184135,-0.4091444961481016,-0.3602657584880272,-0.31677284763658503,-0.28262198973491304,-0.257709576149522,-0.22757883328432796,-0.2120113755508166,-0.21731908811237505,-0.19826766353073488,-0.1952561343251163,-0.2027095591997394,-0.19141171694758177,-0.15879291584312244,-0.15513885122993654,-0.1535727710874705,-0.1535398091288,-0.15474445724980937,-0.15704267182599338,-0.16037637178755443,-0.16472038963015234,-0.17006371637376586,-0.17639722827315135,-0.18369299295177088,-0.1811907777623876,-0.14691926059655663,-0.11679241522305803,-0.0909994491474685,-0.06949132512965897,-0.03841683093084474,-0.020339856173841712,-0.010724236681448892,-0.005765741027816828,-0.003181824412568723,-0.0002803206136337068,-8.648872688528921e-05,-0.40879665671115817,-0.39897529416794747,-0.402772212496443,-0.4139116826355017,-0.431289792535998,-0.4549200042033499,-0.48448525187666736,-0.519095197202814,-0.5567362529852687,-0.5935887116809677,-0.5246080327736609,-0.4657798118287289,-0.4265143293424533,-0.39709359776704917,-0.3687806268297257,-0.34036550878572597,-0.29789904898506553,-0.27638290877347493,-0.2663605054669357,-0.30611986229316795,-0.2592562541333555,-0.25720952355013427,-0.29369482531205515
eng_corr_MP2CR_SS,-0.023018999150505877,-0.07509324782689919,0.0,-0.047472689031914914,-0.05653161634200672,-0.0908266984427305,-0.09054458105144098,-0.08787525549942818,-0.08760781723083738,-0.08938694553371462,-0.0938732715479084,-0.10117878346468537,-0.11086187679022413,-0.09939492069145528,-0.09711362601601256,-0.09571630794925642,-0.07947788047086173,-0.08516833602496973,-0.09100466827494574,-0.09649997371724703,-0.09579321723707199,-0.06926102995253645,-0.061941023136548756,-0.05609963223344863,-0.05224593132333259,-0.03724093891645297,-0.031441896410302844,-0.03001770536831253,-0.21154585631433723,-0.20215217563831045,-0.1939458789739601,-0.1890717421559839,-0.18769905810446627,-0.18902145106714516,-0.19195257326983975,-0.19535930517730443,-0.19833014460673198,-0.20026812436330382,-0.20083832947434765,-0.1998618791851819,-0.18966440509939145,-0.1784230360466846,-0.17004217859160065,-0.1643675553938358,-0.15739842636780665,-0.1538394593011383,-0.1520265854252142,-0.15113763872920838,-0.15070214293695788,-0.15031568025061953,-0.15022778544110282,-0.08761136524705333,-0.0882601134519276,-0.09001908739543851,-0.09256861514041073,-0.09562071496000381,-0.09893269842074917,-0.10231219078696874,-0.10557588213230204,-0.10858342707877248,-0.11123625619577793,-0.1134381204478413,-0.11324955204775691,-0.1042896430157543,-0.09526899119647034,-0.08729662997006768,-0.08074587113629977,-0.07143907615592848,-0.06566711651203776,-0.05727389504515875,-0.059824357553095286,-0.05846087524102017,-0.04894871040338162,-0.0566657438827986,-0.033165780583294835,-0.030856490576344715,-0.029270814044709402,-0.028179842681044176,-0.027421379983874214,-0.026884347576740908,-0.026490269634330217,-0.026181787350974164,-0.02591463260834064,-0.025651573325928226,-0.025359559115032227,-0.022876048604428247,-0.01513438939431312,-0.009733753214069139,-0.0061518317963619295,-0.0038602471642922376,-0.0015342632441074223,-0.0006355385487751403,-0.0002793093135188208,-0.0001315415143239079,-6.669730738021305e-05,-0.0002955194952015752,-0.00012064731319156067,-0.12445420514227941,-0.1208830450319246,-0.12107905899870788,-0.12437249313144527,-0.13065275548033345,-0.1400658214740742,-0.15275189647550166,-0.16858424559487506,-0.18680657215920343,-0.2057141009493877,-0.18781448113040444,-0.1679028302900222,-0.1517308593474111,-0.13877787376062836,-0.1282143600839965,-0.11972729686951716,-0.10850062718465071,-0.10253019828048807,-0.09931309607419467,-0.06767313462445793,-0.09649730748908575,-0.09542184887792862,-0.06099976371926277
eng_corr_MP2CR,-0.1376067803253347,-0.32870458673720304,0.0,-0.17574504657843154,-0.24770800183070707,-0.41726956363629564,-0.40088195617398725,-0.3843050250437152,-0.3804733277914678,-0.38662063868134544,-0.4028150866671759,-0.4286482138743781,-0.4622645972007783,-0.45804867661887155,-0.4529728983446405,-0.4536547454112425,-0.42546402170841363,-0.4454772333042206,-0.46566852208286147,-0.48441280792572583,-0.4773713736269024,-0.37723076257107235,-0.3482602846109669,-0.31705111260462404,-0.29804355866188065,-0.29924505921508926,-0.2799543874958465,-0.2760119244451147,-0.7796904107434129,-0.7704980491347212,-0.7563453588992768,-0.7508723761075843,-0.7542589535843435,-0.7653638575293231,-0.782477656630182,-0.8033600013877411,-0.8257849102969588,-0.8476832391938451,-0.8672695802261612,-0.8829740208014702,-0.8207799146913124,-0.7595938417631632,-0.7220862146450522,-0.7000551743135337,-0.6768062857961071,-0.6665538368995259,-0.6617973933997024,-0.6595849447056211,-0.6585789639853521,-0.6576977950491816,-0.6574991632613383,-0.3793396184965726,-0.38254929432586954,-0.3892109674106151,-0.3991086435105322,-0.41156004881278374,-0.4260789796706069,-0.4424845208350823,-0.46034641795641695,-0.47925150101543906,-0.49877719027121037,-0.5182239132596826,-0.5223940481958586,-0.4645554015037815,-0.41204183883305534,-0.36991861970498074,-0.3384554472858218,-0.2990179094402564,-0.27767849206285433,-0.2745929831575338,-0.25809202108383017,-0.25371700956613646,-0.25165826960312104,-0.24807746083038038,-0.19195869642641727,-0.18599534180628124,-0.1828435851321799,-0.18171965180984417,-0.18216583723368357,-0.1839270194027343,-0.18686664142188464,-0.1909021769811265,-0.1959783489821065,-0.20204880159907956,-0.20905255206680312,-0.20406682636681583,-0.16205364999086974,-0.12652616843712716,-0.09715128094383044,-0.07335157229395121,-0.03995109417495216,-0.020975394722616853,-0.011003545994967712,-0.005897282542140736,-0.003248521719948936,-0.000575840108835282,-0.0002071360400768499,-0.5332508618534376,-0.5198583391998721,-0.5238512714951509,-0.538284175766947,-0.5619425480163314,-0.5949858256774241,-0.637237148352169,-0.6876794427976891,-0.7435428251444722,-0.7993028126303554,-0.7124225139040653,-0.6336826421187511,-0.5782451886898644,-0.5358714715276776,-0.4969949869137222,-0.46009280565524313,-0.40639967616971623,-0.37891310705396297,-0.3656736015411304,-0.3737929969176259,-0.35575356162244126,-0.35263137242806286,-0.3546945890313179
