,,RI-JK,RI-JK,RI-JK,RI-JK,RI-JK,RI-JK,RI-MP2,RI-MP2,RI-MP2,RI-MP2,RI-MP2,RI-MP2
,,xx,yy,zz,xy,yz,zx,xx,yy,zz,xy,yz,zx
aug-cc-pVDZ,bromine,8.888295813400216,4.748987266225674,4.748987266225674,0.0,0.0,0.0,8.600501353635195,4.873323635555356,4.873323635555356,0.0,0.0,0.0
aug-cc-pVDZ,chlorine,6.038299462857354,3.2986617349743,3.2986617349743,-0.0,-0.0,0.0,5.895308336548322,3.409052744884651,3.409052744884651,-0.0,-0.0,0.0
aug-cc-pVDZ,nitrogen,2.2459120340860075,1.422740278895124,1.422740278895124,0.0,0.0,-0.0,2.149251314232124,1.479182254369439,1.479182254369439,0.0,-0.0,-0.0
aug-cc-pVDZ,oxygen,2.7020267365743766,1.0639678451678725,1.0639678451678725,0.0,0.0,-0.0,1.7415982685115383,1.085868543796919,1.085868543796919,0.0,-0.0,-0.0
aug-cc-pVDZ,carbon_monoxide,2.1533834137931342,1.6276139067864928,1.6276139067864928,-0.0,0.0,-0.0,2.3366703657231085,1.7339856790576431,1.7339856790576431,-0.0,0.0,0.0
aug-cc-pVDZ,nitrogen_monoxide,1.2767088098143466,1.217311554038221,2.1059510924867486,0.0,0.0,0.0,1.3895442569432133,1.2350069128126058,1.985090648960837,0.0,0.0,0.0
aug-cc-pVDZ,sulfur_monoxide,4.727937879873034,2.676961122214026,2.676961122214026,-0.0,0.0,0.0,3.883310989325448,2.727290654679332,2.727290654679332,-0.0,-0.0,-0.0
aug-cc-pVDZ,carbon_dioxide,3.537951844474311,1.679121986344734,1.679121986344734,-0.0,-0.0,-0.0,4.111345080015471,1.8137964842989744,1.8137964842989744,0.0,-0.0,-0.0
aug-cc-pVDZ,sulfur_dioxide,4.305402323498888,3.0276648524635803,3.2993645187506897,0.534358504788533,-0.5022063981917837,-0.6981089399500815,4.713233181982175,3.278576761397262,3.6160722548470674,0.5326695710212133,-0.6238214960704932,-0.6959018753753553
aug-cc-pVDZ,ethene,5.378811553064217,3.479518490236533,3.3502739291108314,6.668312016889993e-08,0.0704397463442514,-1.6744872397968205e-07,5.0479442654391375,3.5536977874318314,3.3387750340768685,4.297356633106884e-08,0.117135328829457,-1.1558407495942657e-07
aug-cc-pVDZ,propane,5.981443171820805,5.566113946141084,5.503589884777756,0.2232749252946508,-0.2347973164964666,-0.1955297327337517,6.268956344402788,5.790195528249336,5.715983163635669,0.2498878562572473,-0.2786877920301761,-0.2188363886413694
aug-cc-pVDZ,1-3-butadiene,12.827146076947477,6.167865681127043,6.082635747650029,1.184350358916756,-0.6163279745141246,-1.1011126725656142,11.581626866609666,6.315857583557984,6.210042815389604,1.1014654233076135,-0.7693129830263079,-1.0245354192502527
aug-cc-pVDZ,isobutene,9.243604303539469,6.53715186014413,6.715450815401713,4.387749307113616e-06,-0.6276044339232162,1.772289149377874e-06,9.085162664204818,6.7902703135242,7.006273056320488,3.3637929507422854e-06,-0.760320084103706,1.4596194081414764e-06
aug-cc-pVDZ,1-pentene,10.172573957551174,8.23624915893386,9.393099984422571,-0.0371937802171813,8.695478870024552e-06,1.9231579898173563,10.363305421907889,8.525876069359276,9.51186833544586,0.1083974987688896,0.1825449036505818,1.835298294876101
aug-cc-pVDZ,water,1.2936538071470247,1.1926285363026106,1.1385390435059446,0.0563513234770632,-0.0746556799239378,-0.0395207010320991,1.41840291535361,1.351721730477042,1.3216139994239724,0.043464188128635,-0.0415553660316349,-0.030482684310391
aug-cc-pVDZ,methanol,3.147398423869145,2.812669144811459,2.673667128707936,0.1019951545995639,0.0067619306720657,0.0049510808970649,3.379806567153399,2.966049130781027,2.878482937888577,0.0794453609969459,0.0042598095909104,0.0038568138587874
aug-cc-pVDZ,ethanol,5.031863974798938,4.483026224785143,4.181787453674657,-0.0256008664293219,-3.7816738371340582e-06,-7.883426651078837e-06,5.356437730288337,4.773780640079623,4.439606698046703,-0.0211316007124196,-4.805630193505389e-06,-8.090885247159858e-06
aug-cc-pVDZ,methylformate,5.002085981402173,4.241812369505837,4.43941423277973,0.1843425738773431,0.7094963793351466,0.2114188576868982,5.489787185743866,4.609036227810684,4.851256159479073,0.2557945551672873,0.869560115204847,0.2934532649167574
aug-cc-pVDZ,methylacetate,6.394703611489322,6.3620240873492975,5.909251939978821,0.1040931744906486,1.037117464505437,0.0796961888125377,6.8972771298945785,6.91939072401677,6.366080039232616,0.0907490093369011,1.2679175680563712,0.0681962535219005
aug-cc-pVDZ,acetone,6.447428100816131,5.92355183280223,4.856006685705764,3.668757086981388e-05,-0.3652099865840263,0.0001191493991177,6.821054282544444,6.447232251010347,5.082935597035356,2.3558405432114917e-05,-0.4667294564049419,7.647072036257958e-05
aug-cc-pVDZ,acetaldehyde,4.912779098268223,4.025891110518701,3.4292993198169537,0.2356278992135837,0.2656015038387457,0.089711716356496,5.212112991958729,4.376535472045446,3.5976903103671054,0.258045655792726,0.3467372152488532,0.0982396887105034
aug-cc-pVDZ,acetic_acid,5.051578185782296,4.995862417641715,3.6239229889870974,-0.1929775622662918,-0.00017725855188,0.0001332743658166,5.586436867318591,5.511259910625823,3.863809656053071,-0.1396584921575737,-0.000113940706509,0.0001158937810064
aug-cc-pVDZ,dimethyl_ether,4.930494614608911,4.325040896559962,4.506038710330906,-0.2340696658436422,0.1735432870214032,-0.3860465396810996,5.248332857796608,4.603156378488517,4.809078786639126,-0.2342955941821629,0.1974413733039643,-0.3864191812569217
aug-cc-pVDZ,N-methylacetamide,7.17335444818256,5.993704127479447,7.573196668869612,-0.0774078715968092,-0.9833606967688602,0.1596600747882228,7.828247364940333,6.408496269527161,8.33555470767345,-0.1212256240015096,-1.1998080648282692,0.2506901594040243
aug-cc-pVDZ,dimethyl_sulfide,7.547313282360453,6.184978473935925,6.846878041007548,-0.2584226451079831,0.5795910373895261,-0.4451498414450497,7.824306813382932,6.452410585017255,7.129589040545346,-0.248848174539293,0.5929700763332748,-0.4286574491222064
aug-cc-pVDZ,dimethyl_sulfone,7.415461248232964,6.959601823547073,7.253014854832815,0.0281290635741575,-0.0374532975842547,-0.2212123660050248,8.133286678247268,7.694888431590657,7.984073010652286,0.0258056725190674,-0.0368955584853149,-0.2027535269964255
aug-cc-pVDZ,fluoromethane,2.431808170551186,2.229291005578817,2.2292909952058872,1.4373917014185096e-07,-1.926401249323776e-08,-1.8819458358778427e-07,2.610342723199715,2.3447511047630725,2.344751094390143,1.9115827781751318e-07,-1.926401249323776e-08,-2.74141716249922e-07
aug-cc-pVDZ,phosphine,4.265697556309263,4.252631519040505,4.357238676648485,0.0004111903466681,0.00116286915046,0.0369908871920612,4.347853918074828,4.323567052901365,4.518008303727975,0.0007642937682807,0.0021615437132046,0.068757769849136
aug-cc-pVDZ,hydrogen_sulfide,3.353679495331741,3.35199754254618,3.3349186247623432,0.0111160109308825,0.007777384189692,-0.0287136893071494,3.417542793807295,3.489210143793219,3.4230112008687827,0.0031664938984807,0.030145778959591,-0.0081795871336085
aug-cc-pVDZ,silane,4.407915597051082,4.407915752645029,4.407915385146945,9.780190958105325e-08,-1.5707579417563097e-07,-3.185971296958553e-07,4.5566257166961135,4.556625882662991,4.556625487009811,1.0521114515537545e-07,-1.6744872397968205e-07,-3.423066835336864e-07
aug-cc-pVDZ,ammonia,1.8514972873975897,1.8458388764171865,1.8967008439600987,0.0024788946094769,0.0069491798371942,0.0184760343625201,1.992213320494546,1.9681543545162652,2.184414566766914,0.0105400495579712,0.029547219418178,0.0785583169410583
aug-cc-pVDZ,dimethyl_amine,5.558110645467649,4.873709884933234,5.2505526855205344,-0.1578860133496956,-0.182144102534036,0.293577042124415,5.915815697308827,5.112308312655441,5.677794705397412,-0.2117961478171196,-0.1487220233229056,0.2523784026305884
aug-cc-pVDZ,trimethyl_amine,7.116390686184007,7.140578435049498,6.560874307533707,0.0756037553350983,-0.2037906851287432,0.238980778360325,7.60073777255477,7.619115087744344,7.178668689797607,0.0574420696465957,-0.1548356621825365,0.1815723303429184
aug-cc-pVDZ,acetonitrile,5.674213866299755,3.4275539573114995,3.427553952865958,3.1326248008234325e-06,-0.0,1.1989625006368208e-05,5.728580578609129,3.5032525390071725,3.503252527152396,3.0881693873774992e-06,-1.481847114864443e-09,1.1851813224685816e-05
aug-cc-pVDZ,imidazole,7.784103394266225,8.023664215006415,4.951075922504144,-0.115577668934349,0.0037491161741733,-0.0040074495454019,8.067613490233644,8.388072808297794,5.081594094178893,-0.1671461811816286,0.0040522087375064,-0.0041902324233262
aug-cc-pVDZ,pyrrole,8.731136853518958,8.995138706360901,5.736496324345783,0.0019674632328766,0.0012762912104789,-0.0009019351375449,8.893941095215181,9.310685228530048,5.848697460889743,0.0031055781272829,0.0011953304933582,-0.0009020714674794
aug-cc-pVDZ,pyrazole,7.747589126898341,8.05435462316352,4.961283537444061,-0.0858181971446733,0.0012509353244964,-0.0058593835316624,8.155316982188674,8.299054262975453,5.112135268476755,-0.1752255317308464,0.0015089145342645,-0.0064696704111424
aug-cc-pVDZ,furan,7.6507291000893565,8.123239652561034,5.1152992224892815,0.0289514087031631,-0.002421809413071,0.0195113520407211,7.690826684203271,8.400887522814024,5.178075387538567,0.0435022108437553,-0.0024899491889538,0.0192898410884498
aug-cc-pVDZ,thiophene,11.004523294833328,9.951598492962557,6.498454713428282,0.0033593370364678,0.0002209997150166,0.0223135886543557,11.14883488325164,10.331656140119696,6.591229785642217,0.0026067350419234,0.0002848391705721,0.0226142420973376
aug-cc-pVDZ,pyridine,10.314821504832745,10.986492309542204,6.0334733579822615,-0.0240777350538374,-0.00676555971565,-0.006917801724537,10.687378831718952,11.313397109827042,6.053449432096675,-0.0224426768020729,-0.0072622467134574,-0.0074815378587506
aug-cc-pVDZ,phenol,12.80255650893647,11.934055995920342,6.861075404829079,-0.1928249409045434,0.0109587069322512,0.0220890932619951,13.540560952027564,12.311029424294512,6.966524214552126,-0.203804808613595,0.0115432037445441,0.024457427258232
aug-cc-pVDZ,chlorobenzene,15.504087176443289,12.43515340640461,7.602979175972689,0.0161873955859677,0.0024921897417915,0.0714101902376107,16.06187726722415,12.775005521331057,7.685286697998747,0.0173372496732179,0.0026269029811567,0.0757021159010416
aug-cc-pVDZ,fluorobenzene,11.555290678005006,11.435010527291125,6.47723191688072,-0.0007691601542059,-4.327438129538632e-05,-0.0012855735008064,12.050449174222956,11.737854856041013,6.517077592912496,-0.001998700570058,-4.875128823192531e-05,-0.0014532459837004
aug-cc-pVDZ,toluene,14.53526184689547,12.779789439500636,7.9473117475254496,-0.0041043993928919,-0.2791997850268329,-0.0390423222553959,15.03349026799912,13.135782818630515,8.00788530095059,-0.0045652330997551,-0.2962646652729503,-0.0444062650226745
aug-cc-pVDZ,benzene,11.596418295530311,11.596134838923096,6.682506839343723,-0.0002271656808616,0.0448283573185668,0.0248882520791721,11.861628452437104,11.8613282731852,6.656249124916725,-0.0002406075160405,0.047484603836292,0.0263635449842475
aug-cc-pVDZ,cytosine,13.905943496744424,10.809582914924864,6.392849865204041,-0.0971433085582402,0.0115920528346856,0.0205270678452866,15.686651800515271,12.08779744292925,6.823038751454811,-0.2666019462450984,0.020503076740497,0.0472079311251699
aug-cc-pVTZ,bromine,9.187479858264926,5.091784242586867,5.091784242586867,0.0,0.0,-0.0,8.971110469446241,5.292295577822709,5.292295577822709,0.0,0.0,-0.0
aug-cc-pVTZ,chlorine,6.214961128201418,3.495026331481484,3.495026331481484,0.0,-0.0,-0.0,6.131733310952061,3.661706929636245,3.661706929636245,0.0,-0.0,-0.0
aug-cc-pVTZ,nitrogen,2.270010600946586,1.4658362087517027,1.4658362087517027,0.0,0.0,0.0,2.149304525880172,1.5084971394240188,1.5084971394240188,0.0,0.0,0.0
aug-cc-pVTZ,oxygen,2.755556649817986,1.140807969270328,1.140807969270328,-0.0,-0.0,-0.0,1.7498082542568614,1.159860874859888,1.159860874859888,0.0,0.0,0.0
aug-cc-pVTZ,carbon_monoxide,2.1638314954736155,1.6681209252582456,1.6681209252582456,-0.0,-0.0,-0.0,2.3357346607716627,1.7707963469672892,1.7707963469672892,0.0,-0.0,-0.0
aug-cc-pVTZ,nitrogen_monoxide,1.33713551959964,1.276371983001444,2.139241884489043,0.0,0.0,0.0,1.4578610261272715,1.3015242987546378,1.9355325690672245,0.0,0.0,0.0
aug-cc-pVTZ,sulfur_monoxide,4.743904311308316,2.8137371624099434,2.8137371624099434,0.0,-0.0,0.0,3.9236354694240503,2.882476998945296,2.882476998945296,0.0,-0.0,0.0
aug-cc-pVTZ,carbon_dioxide,3.54011626741646,1.7602033836125404,1.7602033836125404,0.0,0.0,0.0,4.106653679488661,1.9041158009461316,1.9041158009461316,0.0,0.0,0.0
aug-cc-pVTZ,sulfur_dioxide,4.321385443496378,3.1145606147477,3.3682393115483333,0.5108092808811417,-0.4688967541304937,-0.667343270259859,4.72577963326966,3.3652492300670303,3.681802805162508,0.5124213171561297,-0.5851128828216705,-0.669448776442568
aug-cc-pVTZ,ethene,5.372749159441513,3.550190461287696,3.396033908892042,6.52012730540355e-08,0.0840170623593575,-1.6448502974995318e-07,5.028039804550244,3.6103524005578937,3.3635999683106697,4.0009872101339966e-08,0.1344828640034992,-1.0817483938510435e-07
aug-cc-pVTZ,propane,5.987054706049577,5.572922397921474,5.5107673179715935,0.2232922258597168,-0.2334119154010731,-0.1955448223829224,6.2761040606345855,5.790360394113794,5.715472799188991,0.2549575382699975,-0.2812239926312791,-0.223275961105784
aug-cc-pVTZ,1-3-butadiene,12.821136560075372,6.221473407644501,6.130245557194597,1.1812670588789975,-0.6606000553168541,-1.0982418545856565,11.550144265948648,6.337493851014925,6.22449035353215,1.0986488868693205,-0.8224066790073261,-1.021896363640907
aug-cc-pVTZ,isobutene,9.24616312305493,6.556931377611686,6.739111609060229,4.332920963863632e-06,-0.6412663396990272,1.7574706782292294e-06,9.07138540404035,6.792433799938972,7.016218814056737,3.2126445450261124e-06,-0.7877133157471181,1.378117816823932e-06
aug-cc-pVTZ,1-pentene,10.175509052131586,8.26000419510519,9.398841126927396,-0.0347325758985616,0.0058433188270901,1.9253971867649216,10.360299299431569,8.527303061457642,9.498460892456611,0.1166298974518248,0.1946679171249946,1.8568389935670624
aug-cc-pVTZ,water,1.322685551227826,1.2383227487451696,1.1909653911206308,0.0446034870188861,-0.0653638494647015,-0.0312815955091221,1.4535050461404535,1.40957205048563,1.3874152160646258,0.0260357040922491,-0.0305814005196419,-0.0182595602085922
aug-cc-pVTZ,methanol,3.170850017761221,2.8349630411995053,2.7009649486611624,0.100011265091419,0.0065185150557425,0.0048547934352352,3.41011279903674,2.9881885772079846,2.9073868118999893,0.0787942729390052,0.0039307580298192,0.0038252223601456
aug-cc-pVTZ,ethanol,5.046706826778164,4.500522464799009,4.205449139405136,-0.0265722957510127,-3.731291035228668e-06,-7.742651175166716e-06,5.378728305856999,4.78694523499999,4.458048518041188,-0.0236337692126826,-4.744874461795946e-06,-7.975301172200432e-06
aug-cc-pVTZ,methylformate,5.030069625391562,4.270375557974459,4.4642106296017925,0.1841472871734636,0.6959695972703517,0.2111941933639665,5.51777481738384,4.631658279242316,4.869369980023918,0.2590233518458655,0.8533873913871635,0.2971588592411673
aug-cc-pVTZ,methylacetate,6.403767650928216,6.381165801518299,5.9312855958584025,0.1040840211210201,1.0304832438632716,0.0797453135262426,6.8946006383815694,6.939019310910138,6.384189280869877,0.0958747007250518,1.271323034993525,0.0723801673491289
aug-cc-pVTZ,acetone,6.443566133093079,5.95413264354672,4.886477617486687,3.5531730120219616e-05,-0.3652475736360949,0.0001153677252806,6.803709545097754,6.475829135200516,5.105519730963014,2.1775743352932988e-05,-0.4687864320946391,7.064557935404746e-05
aug-cc-pVTZ,acetaldehyde,4.912703847108036,4.066633061032045,3.4672220606398088,0.2339280086686968,0.2668563334574601,0.0890639031806792,5.19896334887575,4.412571130950322,3.634416272931972,0.2636027854865224,0.3464295600782535,0.1003542311969188
aug-cc-pVTZ,acetic_acid,5.085481631173914,5.015018261222957,3.667282652065792,-0.1794251235005501,-0.0001655667781438,0.0001289562633239,5.621479325603967,5.522990645086447,3.902747133179549,-0.1259632877952446,-0.0001015154184509,0.0001077836317467
aug-cc-pVTZ,dimethyl_ether,4.941971560523408,4.343364518501177,4.523339877026877,-0.2302350248632345,0.1725629443893166,-0.3797221436337101,5.263943330290887,4.617113029582864,4.82405957042965,-0.2343207455732435,0.1984233281857119,-0.3864606655669023
aug-cc-pVTZ,N-methylacetamide,7.179406350327692,6.014550389638816,7.588947439685032,-0.0750212634619518,-0.9801791606403164,0.1546995056240814,7.820368929150336,6.417689656437016,8.354632354182439,-0.1167836835454054,-1.205943415711827,0.2414361427194651
aug-cc-pVTZ,dimethyl_sulfide,7.607974958269821,6.283786307275809,6.921458884688491,-0.2572842116164471,0.5583766651428115,-0.4431886775442583,7.902067875830333,6.544377367422068,7.203431036736664,-0.2581729316414217,0.577099034360471,-0.4447196834553113
aug-cc-pVTZ,dimethyl_sulfone,7.416526934885938,6.949173843122705,7.247545773530891,0.0292717262573593,-0.0380925797662312,-0.2302638882813378,8.134600526872871,7.658528836460929,7.971153446561596,0.0282739645124374,-0.039889753574209,-0.222186588608527
aug-cc-pVTZ,fluoromethane,2.4518149144553365,2.269321730232757,2.2693217198598274,1.2743885187834214e-07,-2.0745859608102202e-08,-1.6003948840535986e-07,2.6355633106131853,2.391905056643389,2.3919050462704594,1.7485795955400425e-07,-1.926401249323776e-08,-2.445047739526332e-07
aug-cc-pVTZ,phosphine,4.318377250879637,4.300812276869195,4.4414379765660295,0.0005527645381751,0.0015632820230618,0.0497276639592854,4.402688608076006,4.3752522102261375,4.594908644169791,0.0008634041488642,0.002441857322688,0.0776742914077436
aug-cc-pVTZ,hydrogen_sulfide,3.4821353418487093,3.5088851569566946,3.4729949265276696,0.0078972745123672,0.0163437245291974,-0.0203994867360853,3.566751218627183,3.663062836046665,3.578892558104866,0.0013770701509137,0.038329604175948,-0.0035574199858531
aug-cc-pVTZ,silane,4.379907865636842,4.37990801085786,4.3799076566964,9.483821535132436e-08,-1.4966655860130874e-07,-3.037786585472108e-07,4.532456252342172,4.532456407936119,4.532456030065105,1.0076560381078213e-07,-1.585576412904954e-07,-3.2452451815531305e-07
aug-cc-pVTZ,ammonia,1.8878412475584088,1.881644811973082,1.9373429550240784,0.0027146001752615,0.0076099369475594,0.0202328159818409,2.03691431305359,2.0129259704269566,2.2285513578917504,0.01050911007206,0.0294604839428508,0.0783277118930431
aug-cc-pVTZ,dimethyl_amine,5.5699539617809775,4.886098365390886,5.260325123454535,-0.1531563085568145,-0.1879469046973115,0.2913524517438612,5.927964440094695,5.119144632052672,5.674850679724439,-0.2057423044522677,-0.1620919815075345,0.260055296840033
aug-cc-pVTZ,trimethyl_amine,7.119100227333218,7.143310638086637,6.563063378038917,0.0756745891090359,-0.2039816181657992,0.2392046824956868,7.595328412655268,7.614703105791362,7.150352711955769,0.0605595766431533,-0.1632389356199809,0.1914266581121804
aug-cc-pVTZ,acetonitrile,5.682058801972025,3.486258534026712,3.4862585295811703,3.0600142921950748e-06,-0.0,1.1715483290118288e-05,5.722999638595891,3.5477263629216607,3.547726351066884,3.015558878749141e-06,-1.481847114864443e-09,1.1580635202665622e-05
aug-cc-pVTZ,imidazole,7.822343493394588,8.093442976035847,4.954490667286083,-0.1182562039145289,0.0038273799295449,-0.0040605722826226,8.079220407476738,8.429364359605723,5.038410976883617,-0.1611873538537818,0.0041388123284404,-0.004259197588052
aug-cc-pVTZ,pyrrole,8.778060901264944,9.06434880411446,5.735834589216322,0.0021335368027337,0.0013229130844067,-0.0009155133026584,8.926664612432353,9.333779042291017,5.786029095772522,0.0030338463539936,0.0012593196154723,-0.0009286913690509
aug-cc-pVTZ,pyrazole,7.78984811246814,8.098847545123625,4.968582076075208,-0.0879997976585777,0.0012722487315495,-0.0059346198733783,8.159317714521103,8.326822756100386,5.077635160308032,-0.1724258098117657,0.0015303479709339,-0.0065500354257228
aug-cc-pVTZ,furan,7.684105172393111,8.204697541243467,5.126816459826831,0.0318967072828081,-0.0024606752991996,0.0196773085446561,7.708995217507292,8.443285916114846,5.14025180599725,0.0449865800624093,-0.0025492275190897,0.019718216416109
aug-cc-pVTZ,thiophene,11.100826293829993,10.049178599667458,6.541166102476706,0.003355261956902,0.0002230061360101,0.0225706624555366,11.216830239796485,10.400469683730542,6.59352178821172,0.0026041269910012,0.000286295826286,0.0229324895111144
aug-cc-pVTZ,pyridine,10.351590240914582,11.0344132788258,6.035561702893534,-0.0244774292305884,-0.0068247446894177,-0.0069737829448423,10.696884620155714,11.336598704256064,6.016338476760285,-0.0229335668139669,-0.0073530276314082,-0.0075549707925277
aug-cc-pVTZ,phenol,12.857011512660645,11.993091550597896,6.866205344672908,-0.192375212159959,0.0110844075774638,0.0222773886111867,13.586798071761294,12.347627722766738,6.923593375800767,-0.2036551138998985,0.011726755701121,0.0247957225816257
aug-cc-pVTZ,chlorobenzene,15.6396620284042,12.560030346152558,7.661886106320671,0.0162436331658239,0.0025241324381995,0.0721113854738934,16.22103172540385,12.888097353202197,7.718001118156479,0.0175801896166172,0.0026668491338321,0.0768474133084136
aug-cc-pVTZ,fluorobenzene,11.601249821002147,11.50588444002156,6.490965424027273,-0.0006098541801224,-4.532673954947359e-05,-0.0012864551998397,12.088306881221484,11.792158896590356,6.492488562811994,-0.0018935368440103,-5.191947736350549e-05,-0.0014638026625467
aug-cc-pVTZ,toluene,14.581996572372214,12.822107270701212,7.948276861214737,-0.0037604448953665,-0.2815960962965985,-0.0329512993464321,15.078526156524276,13.15053026781064,7.959000465692979,-0.0041949091328207,-0.2999492633055897,-0.0373565966870799
aug-cc-pVTZ,benzene,11.652206097740992,11.65191955889178,6.6849077843494165,-0.0002296344381549,0.0453155056664957,0.0251586876957877,11.89490038941671,11.894595886134924,6.614335372678513,-0.0002440750382893,0.0481696973218246,0.0267440714685678
aug-cc-pVTZ,cytosine,13.911251890990757,10.860861023665658,6.411689984957142,-0.0678872291245666,0.0108137600567107,0.0188369234088742,15.683113588231723,12.122285389578703,6.803155473570423,-0.2266784836127204,0.0188720994956868,0.0443012391084085
aug-cc-pVQZ,bromine,9.22345199927507,5.1177196093291215,5.1177196093291215,-0.0,0.0,-0.0,9.00587240518169,5.309512153276127,5.309512153276127,-0.0,0.0,0.0
aug-cc-pVQZ,chlorine,6.2621413280396805,3.5425883055193363,3.5425883055193363,-0.0,-0.0,0.0,6.190405629337429,3.715728047043337,3.715728047043337,-0.0,-0.0,0.0
aug-cc-pVQZ,nitrogen,2.270155106231686,1.4725143631971296,1.4725143631971296,-0.0,-0.0,0.0,2.1456056798875225,1.5084199470441113,1.5084199470441113,-0.0,-0.0,0.0
aug-cc-pVQZ,oxygen,2.763381565735734,1.164150362884815,1.164150362884815,-0.0,-0.0,-0.0,1.7539101137637985,1.1762556386492629,1.1762556386492629,0.0,-0.0,-0.0
aug-cc-pVQZ,carbon_monoxide,2.162201145050135,1.6748640601815066,1.6748640601815066,-0.0,-0.0,-0.0,2.328636410078407,1.7730077992913225,1.7730077992913225,-0.0,-0.0,-0.0
aug-cc-pVQZ,nitrogen_monoxide,1.352348750374143,1.2904438343723466,2.1450834888190213,0.0,0.0,0.0,1.4752190379604158,1.316093812178749,1.917403784830213,0.0,0.0,0.0
aug-cc-pVQZ,sulfur_monoxide,4.741430140827441,2.8479442916218924,2.8479442916218924,0.0,-0.0,0.0,3.9312374251430495,2.917119090295329,2.917119090295329,-0.0,-0.0,0.0
aug-cc-pVQZ,carbon_dioxide,3.5394271936895767,1.7799047558724947,1.7799047558724947,0.0,-0.0,-0.0,4.101807347400452,1.922686882464446,1.922686882464446,0.0,-0.0,-0.0
aug-cc-pVQZ,sulfur_dioxide,4.323934141996047,3.1416621714597985,3.38840422484983,0.50410248974022,-0.4560752053353694,-0.6585812608999184,4.723690225874007,3.3921006272765863,3.7002330786042736,0.5050240756523552,-0.5695474569978363,-0.6597847415524084
aug-cc-pVQZ,ethene,5.369617325947049,3.5659916060139385,3.404982866602147,6.371942593917107e-08,0.0877515823394494,-1.6300318263508873e-07,5.019388684773603,3.615641923481217,3.357498493934005,4.0009872101339966e-08,0.1406910862007776,-1.0669299227023989e-07
aug-cc-pVQZ,propane,5.987814351263458,5.573470053050797,5.511285979280267,0.2234164031660953,-0.2335208015270734,-0.1956535677334467,6.26878626095464,5.7827513640566695,5.707859274689567,0.2552518019882202,-0.2812409256982607,-0.2235336439461291
aug-cc-pVQZ,1-3-butadiene,12.814756916321995,6.23310033278734,6.140550197556206,1.1793196480012795,-0.6703741321737633,-1.096427887004326,11.532145261881956,6.32874638894811,6.213845737432519,1.0957271022396942,-0.8364574333208544,-1.0191612428467989
aug-cc-pVQZ,isobutene,9.246627372419391,6.559495300608615,6.7424625232776965,4.321066186944715e-06,-0.6440365150684846,1.753025136884636e-06,9.060621442937782,6.780502396705748,7.005788616789085,3.1800439084990948e-06,-0.7929974921660505,1.354408262986101e-06
aug-cc-pVQZ,1-pentene,10.175745655696725,8.261685961178014,9.399589526403526,-0.0341577940759538,0.0070590884377037,1.9262184694095457,10.34355504792754,8.514153833291855,9.483185336674303,0.1165303336260242,0.1957207102262212,1.8614626529348623
aug-cc-pVQZ,water,1.3294466698476726,1.2514875303782742,1.206755296036507,0.0401310279214512,-0.0617405969389233,-0.0281449282293693,1.4588315885684,1.424950683553247,1.4067473135054034,0.0188275803628149,-0.025124748951316,-0.0132042891590341
aug-cc-pVQZ,methanol,3.1727134434718574,2.837871289155737,2.707881810894629,0.0990142338971247,0.0063235158302033,0.0048063948266166,3.4073111403434804,2.985920410149324,2.9116522021271343,0.0770769380898821,0.0036129329424702,0.0037418625325461
aug-cc-pVQZ,ethanol,5.047152673083307,4.502344911509531,4.209464082651398,-0.0271033482652609,-3.7149907169651583e-06,-7.67448620788295e-06,5.370669689312612,4.780703214833716,4.454572473689647,-0.0242461543876773,-4.7167193666135215e-06,-7.877499262619378e-06
aug-cc-pVQZ,methylformate,5.033007565118433,4.276417275384371,4.469000190645184,0.1842009063294679,0.6914822559823423,0.2112575008364077,5.509721087971239,4.628908216983749,4.865080933589431,0.2588522355502765,0.8478722290855073,0.2969642586325019
aug-cc-pVQZ,methylacetate,6.402648257690258,6.384730366970939,5.936143864225122,0.1042879899671456,1.0275127064635663,0.0799356301148988,6.880495070543263,6.930658588712597,6.377499493924598,0.096602723321502,1.267478781270883,0.0729992712189424
aug-cc-pVQZ,acetone,6.441635619718011,5.959621354877377,4.893631922010758,3.519979636648998e-05,-0.364677770819793,0.0001142859768868,6.788785058160971,6.470401041789787,5.104047969299613,2.134897138385203e-05,-0.4674329588771825,6.925857045453434e-05
aug-cc-pVQZ,acetaldehyde,4.912114629130835,4.074115693975813,3.4760842310099376,0.233322020627697,0.2662422945410853,0.0888329617533689,5.188493547762106,4.412148324404121,3.637186786162571,0.2641591820319761,0.3450081100880967,0.1005656848528215
aug-cc-pVQZ,acetic_acid,5.091401195480604,5.016908938102035,3.6789290471978737,-0.1773969712190841,-0.0001626460574804,0.0001262430012566,5.617100365132091,5.514917247117089,3.907852754430376,-0.1239028016097324,-9.868360861439758e-05,0.0001030965493224
aug-cc-pVQZ,dimethyl_ether,4.9427418691091285,4.347150437830295,4.525476220448047,-0.2299365675176767,0.1709813052441958,-0.3792299021772473,5.257194551011966,4.61435588261324,4.818925497714218,-0.2341500012212804,0.1961442932603109,-0.3861790568230406
aug-cc-pVQZ,N-methylacetamide,7.178174237425249,6.021051848634266,7.592971497772898,-0.075168812461026,-0.9786389806137752,0.1550177678563293,7.804022962586456,6.412127793723534,8.345676365107774,-0.1167410374672867,-1.2038324948597603,0.2413606307541858
aug-cc-pVQZ,dimethyl_sulfide,7.622183314433251,6.30664278395732,6.939332459287992,-0.2564803436391168,0.5540133900226469,-0.4418039417982194,7.907994152904456,6.555664531694718,7.210479987858256,-0.2589055642642462,0.5733878342084258,-0.4459816496497308
aug-cc-pVQZ,dimethyl_sulfone,7.414793400484156,6.947517096556568,7.244207781020264,0.0295570099820659,-0.0378821530303791,-0.2325509814913494,8.116356767600065,7.639188609606879,7.950542137189676,0.0286929597478596,-0.0397325681233469,-0.2255344368843133
aug-cc-pVQZ,fluoromethane,2.453595562704289,2.278348336731681,2.2783483263587514,1.215114634188843e-07,-2.0745859608102202e-08,-1.4966655860130874e-07,2.633342522652328,2.399831252365898,2.3998312419929677,1.6744872397968205e-07,-1.926401249323776e-08,-2.2968630280398866e-07
aug-cc-pVQZ,phosphine,4.319688636675337,4.301044769790434,4.450308094082234,0.0005867151374238,0.001659305716105,0.0527820753875392,4.401110451271606,4.372944926849186,4.5984387626044,0.0008863490695907,0.0025067518533892,0.0797384970295142
aug-cc-pVQZ,hydrogen_sulfide,3.510388747214275,3.5444033548490608,3.5031406506589176,0.0074146828443164,0.0187902541158386,-0.0191529317516604,3.5933726109368056,3.6880131315826894,3.606399342210843,0.0006949092408214,0.0371654280363326,-0.0017953289083197
aug-cc-pVQZ,silane,4.367854070723012,4.367854221871418,4.3678538603007215,9.63200624661888e-08,-1.5411209994590209e-07,-3.126697412363975e-07,4.5247676959959335,4.524767857517269,4.524767470755172,1.03729298040511e-07,-1.6448502974995318e-07,-3.348974479593641e-07
aug-cc-pVQZ,ammonia,1.892676073103771,1.8854550306311892,1.9503631246790905,0.0031634724122135,0.0088682755802417,0.0235784074044713,2.0399135686503813,2.0148059839341967,2.240491976732183,0.0109994429094388,0.030835045326599,0.0819823099308419
aug-cc-pVQZ,dimethyl_amine,5.571483794069116,4.888267217574062,5.2623275864344174,-0.1527656432745343,-0.1880042373621857,0.2906822908317051,5.921307873198038,5.113993685544142,5.666656628281142,-0.2046439356611764,-0.163179682481246,0.2608198721592656
aug-cc-pVQZ,trimethyl_amine,7.1197631583133,7.143961047458599,6.564013883679347,0.0756354505630381,-0.2038761210241507,0.2390809690074552,7.584577758539791,7.604090066371901,7.136441454284092,0.0609897227781148,-0.164398399485771,0.192786335823507
aug-cc-pVQZ,acetonitrile,5.679872629959772,3.4959683016825305,3.495968297236989,3.043713973931566e-06,-0.0,1.1651763864179116e-05,5.712436119543314,3.5472754146169008,3.547275402762124,3.0007404076004973e-06,-1.481847114864443e-09,1.1525806859415638e-05
aug-cc-pVQZ,imidazole,7.825920165538157,8.106098599445826,4.956907346544442,-0.1187769101722211,0.0038397311252473,-0.0040624260733633,8.067314515723442,8.423445574750613,5.017958076968276,-0.1590346286127577,0.0041521326521559,-0.004268487287615
aug-cc-pVQZ,pyrrole,8.785539251670551,9.075903969328916,5.732859029836744,0.0021639161504355,0.001328721925097,-0.0009184103137679,8.922641972472176,9.323552096655485,5.754096686347175,0.0029876201332454,0.0012696895815821,-0.0009369511848691
aug-cc-pVQZ,pyrazole,7.795406793655865,8.107108860571161,4.9663414624818,-0.0884599867619459,0.0012768172662046,-0.0059513603002349,8.146772751008122,8.32176855790814,5.052810446869451,-0.1719167375357723,0.0015355299902946,-0.0065758995852657
aug-cc-pVQZ,furan,7.688021798046996,8.222707187936138,5.125403687533379,0.0327599839928204,-0.0024710630474748,0.0197181719606956,7.703544789696849,8.439168260117667,5.113481587336341,0.0450682876304758,-0.0025684944952772,0.0198830526436252
aug-cc-pVQZ,thiophene,11.123354133867602,10.06725283711217,6.542038139866862,0.0033694699070393,0.0002244524187942,0.0226785023974737,11.223851071387225,10.399637625093698,6.565950694904652,0.0026291835438665,0.0002875109409202,0.0231042533738926
aug-cc-pVQZ,pyridine,10.35546073222224,11.039605943776154,6.032892638398265,-0.0245248231468631,-0.0068367120867174,-0.0069842862771925,10.683385693852983,11.325009945567514,5.989630100025021,-0.0230020563057688,-0.0073807381724562,-0.0075758040811156
aug-cc-pVQZ,phenol,12.86375151644095,11.999982004833926,6.861384334388198,-0.1910472415313492,0.0111163221187766,0.0223243987290586,13.57476910667772,12.336251315733444,6.88983089704334,-0.2011417041074221,0.0117876699904717,0.0248844274317686
aug-cc-pVQZ,chlorobenzene,15.665108926472746,12.5836818560389,7.670319347152319,0.016253051786086,0.0025318217428785,0.0722667912263706,16.227001613238563,12.892788076524871,7.697914112967047,0.017586843110163,0.0026791914384518,0.0770841709856498
aug-cc-pVQZ,fluorobenzene,11.60603030573196,11.516021187105054,6.488644894418962,-0.0005756072114508,-4.513113573031148e-05,-0.001285865424688,12.076902236109564,11.786379400918502,6.464440596284891,-0.0018575709326854,-5.190614073947171e-05,-0.0014667144921274
aug-cc-pVQZ,toluene,14.58677512477339,12.824640153446625,7.942351252453664,-0.0037441534681856,-0.2820851458543759,-0.0326267451913345,15.066262979576807,13.134277427928692,7.924263553909759,-0.0041621351201812,-0.301017999599925,-0.0367118212978486
aug-cc-pVQZ,benzene,11.659750747468363,11.65946336841184,6.67788530790838,-0.0002303071967451,0.0454483310326366,0.0252324436722359,11.886423191072248,11.886117173342708,6.579526434234428,-0.0002452901529235,0.0484096335611221,0.026877339906996
aug-cc-pVQZ,cytosine,13.914411082346655,10.868920361869588,6.417830832011648,-0.0630823783826437,0.01091672472164,0.0191841898347013,15.660774796321638,12.10715441910124,6.784865562169225,-0.2179320573570397,0.0188663751202821,0.0444968829374427
aug-cc-pV5Z,bromine,9.230438586860831,5.119833126377334,5.119833126377334,0.0,-0.0,-0.0,8.986038939588068,5.283888057411433,5.283888057411433,-0.0,-0.0,-0.0
aug-cc-pV5Z,chlorine,6.263474771129685,3.543767354958444,3.543767354958444,-0.0,0.0,0.0,6.186173631053171,3.701640975620717,3.701640975620717,-0.0,0.0,0.0
aug-cc-pV5Z,nitrogen,2.269734955155514,1.472519798612347,1.472519798612347,0.0,-0.0,0.0,2.141949312524269,1.5057126686754445,1.5057126686754445,0.0,-0.0,0.0
aug-cc-pV5Z,oxygen,2.7651082554856936,1.1670117652082048,1.1670117652082048,0.0,-0.0,-0.0,1.7525674032019372,1.1745889399979017,1.1745889399979017,-0.0,-0.0,0.0
aug-cc-pV5Z,carbon_monoxide,2.1606507239781827,1.6749733389969923,1.6749733389969923,-0.0,0.0,0.0,2.323820291371023,1.770727881185041,1.770727881185041,-0.0,0.0,0.0
aug-cc-pV5Z,nitrogen_monoxide,1.3541780965648318,1.2919415446605758,2.146168838101362,0.0,0.0,0.0,1.4761681966018172,1.3164225421790168,1.9098728155154048,0.0,0.0,0.0
aug-cc-pV5Z,sulfur_monoxide,4.728168471584425,2.8529420655215474,2.8529420655215474,0.0,0.0,-0.0,3.9265500196760623,2.9133658827412723,2.9133658827412723,-0.0,0.0,-0.0
aug-cc-pV5Z,carbon_dioxide,3.53938128013857,1.7821782205345909,1.7821782205345909,0.0,0.0,-0.0,4.098563658158369,1.923074256564284,1.923074256564284,0.0,0.0,-0.0
aug-cc-pV5Z,sulfur_dioxide,4.311748190029125,3.143162051172204,3.3873929145767367,0.4975507902001872,-0.4514335400432767,-0.6500218318953567,4.708948932286798,3.388113151548445,3.6937887966797502,0.5008798412453215,-0.56500633355064,-0.654370538976535
aug-cc-pV5Z,ethene,5.368518970492581,3.570035042216525,3.4062802785795543,6.371942593917107e-08,0.0892481960608135,-1.6300318263508873e-07,5.014736117532286,3.615201537782692,3.351514644135776,4.0009872101339966e-08,0.1437123353724478,-1.0669299227023989e-07
aug-cc-pV5Z,propane,5.987315315537973,5.573355635189517,5.5112355120130765,0.2232308092241941,-0.2332806563473327,-0.195491034296347,6.264427665507663,5.7790142241708775,5.704235736167296,0.2549878701985916,-0.2808143493329988,-0.2233025024694584
aug-cc-pV5Z,1-3-butadiene,12.812067864672844,6.236255666895199,6.143554209882236,1.1785094347546037,-0.671506885745308,-1.0956749708581932,11.521178830080697,6.322244629137696,6.206920255294385,1.0939386639204585,-0.8396178872104951,-1.0174912974684092
aug-cc-pV5Z,isobutene,9.24584760520354,6.559674829350275,6.742585687000649,4.32254803405958e-06,-0.6438381150038167,1.7545069839995005e-06,9.05409553642863,6.773832971821673,6.999278699410303,3.171152825809908e-06,-0.7935589477375544,1.3469990274117789e-06
aug-cc-pV5Z,1-pentene,10.175080217431322,8.261294489770902,9.39921831332832,-0.0343924608669108,0.0070005421400426,1.9255265401632724,10.33431403593326,8.507037570746919,9.474966693978136,0.1159098457110054,0.1955280893653013,1.8619328904435168
aug-cc-pV5Z,water,1.3307822630978414,1.2548773164092584,1.2109290132737385,0.0386311333905749,-0.0606586025584512,-0.0270930079360933,1.4588809044403828,1.428702241811466,1.4119854385615471,0.0162069559678839,-0.0230729597265209,-0.0113663660372446
aug-cc-pV5Z,methanol,3.172007700446779,2.837726235587205,2.7086450732973177,0.0986095281134312,0.0062793301129323,0.0047867499794149,3.40335716769676,2.9829896158892395,2.91000262918288,0.0763327707691155,0.0035506079346661,0.0037057425091212
aug-cc-pV5Z,ethanol,5.04669970502093,4.502482155743768,4.209595306140808,-0.02694034804632,-3.712027022735429e-06,-7.667076972308628e-06,5.365875619008451,4.776777283179951,4.450833002858344,-0.0242300452276916,-4.707828283924336e-06,-7.862680791470734e-06
aug-cc-pV5Z,methylformate,5.032131614170048,4.277026416796031,4.469491414072679,0.1839257243565433,0.6910610142666939,0.2109417725627262,5.502509662686433,4.62494989807944,4.860852807371684,0.258477835021929,0.8469070012939922,0.2965352001733227
aug-cc-pV5Z,methylacetate,6.402414285885597,6.3842336532998845,5.935926080118343,0.1041351567012598,1.0268750943232885,0.0798141779253645,6.873777538974452,6.9238824886184185,6.371351213924964,0.0965139488245447,1.2660395105873228,0.07293314971883
aug-cc-pV5Z,acetone,6.4412041799305175,5.959301255154706,4.8949470064968565,3.519535082514539e-05,-0.3641183690883903,0.0001142711584156,6.781891496491538,6.4642421399100325,5.10117351783053,2.126746979253449e-05,-0.466309340893101,6.899035612674387e-05
aug-cc-pV5Z,acetaldehyde,4.911815165611087,4.074276945615159,3.4777534028641326,0.233093469419783,0.2655710578079238,0.0887459047172177,5.183023732945858,4.407967541719846,3.635536777555264,0.2642965951967846,0.3438815343371739,0.1006178858811368
aug-cc-pV5Z,acetic_acid,5.091356372569074,5.017032051442185,3.680152100087057,-0.1771337907259428,-0.0001626001202198,0.0001266119811882,5.611350341917506,5.509383947006747,3.9051680623754335,-0.1236719402021663,-9.84198398279517e-05,0.0001029720741648
aug-cc-pV5Z,dimethyl_ether,4.94147887006727,4.347457424687846,4.525040655198186,-0.2296463951793382,0.1702693354975409,-0.3787513263148778,5.25136068488762,4.611012137572115,4.814382627169273,-0.2337145530373419,0.1949945532752886,-0.3854608811006687
aug-cc-pV5Z,N-methylacetamide,7.177817497550816,6.02164873368844,7.592341364515009,-0.0752281708109061,-0.977875441105676,0.155143262524793,7.796388386966917,6.406724134489883,8.338205092003989,-0.1168165805513554,-1.202545642524894,0.2415213207734746
aug-cc-pV5Z,dimethyl_sulfide,7.625393573204421,6.311873044850825,6.943807973954178,-0.2558543921537856,0.5533524980641943,-0.4407257053820306,7.902056576746083,6.5464435083361705,7.202985080774835,-0.259388284852996,0.5748993064108106,-0.4468131733397658
aug-cc-pV5Z,dimethyl_sulfone,7.407040374897337,6.946427115020146,7.2371962554294065,0.0294360734753276,-0.0371304623718103,-0.2316435205459131,8.099664979411294,7.629743052327947,7.934479041903397,0.028593022496586,-0.0388928572280022,-0.2248006736121401
aug-cc-pV5Z,fluoromethane,2.452463194412994,2.2791761765497887,2.2791761661768586,1.2002961630401988e-07,-2.0745859608102202e-08,-1.4670286437157985e-07,2.6294076939884845,2.398981042583744,2.398981030728967,1.6448502974995318e-07,-1.926401249323776e-08,-2.2524076145939534e-07
aug-cc-pV5Z,phosphine,4.318580733679908,4.299851134530175,4.449800831141569,0.00058941358102,0.0016669357468994,0.0530247886083299,4.392186963549711,4.364367542303134,4.587090475101956,0.0008754574932965,0.0024759472155654,0.0787586582254466
aug-cc-pV5Z,hydrogen_sulfide,3.511378438819809,3.545658732751208,3.5045432693359384,0.007190602369148,0.0187232034975852,-0.0185741089319703,3.5855852139061586,3.670420595215911,3.597462897217776,0.0005024543467784,0.0332236035722596,-0.0012981677194356
aug-cc-pV5Z,silane,4.365778505261258,4.3657786549278175,4.365778294838969,9.63200624661888e-08,-1.5263025283103765e-07,-3.11187894121533e-07,4.525006257081109,4.525006418602445,4.525006027394806,1.0521114515537545e-07,-1.6300318263508873e-07,-3.348974479593641e-07
aug-cc-pV5Z,ammonia,1.893373983085,1.885694332639922,1.9547247386486395,0.0033643856895882,0.0094314989953536,0.0250758702242322,2.0387336760402657,2.0130469988082167,2.243938314494612,0.0112531380991978,0.0315462371035186,0.0838731868592811
aug-cc-pV5Z,dimethyl_amine,5.570919494832999,4.888534664305047,5.262475811155776,-0.1526021940559176,-0.1876546044265161,0.2900312205559298,5.916265380116151,5.110871894527576,5.661872867187357,-0.2040070362893605,-0.1630619275002633,0.2603911678615468
aug-cc-pV5Z,trimethyl_amine,7.119182415019749,7.143351040648224,6.5641052025078,0.0755439850317202,-0.2036295757467209,0.2387918502624154,7.578403512133161,7.597925583855912,7.130042936244016,0.0610202458649868,-0.1644806731194354,0.1928828174073087
aug-cc-pV5Z,acetonitrile,5.6790706572649015,3.496967826825519,3.4969678223799776,3.040750279701837e-06,-0.0,1.1641390934375062e-05,5.706001911215477,3.543446580995336,3.5434465706224065,2.9977767133707684e-06,-1.481847114864443e-09,1.1510988388266992e-05
aug-cc-pV5Z,imidazole,7.826377417620545,8.109958735605844,4.9565988126385045,-0.1191464843245154,0.0038459104277163,-0.0040644695405347,8.058751882965417,8.417431600482386,5.006908430560433,-0.1582691167661486,0.0041574465559098,-0.004271788842987
aug-cc-pV5Z,pyrrole,8.78674580419211,9.077973728913674,5.732798152593571,0.0021703488487612,0.0013315122432143,-0.0009186355545294,8.916573784827252,9.31415908863894,5.740560839823577,0.0029628466131791,0.001273545347775,-0.000939142836752
aug-cc-pV5Z,pyrazole,7.796469183199008,8.108338374313766,4.9652378894436415,-0.0882796844960919,0.001277454460464,-0.0059562044584534,8.138186050089258,8.315421374015818,5.041078202406616,-0.1714457190936886,0.0015362931415587,-0.0065827427552421
aug-cc-pV5Z,furan,7.688359742172623,8.225521068904401,5.126087920065738,0.0329116451176383,-0.0024717965617967,0.019715390533661,7.697559444714882,8.430952627052989,5.102368717921341,0.0449316894815805,-0.0025721102022374,0.0199227409549026
aug-cc-pV5Z,thiophene,11.13487066880962,10.072046778495633,6.545595844367361,0.0033909270532625,0.0002237559506503,0.0227201541561783,11.216962097516458,10.390925588064013,6.549679382316571,0.0026350072030279,0.0002866603606762,0.0231521926099055
aug-cc-pV5Z,pyridine,10.35550912342162,11.039648874368918,6.032952648760875,-0.0245246290248911,-0.006837584894668,-0.0069839202609551,10.674241375346645,11.31574269450637,5.978189296361654,-0.0229976626290732,-0.0073874301940269,-0.007578969306553
aug-cc-pV5Z,phenol,12.863721239340697,11.999670456850955,6.8606344056458495,-0.1906820818016101,0.011118752348045,0.0223279418255103,13.56404582968769,12.3258607919586,6.87513570075618,-0.2003876602756348,0.0118004553673788,0.0249013530895146
aug-cc-pV5Z,chlorobenzene,15.678117331743511,12.586213248046116,7.673117052277477,0.0163083795118137,0.0025321936865043,0.0723575914083339,16.221343963927577,12.880084888786202,7.68181125824083,0.017624035990899,0.0026811919320568,0.0771769168328749
aug-cc-pV5Z,fluorobenzene,11.606127434882954,11.51638504873672,6.488831413033463,-0.0005739001235745,-4.520374623893984e-05,-0.0012862151406071,12.067633910709263,11.777676096413863,6.451878865671805,-0.0018539567075722,-5.198467863655953e-05,-0.0014688839163036
aug-cc-pV5Z,toluene,14.585574650788695,12.823049338704168,7.942361883224866,-0.0037325787603714,-0.2819927852874005,-0.0324184775067288,15.055515873003325,13.122644548724145,7.910635020812823,-0.0041477211932949,-0.3011335599653307,-0.0364446738999808
aug-cc-pV5Z,benzene,11.659536546467912,11.659249177784314,6.677823027355989,-0.0002302983056624,0.0454468580766044,0.025231644956641,11.87725479699583,11.876948536243368,6.566060759099109,-0.0002454872385897,0.0484486357771853,0.0268990356306047
aug-cc-pV5Z,cytosine,13.914373446393627,10.870115056650535,6.418158093501425,-0.0627912472892218,0.0108729746674207,0.0192507529252539,15.648074643405856,12.096035352601604,6.7729686415183625,-0.2161313567529285,0.0187507139892727,0.0444508775119146
aug-cc-pV6Z,bromine,,,,,,,,,,,,
aug-cc-pV6Z,chlorine,6.270253609677331,3.5487146260265767,3.5487146260265767,-0.0,-0.0,-0.0,6.194620152198662,3.7060932089868817,3.7060932089868817,-0.0,-0.0,-0.0
aug-cc-pV6Z,nitrogen,2.269972687888152,1.4723862130586365,1.4723862130586365,0.0,0.0,0.0,2.141428907081541,1.505064087902822,1.505064087902822,0.0,0.0,0.0
aug-cc-pV6Z,oxygen,2.765999942168592,1.167982440269714,1.167982440269714,0.0,0.0,0.0,1.753004909671518,1.174224601211464,1.174224601211464,-0.0,0.0,-0.0
aug-cc-pV6Z,carbon_monoxide,2.1604132861331213,1.675235172491106,1.675235172491106,-0.0,0.0,0.0,2.322633610419274,1.770191563667994,1.770191563667994,-0.0,0.0,0.0
aug-cc-pV6Z,nitrogen_monoxide,1.3552132749494037,1.2927660251312738,2.146801245994572,0.0,0.0,0.0,1.4774452865278909,1.317364912478785,1.91022985175926,0.0,0.0,0.0
aug-cc-pV6Z,sulfur_monoxide,4.725983519132347,2.856086703656931,2.856086703656931,0.0,0.0,-0.0,3.926593279238887,2.9151036848627454,2.9151036848627454,-0.0,0.0,-0.0
aug-cc-pV6Z,carbon_dioxide,3.5391320912458872,1.7833517441658069,1.7833517441658069,-0.0,-0.0,0.0,4.097860222369249,1.92412110745858,1.92412110745858,-0.0,-0.0,0.0
aug-cc-pV6Z,sulfur_dioxide,4.309864415593907,3.1448795994073118,3.3883269583775664,0.4960814646934434,-0.4499853175212956,-0.6481022426972199,4.707752881615742,3.389327606760668,3.6943978373258064,0.5000644667251443,-0.5638872974378376,-0.6533052998413906
aug-cc-pV6Z,ethene,5.368767812633039,3.57161419334034,3.406177915544553,6.371942593917107e-08,0.0901646399634601,-1.6300318263508873e-07,5.014341440889866,3.615489742228061,3.349601503936284,4.0009872101339966e-08,0.1449120936249854,-1.0669299227023989e-07
aug-cc-pV6Z,propane,5.987351724521585,5.573490640352764,5.51138976933404,0.2231932340269025,-0.2332083688813754,-0.1954581254356201,6.263595387557447,5.778251040306087,5.7034920919385605,0.2549827104069377,-0.2807409801186477,-0.2232979813539109
aug-cc-pV6Z,1-3-butadiene,12.812160674239497,6.237346873919185,6.144462619209826,1.1782884587491405,-0.6728577242385945,-1.0954683583968148,11.519998644064852,6.320817960082,6.205249158520786,1.0936262372021488,-0.8414270328613138,-1.017197762818967
aug-cc-pV6Z,isobutene,9.24621743867908,6.56002616937382,6.742992630373486,4.321066186944715e-06,-0.6440338344070539,1.7545069839995005e-06,9.053316825769768,6.7724306272863695,6.998016810271933,3.166707284465315e-06,-0.7940533512089579,1.3440353331820495e-06
aug-cc-pV6Z,1-pentene,10.175062364137284,8.261596940694435,9.399358810216976,-0.0344347898297469,0.0069962625655748,1.92549945347986,10.332544879408683,8.505603868844817,9.473310854302431,0.1157881875447222,0.1954996971745805,1.8625649664029735
aug-cc-pV6Z,water,1.33130656135294,1.2560496412261584,1.2124267517170628,0.0382455212069564,-0.06020945766163,-0.0268225663920892,1.4593661308326036,1.4305178379427754,1.4145701578008854,0.0155285871045586,-0.0220113955722214,-0.0108906086480876
aug-cc-pV6Z,methanol,3.172092257606847,2.8379515756324203,2.709210174212724,0.0985292075542642,0.0062628030720602,0.0047828512396556,3.403037059083007,2.982628357862954,2.9103023238707784,0.0761953042578108,0.0035184548159678,0.0036990682697159
aug-cc-pV6Z,ethanol,5.046765817629959,4.5026755412378,4.209993666655156,-0.0269154559784845,-3.7105451756205655e-06,-7.6641132780789e-06,5.365236372390804,4.776111358868696,4.450454620606799,-0.0241546340280161,-4.704864589694607e-06,-7.859717097241005e-06
aug-cc-pV6Z,methylformate,5.032234205409504,4.2773923159674805,4.469785317702053,0.1838876482949268,0.6908029580008759,0.210898216630479,5.5014987984493215,4.624577280213172,4.860414020586195,0.2584589355438261,0.8466701398874581,0.2965137563637235
aug-cc-pV6Z,methylacetate,6.402459019886302,6.384390133391521,5.936167139597755,0.1041325234589367,1.026681089417163,0.0798131613782437,6.872799121261767,6.922923748353572,6.370447264957189,0.0965756855390442,1.2659128156226962,0.0729834213822018
aug-cc-pV6Z,acetone,6.441238508400781,5.959540780922353,4.895348916035044,3.519238713091566e-05,-0.3640628176037483,0.0001142607854858,6.780883544084008,6.4632680610457,5.100628375913914,2.126006055696017e-05,-0.4661626009825515,6.896961026713577e-05
aug-cc-pV6Z,acetaldehyde,4.911860434558599,4.0746431530108085,3.478300788297281,0.2330056299683552,0.2654904112423915,0.0887124386819756,5.182281041544819,4.407431378314899,3.635439884017965,0.264436057756153,0.3436860001648261,0.1006709285986134
aug-cc-pV6Z,acetic_acid,5.091636794353397,5.017120188744883,3.6807893121286144,-0.1770088161858165,-0.0001625482555708,0.0001265571528449,5.610654654706949,5.508695506028582,3.9051417744076153,-0.123656662358412,-9.838575734430982e-05,0.0001027675792629
aug-cc-pV6Z,dimethyl_ether,4.941530257561519,4.347879745188194,4.525301469181485,-0.2295616824253228,0.1701144795103434,-0.3786116103596528,5.250718813918735,4.610702882006631,4.813918035498126,-0.2336507817467537,0.1948456157854678,-0.3853557040379969
aug-cc-pV6Z,N-methylacetamide,7.17789789664788,6.022067105066226,7.592489033543699,-0.0752492145217843,-0.9777070869731092,0.1551876097633995,7.795279557817041,6.405837983987806,8.337046690622579,-0.1168649095131596,-1.2023763889111283,0.2416223116180468
aug-cc-pV6Z,dimethyl_sulfide,7.627319593619037,6.315163335220976,6.946305833243031,-0.2557343921744238,0.5526586068523407,-0.4405189951187426,7.902739139236743,6.547399075966345,7.203572093763529,-0.2595891581204986,0.5745765793732056,-0.4471591846410866
aug-cc-pV6Z,dimethyl_sulfone,7.406063136734956,6.946176842897223,7.236274908094658,0.0294273246499614,-0.0370453213639786,-0.2315801360174219,8.098179804067808,7.628943112727318,7.932942698379037,0.0286032324232074,-0.0387996134801465,-0.2248888524065573
aug-cc-pV6Z,fluoromethane,2.452467887422807,2.2796883369951693,2.27968832662224,1.2002961630401988e-07,-2.0745859608102202e-08,-1.452210172567154e-07,2.629169144758086,2.399297136873663,2.399297126500733,1.6448502974995318e-07,-1.926401249323776e-08,-2.2524076145939534e-07
aug-cc-pV6Z,phosphine,4.318841125336779,4.300017283674236,4.450721489417409,0.0005923787570968,0.0016753230015696,0.0532915966632084,4.390292460541382,4.362441874568132,4.585414305965684,0.0008764384760865,0.0024787212333645,0.0788468859208185
aug-cc-pV6Z,hydrogen_sulfide,3.515784777898979,3.550271583526152,3.5090073056143725,0.0071745376645757,0.0187909713298422,-0.018532615730907,3.588480781696629,3.672080012070549,3.600258459592005,0.0004512506015714,0.0327062225794931,-0.0011658995278099
aug-cc-pV6Z,silane,4.365354708841185,4.36535485998959,4.365354498418894,9.63200624661888e-08,-1.5263025283103765e-07,-3.11187894121533e-07,4.52532599671493,4.525326156754418,4.52532576554678,1.0521114515537545e-07,-1.6300318263508873e-07,-3.3637929507422855e-07
aug-cc-pV6Z,ammonia,1.8939629728577452,1.886147116953257,1.9564018413485935,0.0034240567092095,0.0095987743432209,0.0255206140351222,2.0391806811498534,2.0132866149685373,2.2460421106257504,0.0113439945913515,0.0318009369856215,0.0845503657993732
aug-cc-pV6Z,dimethyl_amine,5.57109408161453,4.888996354519542,5.26288154385952,-0.152533295574312,-0.1875524458864173,0.2898091435380607,5.91566027081049,5.110637457422922,5.661314991758483,-0.2038396868491375,-0.1630910635782357,0.2602706477538478
aug-cc-pV6Z,trimethyl_amine,7.1192464115510985,7.143398310089342,6.56455336197629,0.0754917025018136,-0.2034886461587088,0.2386265842992359,7.577303954900684,7.596821235811712,7.129053407641665,0.0610052703180439,-0.1644403090858736,0.1928354827649186
aug-cc-pV6Z,acetonitrile,5.679226060053685,3.497384129544733,3.497384125099192,3.040750279701837e-06,-0.0,1.16399090872602e-05,5.704965768148433,3.542900164690201,3.542900154317272,2.996294866255904e-06,-1.481847114864443e-09,1.1508024694037263e-05
aug-cc-pV6Z,imidazole,7.827064262649367,8.111447267333043,4.956908243061947,-0.119208841932956,0.0038474456213273,-0.004065157117596,8.057563072599367,8.416236458183613,5.004160032416175,-0.1579051617781138,0.0041587194625815,-0.0042736041057027
aug-cc-pV6Z,pyrrole,8.787787821301118,9.079568237900988,5.732464265765344,0.0021744654200463,0.0013317937941661,-0.000919004534461,8.916037560666574,9.31242753991229,5.736232829701053,0.0029539407120188,0.0012743025716507,-0.000940277931642
aug-cc-pV6Z,pyrazole,7.797174327557851,8.109274749060106,4.964741365449017,-0.088263662765086,0.0012777241566389,-0.0059586984071477,8.136773766805355,8.314601113845702,5.037697134082209,-0.171269601564087,0.0015364961546135,-0.0065868296895849
aug-cc-pV6Z,furan,7.688906540794314,8.227804648654903,5.125541114034812,0.03301803433125,-0.0024734428939413,0.019723801497885,7.696793014123061,8.429946801096067,5.0985144558032855,0.0449170354954616,-0.0025747049165356,0.0199466461125596
aug-cc-pV6Z,thiophene,11.138213397303623,10.074373525934435,6.545214525094835,0.0033941678529027,0.0002241767952309,0.0227386001890642,11.216431705906023,10.389817753233553,6.544419502262932,0.0026368476571445,0.0002869478390165,0.0231754798373156
aug-cc-pV6Z,pyridine,10.35614747500361,11.040285256576093,6.032217726684259,-0.0245245623417709,-0.0068398091471874,-0.0069861534045572,10.673043181924662,11.314058071432308,5.974495035203979,-0.0229802390706967,-0.007391300778691,-0.0075829895577756
aug-cc-pV6Z,phenol,12.864535709934136,12.000555476703688,6.860011758679584,-0.1905364369760785,0.0111227577807965,0.0223337343658823,13.562861430780496,12.324303466960938,6.870636227585842,-0.2000970122643725,0.0118083091570876,0.0249146185848869
aug-cc-pV6Z,chlorobenzene,15.68128862979034,12.589017788932011,7.67414261495612,0.0163103103586044,0.0025330679763021,0.0723769472953483,16.221421062951116,12.879668760924949,7.678303975070261,0.0176266277415029,0.0026827256438207,0.0772092655553924
aug-cc-pV6Z,fluorobenzene,11.60677179683684,11.51732274380884,6.487931186465642,-0.0005720255869742,-4.533118509081818e-05,-0.0012865841205387,12.066643681193227,11.776379096389956,6.447362269758053,-0.0018559186731523,-5.209581717017436e-05,-0.0014700901398551
aug-cc-pV6Z,toluene,14.585977981418267,12.823426833329291,7.941915734622911,-0.0037314288470103,-0.2820404029625897,-0.0323982636302349,15.053877375384406,13.120556621693758,7.9063612788953375,-0.004145154634092,-0.3012599274417449,-0.0363918401229474
aug-cc-pV6Z,benzene,11.660559563333212,11.66027205239229,6.676364876458338,-0.0002304138897373,0.0454694725454244,0.0252442050927866,11.876128653944264,11.87582216202365,6.560924167243581,-0.0002456724694791,0.048485179608885,0.0269193339723841
aug-cc-pV6Z,cytosine,13.914784224786802,10.870918705314493,6.418358732637083,-0.0626059660170619,0.0108542293014177,0.0192832290866233,15.647206808534118,12.094737322693952,6.770202861307448,-0.2158910411607696,0.0187022012784263,0.0444729629613146
aug-cc-pCVDZ,bromine,8.888296471340334,4.748987503321212,4.748987503321212,0.0,0.0,0.0,8.600501692978183,4.873323896360448,4.873323896360448,0.0,0.0,0.0
aug-cc-pCVDZ,chlorine,6.035441858508118,3.303494662273508,3.303494662273508,0.0,0.0,-0.0,5.891172089297237,3.40580141227515,3.40580141227515,0.0,0.0,-0.0
aug-cc-pCVDZ,nitrogen,2.248406608119806,1.422207091039183,1.422207091039183,-0.0,-0.0,0.0,2.147861987723723,1.4771256491415206,1.4771256491415206,-0.0,-0.0,-0.0
aug-cc-pCVDZ,oxygen,2.704887528376755,1.064405655416112,1.064405655416112,0.0,-0.0,-0.0,1.7371020153949803,1.0856577406719,1.0856577406719,0.0,-0.0,-0.0
aug-cc-pCVDZ,carbon_monoxide,2.157182416350429,1.6272889955062404,1.6272889955062404,0.0,-0.0,0.0,2.3397239695446843,1.7315786214326008,1.7315786214326008,0.0,-0.0,0.0
aug-cc-pCVDZ,nitrogen_monoxide,1.2776483068125597,1.217335324347791,2.107878205022688,0.0,0.0,0.0,1.3895576691414495,1.2339275501926097,1.984457322322416,0.0,0.0,0.0
aug-cc-pCVDZ,sulfur_monoxide,4.723570769732536,2.6766056419096413,2.6766056419096413,0.0,0.0,0.0,3.888154833392352,2.7219918583567644,2.7219918583567644,0.0,0.0,0.0
aug-cc-pCVDZ,carbon_dioxide,3.538697727774037,1.6785648444301815,1.6785648444301815,0.0,-0.0,-0.0,4.112413785191016,1.813250885973447,1.813250885973447,0.0,-0.0,-0.0
aug-cc-pCVDZ,sulfur_dioxide,4.297977319589417,3.0254232815969377,3.296615637524272,0.5309559096710879,-0.5012686705190263,-0.6936636327373323,4.712043027580789,3.274541254558587,3.6131967408936023,0.532707586327098,-0.6259655939976146,-0.6959515305903272
aug-cc-pCVDZ,ethene,5.374757835806348,3.47618156465583,3.345689334196673,6.668312016889993e-08,0.0711197393120146,-1.6744872397968205e-07,5.044682084226908,3.5528245897553847,3.335771275146695,4.297356633106884e-08,0.1182965086742061,-1.1410222784456213e-07
aug-cc-pCVDZ,propane,5.977877686141105,5.5626164416796255,5.500091578637008,0.2231997704545262,-0.2348003024184031,-0.1954639194578392,6.272569570750988,5.7918353565669625,5.717304053998764,0.250872225067945,-0.2798854697693643,-0.2196984413456648
aug-cc-pCVDZ,1-3-butadiene,12.820016399240608,6.160791049594952,6.075417704436007,1.1834028006702384,-0.6174014097456612,-1.1002257040839294,11.57398751944242,6.312917594436551,6.206740375354958,1.100603458032298,-0.7720045612247929,-1.0237293596210395
aug-cc-pCVDZ,isobutene,9.238631315014656,6.531208724095382,6.70969287615984,4.378858224424429e-06,-0.6282563177330576,1.763398066688687e-06,9.08455239658935,6.7897534734056295,7.006662899177619,3.3400833969044545e-06,-0.7635115649082376,1.4433190898779676e-06
aug-cc-pCVDZ,1-pentene,10.165374595983732,8.230411955689814,9.386508344657251,-0.0378211942856149,-7.783401970825487e-05,1.9234597027810256,10.366976770745474,8.526782808645168,9.512267805863695,0.1098024572825051,0.1847802033402347,1.8386146227819071
aug-cc-pCVDZ,water,1.2930764172734948,1.1922716734348675,1.138144255724991,0.0560534692432812,-0.0747080232095762,-0.0393118050443167,1.4181486629893356,1.3517111011876872,1.3216269522496034,0.0432085294914488,-0.041522818741604,-0.0303033822913395
aug-cc-pCVDZ,methanol,3.145504649929597,2.811340082061525,2.6722352391048543,0.1017470800559116,0.0067669333879255,0.0049390394074095,3.3809916240007096,2.966162656570343,2.8786089334213654,0.0794542980168957,0.0042592020335933,0.0038572510036863
aug-cc-pCVDZ,ethanol,5.028764426307566,4.48062401576386,4.179558616320272,-0.0258217668605819,-3.7772282957894655e-06,-7.870090027045056e-06,5.359316264246222,4.7749875615811135,4.440244467262775,-0.0215403371202656,-4.813039429079711e-06,-8.093848941389588e-06
aug-cc-pCVDZ,methylformate,4.999545689421186,4.240115864981608,4.437850048311775,0.1839970649221942,0.7099701969864304,0.211022142022848,5.492284604924127,4.609274188747777,4.851831725198805,0.2567722941939931,0.870772251326335,0.2945757255782423
aug-cc-pCVDZ,methylacetate,6.392504089516412,6.358262403629744,5.905699026290044,0.103941040656601,1.0366407202061017,0.0795707474905702,6.898090413528476,6.922583713341666,6.36787466278171,0.0912424303436673,1.2711172938582502,0.0685886822022473
aug-cc-pCVDZ,acetone,6.44475556583492,5.919914739824399,4.852582197779045,3.674239921306386e-05,-0.3651372530820875,0.0001193287026186,6.8209294695256535,6.451095579069053,5.082236012566886,2.347690384079737e-05,-0.4682904400831286,7.620250603478912e-05
aug-cc-pCVDZ,acetaldehyde,4.911182476166925,4.023616842695469,3.426971124613517,0.2358540053737582,0.2656255438444902,0.0897978176012581,5.211930778110097,4.378220415198485,3.5969281000758686,0.2588896269985258,0.3478266825843255,0.0985609220462166
aug-cc-pCVDZ,acetic_acid,5.048852701439976,4.994318691555028,3.62133649745861,-0.1932799879984231,-0.0001777282974154,0.0001332684384282,5.58872721318302,5.512072091765467,3.862559249747994,-0.1389154732683211,-0.0001137702940908,0.0001154714545786
aug-cc-pCVDZ,dimethyl_ether,4.927815667675234,4.322781876943542,4.5036781175039975,-0.2338795374495695,0.1734458970653201,-0.3857329660131232,5.2510902803897945,4.603988791286822,4.810466884696268,-0.2350627523609167,0.1979741714341138,-0.3876844401156304
aug-cc-pCVDZ,N-methylacetamide,7.169655037606161,5.989711330438316,7.568338656862444,-0.0773617461416648,-0.9828221446263636,0.1595631175314972,7.828448417511336,6.408766428038366,8.339885816338292,-0.1210508445798527,-1.202335633669928,0.2503234689262155
aug-cc-pCVDZ,dimethyl_sulfide,7.544839420103778,6.185558345903372,6.845902689236545,-0.2579200040484681,0.5782292095180359,-0.44428400558507,7.826415246213693,6.451350465663891,7.129956356362636,-0.2495691998536668,0.5942200069654275,-0.42989945928153
aug-cc-pCVDZ,dimethyl_sulfone,7.407750933925539,6.956523524743328,7.246001284292939,0.0280127756218186,-0.0369534127603734,-0.220323321455532,8.135200695700252,7.698241389275295,7.985689754755557,0.0258608505782364,-0.0366760094986237,-0.2032090794001714
aug-cc-pCVDZ,fluoromethane,2.430772409800698,2.2285434107456736,2.228543400372744,1.422573230269865e-07,-2.0745859608102202e-08,-1.867127364729198e-07,2.6110612649383245,2.3451274598477645,2.345127449474835,1.9115827781751318e-07,-1.926401249323776e-08,-2.756235633647864e-07
aug-cc-pCVDZ,phosphine,4.264149944819441,4.250840709765885,4.357394924090124,0.0004188426051693,0.0011845130094197,0.0376794007807349,4.3431872910680855,4.318600246642717,4.515444736374356,0.000773740543638,0.0021882599348385,0.0696075958328868
aug-cc-pCVDZ,hydrogen_sulfide,3.353885519499816,3.3553719188490168,3.3357776722806896,0.0110089978596355,0.0089228194088457,-0.0284372744374253,3.4147311207912328,3.485052706128392,3.4203548787768545,0.0029520617298772,0.0294621984399627,-0.0076256860186962
aug-cc-pCVDZ,silane,4.408844700373631,4.408844855967578,4.408844486987646,9.780190958105325e-08,-1.5707579417563097e-07,-3.185971296958553e-07,4.564261359245575,4.564261525212451,4.564261125113731,1.0817483938510435e-07,-1.6744872397968205e-07,-3.437885306485508e-07
aug-cc-pCVDZ,ammonia,1.850156406916915,1.844457230322382,1.8956856230924692,0.0024967538309052,0.0069992440419699,0.0186091412796128,1.9918327673369776,1.967748449918256,2.1842365361726874,0.0105511560020971,0.0295783530260613,0.0786410944027417
aug-cc-pCVDZ,dimethyl_amine,5.554822078485692,4.870831715509739,5.246998143281778,-0.1576986634189632,-0.1822685391636596,0.2937424725726242,5.918765388083321,5.112994966525985,5.678663601271683,-0.2121797876622282,-0.1497836556421724,0.2542287273308822
aug-cc-pCVDZ,trimethyl_amine,7.112572376640651,7.136791490282177,6.556335611352085,0.075701797303912,-0.2040549577432081,0.2392906859385393,7.604892044994159,7.623439467341438,7.178916127146999,0.0579737756554216,-0.1562688810024796,0.1832530339313621
aug-cc-pCVDZ,acetonitrile,5.67406135607654,3.424433833372937,3.424433828927396,3.1370703421680257e-06,-0.0,1.2005925324631716e-05,5.726277505159831,3.500967576693312,3.5009675648385348,3.0881693873774992e-06,-1.481847114864443e-09,1.1851813224685816e-05
aug-cc-pCVDZ,imidazole,7.778832683392026,8.017344811301957,4.944889058169331,-0.114769393943699,0.0037477202741911,-0.0040073828622817,8.064007745731526,8.385921775326175,5.07691175070165,-0.1666166134781895,0.0040537454129645,-0.0041903257796944
aug-cc-pCVDZ,pyrrole,8.724291577837764,8.986489622642196,5.728281987897331,0.0019540213976977,0.0012761845174866,-0.0009023900646091,8.8914608417519,9.307062959950752,5.842700802005054,0.0030970693611493,0.0011951408169275,-0.0009029931763849
aug-cc-pCVDZ,pyrazole,7.74201161439748,8.04838883856347,4.955048169289484,-0.0849934469778003,0.0012491333984047,-0.0058610135634887,8.151850144553258,8.297175060038585,5.107547083047037,-0.1751506673327563,0.0015098643982651,-0.0064727600623769
aug-cc-pCVDZ,furan,7.646163441699479,8.11624932182946,5.108567629673197,0.0288028950216172,-0.0024227148216582,0.0195279842927383,7.68868703922673,8.398521180420309,5.173041938169622,0.0434883333455246,-0.002492312735102,0.0193116701782989
aug-cc-pCVDZ,thiophene,11.006708223575854,9.946315820618445,6.4954459562277895,0.0033831695836162,0.0002208100385859,0.0223397417740859,11.147644282814271,10.329359010359177,6.58484735008888,0.0026102662835981,0.0002849058536922,0.0226402499960506
aug-cc-pCVDZ,pyridine,10.30752878837891,10.978353299828145,6.026137130051595,-0.0240474120163259,-0.0067661450452604,-0.006917672803838,10.684286261245644,11.311481383804333,6.048224197628584,-0.0224848590620446,-0.0072702753611258,-0.007484574163489
aug-cc-pCVDZ,phenol,12.794114184382009,11.92425712331566,6.852020709918094,-0.1924146426298384,0.0109585291105974,0.0220922392234199,13.540444818187328,12.30765638609962,6.9597585229520815,-0.2037684959500452,0.0115511464450798,0.0244825742037712
aug-cc-pCVDZ,chlorobenzene,15.502270399279826,12.428911306218591,7.598020309450882,0.0162107717242047,0.0024916384946647,0.0714381719566807,16.06192580957194,12.770750077261749,7.678068592547148,0.0173599678713359,0.0026283981648956,0.0757668874384324
aug-cc-pCVDZ,fluorobenzene,11.548069431037524,11.425992534769478,6.469080625617768,-0.0007806474330403,-4.31128599598661e-05,-0.0012857261310592,12.050169985335431,11.734648004036355,6.510800487052084,-0.0020174177809658,-4.8786852562682056e-05,-0.0014553783616987
aug-cc-pCVDZ,toluene,14.524645783026047,12.769557283690649,7.937673190032735,-0.0040966389595513,-0.2791656106686699,-0.0389135023220065,15.03380219088941,13.133134574087212,8.001803000193744,-0.0045604333969501,-0.2964632357500364,-0.0442652050321164
aug-cc-pCVDZ,benzene,11.586724503668238,11.586441087070895,6.673474400294555,-0.0002271345620721,0.0448223054549496,0.0248848956954569,11.85845855029026,11.858158188771158,6.649890607857669,-0.0002407542189049,0.0475135976569415,0.0263796630353159
aug-cc-pCVDZ,cytosine,13.89652318421294,10.800582568238664,6.385698805925153,-0.0970220341903597,0.0115391212557426,0.0204472199953493,15.686807576729528,12.08577142450763,6.8173648536902105,-0.2664666536035113,0.0203801071395171,0.0469131932158705
aug-cc-pCVTZ,bromine,9.187475317885363,5.091784961282718,5.091784961282718,0.0,-0.0,0.0,8.971110668013756,5.292296340973973,5.292296340973973,0.0,-0.0,0.0
aug-cc-pCVTZ,chlorine,6.218872247311424,3.5096461980705578,3.5096461980705578,-0.0,0.0,0.0,6.136999013183013,3.659429343957323,3.659429343957323,-0.0,0.0,0.0
aug-cc-pCVTZ,nitrogen,2.269828625675339,1.465981643154944,1.465981643154944,-0.0,-0.0,-0.0,2.147544587926496,1.5061572998659536,1.5061572998659536,-0.0,-0.0,-0.0
aug-cc-pCVTZ,oxygen,2.7567129899500578,1.1405942943256002,1.1405942943256002,0.0,0.0,0.0,1.7499174189701192,1.1576985576224894,1.1576985576224894,0.0,-0.0,0.0
aug-cc-pCVTZ,carbon_monoxide,2.1631452772661226,1.6685515026107176,1.6685515026107176,0.0,0.0,0.0,2.332940337221621,1.767488650820927,1.767488650820927,0.0,0.0,0.0
aug-cc-pCVTZ,nitrogen_monoxide,1.3376589494923292,1.276447545349525,2.1392030156392203,0.0,0.0,0.0,1.4553061690709923,1.2995595117376506,1.9353929346135903,0.0,0.0,0.0
aug-cc-pCVTZ,sulfur_monoxide,4.721262148247639,2.818226821306841,2.818226821306841,0.0,-0.0,0.0,3.934923952540633,2.876588393388528,2.876588393388528,0.0,0.0,-0.0
aug-cc-pCVTZ,carbon_dioxide,3.5394519079357587,1.7602063517523114,1.7602063517523114,-0.0,0.0,0.0,4.103968403585957,1.90134251517958,1.90134251517958,-0.0,0.0,0.0
aug-cc-pCVTZ,sulfur_dioxide,4.296959827050161,3.111571954357779,3.3617387090605155,0.4996720587906569,-0.4624052872301387,-0.6527931082772205,4.707150427780112,3.35522907026899,3.670789403253247,0.5070827332385277,-0.5832769601934861,-0.6624742066369076
aug-cc-pCVTZ,ethene,5.37231308739994,3.5500676709902166,3.395433369602884,6.52012730540355e-08,0.0842774406796045,-1.6448502974995318e-07,5.029876048739252,3.610421309412429,3.3612781924689346,4.0009872101339966e-08,0.1357858136435745,-1.0817483938510435e-07
aug-cc-pCVTZ,propane,5.987083936965765,5.572782240375808,5.5106224125877725,0.2234559121738718,-0.2334297746225015,-0.1956881599724961,6.27872011204932,5.792101423698284,5.717103197031579,0.2555017644050968,-0.281639475889039,-0.2237525527748667
aug-cc-pCVTZ,1-3-butadiene,12.820598058315676,6.221181011053643,6.129960131212567,1.1812730662872015,-0.6605536912843242,-1.0982477879015045,11.555092704712308,6.335942705319733,6.22264659045088,1.0988501009616594,-0.8245736092347934,-1.0220770304411513
aug-cc-pCVTZ,isobutene,9.245827346871632,6.556652252443589,6.738857230738951,4.33588465809336e-06,-0.6413534485998273,1.7604343724589583e-06,9.074409682107524,6.7926710377346735,7.016904884079518,3.2096808507963835e-06,-0.7892931826030894,1.3736722754793385e-06
aug-cc-pCVTZ,1-pentene,10.175502595723708,8.259533477478069,9.39848627492619,-0.0345385398736471,0.0059001432184038,1.9256260343422584,10.363950152841706,8.528985651437464,9.500669668564756,0.1168371945265703,0.1950593692680927,1.8601730665920693
aug-cc-pCVTZ,water,1.3225351570822912,1.2382200952681346,1.1908649693053508,0.0445507095520431,-0.0653607672227025,-0.0312445804500399,1.4526695407272208,1.4082661015869942,1.3857205416215834,0.0261447265481839,-0.0311179329045209,-0.0183360190741779
aug-cc-pCVTZ,methanol,3.170729155346838,2.8348735539340857,2.7010415512659187,0.0999778983399336,0.0065104360252723,0.0048531737763387,3.409955115685248,2.987876897340621,2.9065132882171776,0.0792069584694123,0.0039580892180057,0.0038452524875973
aug-cc-pCVTZ,ethanol,5.046545544020029,4.500209766902677,4.205414975419903,-0.0266742705420692,-3.7283273409989386e-06,-7.736723786707257e-06,5.379984091267103,4.786650809760433,4.457524842161877,-0.0240677785230726,-4.740428920451353e-06,-7.984192254889619e-06
aug-cc-pCVTZ,methylformate,5.0300805717962,4.270222509840743,4.464020010716325,0.1841600414315812,0.6958348736580567,0.2112089584886189,5.517217685842217,4.629815280794158,4.867601834119073,0.2592890040599943,0.8536576669642908,0.2974638293047948
aug-cc-pCVTZ,methylacetate,6.403484029835971,6.381285531801486,5.931359467418925,0.104147891695365,1.0305874088243638,0.0797975738284425,6.893413905565172,6.939247982147668,6.383805144605985,0.0964459201871955,1.272720053770299,0.072839258403785
aug-cc-pCVTZ,acetone,6.443220656738566,5.954389801813187,4.8864541717016365,3.555840336828717e-05,-0.365343569174043,0.0001154536724133,6.803355666670101,6.477078767981397,5.104965672772307,2.1835017237527568e-05,-0.46940347767881,7.083821947897983e-05
aug-cc-pCVTZ,acetaldehyde,4.912458305041103,4.06680300815026,3.4671340211390205,0.2340459355439448,0.266971188463639,0.0891087764750115,5.198525753495341,4.412451311756309,3.6332691158064714,0.264209803411267,0.3468869366357977,0.1005852911719983
aug-cc-pCVTZ,acetic_acid,5.085429107102926,5.014708070611944,3.667235065509392,-0.1793076915622384,-0.0001652407717785,0.0001287606595048,5.621002538331065,5.521106655783397,3.900464743352279,-0.1261107093554669,-0.0001013864977519,0.0001078266053131
aug-cc-pCVTZ,dimethyl_ether,4.941912697110465,4.343417885743172,4.523291811833859,-0.2302703446892172,0.1724656892813209,-0.3797803965256425,5.26502608930447,4.617226773203707,4.824258386893358,-0.2349326135835951,0.1985048964601496,-0.3874698078976664
aug-cc-pCVTZ,N-methylacetamide,7.178826900686672,6.014474201951252,7.58913208524478,-0.0749864533913765,-0.9803413236156372,0.1546275071183115,7.818909287514488,6.416277756951514,8.354744239567,-0.1164294880024692,-1.2068907279717234,0.2406968121476813
aug-cc-pCVTZ,dimethyl_sulfide,7.612313010870243,6.29256964189758,6.928009335031407,-0.2565192850994483,0.5564214449307978,-0.4418710383537333,7.905032674036163,6.542172786423107,7.203686204882456,-0.2592090228438167,0.5792529080330092,-0.4465044171567598
aug-cc-pCVTZ,dimethyl_sulfone,7.40212478572052,6.945024921633247,7.234510040035631,0.0290455697143829,-0.0369640583500466,-0.2285464363662926,8.120819685083928,7.652744143951244,7.957581632644826,0.0282498311503248,-0.0389025084982613,-0.222067332516417
aug-cc-pCVTZ,fluoromethane,2.4520744822052114,2.269457420009371,2.2694574096364413,1.2743885187834214e-07,-2.0745859608102202e-08,-1.6003948840535986e-07,2.6356389840998,2.391557619805144,2.391557607950367,1.7485795955400425e-07,-2.0745859608102202e-08,-2.445047739526332e-07
aug-cc-pCVTZ,phosphine,4.316250804715348,4.298175038004412,4.442890155619806,0.0005688381338301,0.0016087436106987,0.0511737511395739,4.392011998897164,4.364289454887569,4.586236782979083,0.0008724093337812,0.002467324347204,0.0784843905521919
aug-cc-pCVTZ,hydrogen_sulfide,3.4835636883553387,3.519172441924894,3.4761923554665204,0.0076321839182949,0.0195723181947208,-0.0197147622304843,3.559606747640568,3.655539354505328,3.572173691391805,0.0010873482940981,0.0379631982127853,-0.0028090368100447
aug-cc-pCVTZ,silane,4.374006467293932,4.374006611033102,4.374006256871642,9.483821535132436e-08,-1.4818471148644428e-07,-3.037786585472108e-07,4.533748832016137,4.5337489876100845,4.533748603811682,1.03729298040511e-07,-1.6003948840535986e-07,-3.274882123850419e-07
aug-cc-pCVTZ,ammonia,1.887393214046924,1.881202310196877,1.93685072690424,0.0027121758733815,0.0076031441603849,0.0202147522655107,2.0356300109776084,2.01182607385149,2.225793886397609,0.0104283227310518,0.029234013248286,0.0777255840637775
aug-cc-pCVTZ,dimethyl_amine,5.56983995883689,4.885836850493901,5.259977996322337,-0.1531058664810245,-0.1881303781159914,0.2914966991875635,5.928889326080356,5.119409476660124,5.674073250863332,-0.2055363499310083,-0.1630762243612275,0.2613415460631239
aug-cc-pCVTZ,trimethyl_amine,7.118869359998263,7.143101023403005,6.562344359145537,0.0757410247607366,-0.2041606964259364,0.2394146824595698,7.59691141213604,7.616409966945078,7.149090991747969,0.0609467329114655,-0.1642825190413886,0.1926504445156855
aug-cc-pCVTZ,acetonitrile,5.68250860777266,3.486293289268944,3.4862932848234025,3.061496139309939e-06,-0.0,1.1718446984348017e-05,5.722492885410632,3.545831892513968,3.545831882141038,3.0185225729788704e-06,-1.481847114864443e-09,1.1588044438239944e-05
aug-cc-pCVTZ,imidazole,7.821567983525495,8.092810691135947,4.954349979239151,-0.1182158576631325,0.0038268924018441,-0.0040595646265845,8.076440579355175,8.427503272249833,5.0331255883137445,-0.1608685196285476,0.0041423065239372,-0.004262075335149
aug-cc-pCVTZ,pyrrole,8.777282072058314,9.062909514166888,5.735093001791382,0.0021286155884652,0.001322594487277,-0.000915495520493,8.925962876321872,9.331348684101938,5.780210694204667,0.0030209661388712,0.001260825172141,-0.0009301850709427
aug-cc-pCVTZ,pyrazole,7.789073447251901,8.09825549978213,4.967896412078536,-0.0881122165080997,0.0012725050911004,-0.0059341338275246,8.156207923502473,8.326024846630304,5.072108389216078,-0.1727054669629771,0.0015324862763207,-0.0065549121845778
aug-cc-pCVTZ,furan,7.683798355947979,8.203856976804184,5.126471863689504,0.0318640118080657,-0.0024604856227689,0.0196776241780916,7.708599067908841,8.441392552646949,5.135111694754825,0.0448948848447886,-0.0025527706155414,0.0197547839573625
aug-cc-pCVTZ,thiophene,11.121331621496257,10.052045062498744,6.548761850738141,0.0034115514014072,0.0002235425646657,0.0226364001572462,11.22387550111876,10.399302045996066,6.586403215467131,0.0026303349390747,0.0002867285256435,0.02300312916308
aug-cc-pCVTZ,pyridine,10.350906679658966,11.033570456051512,6.034920074947574,-0.0244717226373491,-0.0068246276234956,-0.0069736599515318,10.695491600884306,11.336468205389892,6.011299381553833,-0.0229788194611606,-0.0073620505984907,-0.0075605558743037
aug-cc-pCVTZ,phenol,12.856008875638713,11.992049075598128,6.865077150744936,-0.1923031380799862,0.0110848817685406,0.0222779783863384,13.585008643568184,12.347038266212152,6.917083922240131,-0.2039318547759879,0.0117393439923618,0.0248130350014687
aug-cc-pCVTZ,chlorobenzene,15.661071685872948,12.56549078087657,7.668206071645188,0.0163278613558328,0.0025244554808705,0.0722464780661201,16.231842818135753,12.886913198799776,7.711331521378141,0.0176435133893767,0.0026700380688233,0.0770040771490914
aug-cc-pCVTZ,fluorobenzene,11.600449546504072,11.50519388444756,6.489951744280643,-0.0006091532664371,-4.538749528118303e-05,-0.0012865604109849,12.087630080152405,11.791794332563155,6.486427619917614,-0.0018915407959465,-5.206321653364734e-05,-0.0014656623806758
aug-cc-pCVTZ,toluene,14.581489101972952,12.820990355111627,7.947290419299925,-0.0037613710498133,-0.2815885507310896,-0.03295556854797,15.080931068434696,13.151006714258704,7.954522957942425,-0.00419456534429,-0.3002355695048055,-0.037314011364693
aug-cc-pCVTZ,benzene,11.651238805736448,11.650952252068764,6.683652870265417,-0.0002296462929318,0.0453181196448064,0.0251601399059603,11.895438336965585,11.895133494340806,6.608973440777769,-0.0002443476981584,0.0482234365074452,0.0267739232786967
aug-cc-pCVTZ,cytosine,13.90961351932884,10.85969751583909,6.41083714489636,-0.0675433116732191,0.0108226615123297,0.0188718016444167,15.677818370569936,12.117668056216235,6.795070425319049,-0.2266560025101408,0.0187518564933983,0.0439437835018196
aug-cc-pCVQZ,bromine,9.22345187628176,5.117719502636129,5.117719502636129,-0.0,-0.0,0.0,9.005872129558126,5.309512034728359,5.309512034728359,-0.0,-0.0,0.0
aug-cc-pCVQZ,chlorine,6.264469425441208,3.553486498260958,3.553486498260958,0.0,-0.0,0.0,6.188425068057905,3.7077102213044815,3.7077102213044815,0.0,-0.0,0.0
aug-cc-pCVQZ,nitrogen,2.270229669814812,1.4727315086278003,1.4727315086278003,0.0,0.0,-0.0,2.144293077495341,1.506931078937617,1.506931078937617,0.0,0.0,-0.0
aug-cc-pCVQZ,oxygen,2.7633953083858773,1.1643434460820343,1.1643434460820343,0.0,0.0,-0.0,1.753669119485661,1.1751522478782992,1.1751522478782992,0.0,0.0,-0.0
aug-cc-pCVQZ,carbon_monoxide,2.1619802416551805,1.6749237341648222,1.6749237341648222,-0.0,0.0,-0.0,2.3266448090378766,1.770295765675264,1.770295765675264,-0.0,0.0,-0.0
aug-cc-pCVQZ,nitrogen_monoxide,1.3524606683593403,1.2905710983662653,2.14500271333279,0.0,0.0,0.0,1.4733115776809145,1.314733390580171,1.915771752510257,0.0,0.0,0.0
aug-cc-pCVQZ,sulfur_monoxide,4.725124637580877,2.850332557943672,2.850332557943672,-0.0,-0.0,-0.0,3.9390075171630894,2.9076516831806885,2.9076516831806885,-0.0,-0.0,0.0
aug-cc-pCVQZ,carbon_dioxide,3.5391751374227267,1.7798477744053869,1.7798477744053869,-0.0,0.0,0.0,4.100710867964432,1.920895447850344,1.920895447850344,-0.0,0.0,0.0
aug-cc-pCVQZ,sulfur_dioxide,4.306305476714761,3.1389102983840567,3.383380392668661,0.4960304550702084,-0.4518757113675753,-0.6480355921776876,4.710415313363325,3.3825540524798337,3.6904853089791945,0.5022368279222875,-0.5691755548637246,-0.6561433512179443
aug-cc-pCVQZ,ethene,5.369674959426887,3.5660328947201,3.405171932511838,6.371942593917107e-08,0.0876710424669094,-1.6300318263508873e-07,5.020927928272768,3.6156858365386175,3.356155648524056,4.0009872101339966e-08,0.1414468845395489,-1.0669299227023989e-07
aug-cc-pCVQZ,propane,5.987763506125253,5.573444728283604,5.511266894571275,0.2234110774075645,-0.2334973705604931,-0.195648901396882,6.270411820566397,5.783972761722625,5.709027829687407,0.2554970788045196,-0.2814393717001891,-0.2237484391672759
aug-cc-pCVQZ,1-3-butadiene,12.814762959294532,6.23320714432738,6.140637842885663,1.1793947450493667,-0.6705153907318349,-1.0964981339668065,11.535768102454236,6.327588069068294,6.212445054047828,1.0958410059000252,-0.8382495406935465,-1.0192621106980606
aug-cc-pCVQZ,isobutene,9.246625656440436,6.559487848399473,6.7424751412058805,4.32254803405958e-06,-0.6441071606478387,1.7545069839995005e-06,9.06286226695348,6.780602744428671,7.006206402837261,3.175598367154501e-06,-0.7941148612008487,1.3499627216415074e-06
aug-cc-pCVQZ,1-pentene,10.175765244233736,8.261655934509925,9.399583842037991,-0.0341500632795555,0.0070502195827213,1.9262576627838868,10.34574421030727,8.515511266004804,9.4846887920838,0.1164701543328424,0.1958680576940877,1.8637020217766929
aug-cc-pCVQZ,water,1.32940417491796,1.251476446161855,1.2067985126257654,0.0401555184087186,-0.0616656510392419,-0.0281621043192777,1.4585012285363064,1.4243266747694836,1.4059572163333114,0.01898143610321,-0.0253539906999855,-0.0133121913385501
aug-cc-pCVQZ,methanol,3.1727443429478965,2.8378610155096897,2.707858910429316,0.0990162966283086,0.006324130796756,0.0048064941103733,3.4077245445697386,2.9859394341025847,2.911202957946556,0.0773925893075136,0.003635713378167,0.0037571833498666
aug-cc-pCVQZ,ethanol,5.047135418455501,4.502306737646005,4.209434300488083,-0.0270899805224377,-3.7149907169651583e-06,-7.67448620788295e-06,5.371933374449685,4.780885990302406,4.454442180800226,-0.0243179543259338,-4.7182012137283866e-06,-7.890835886653159e-06
aug-cc-pCVQZ,methylformate,5.032945034133881,4.276346994339407,4.468921430471029,0.184198056737466,0.6914517817964251,0.2112542215087425,5.509987608547777,4.628051082530028,4.864342523244705,0.2590962972519418,0.8482989180711498,0.2972442299353017
aug-cc-pCVQZ,methylacetate,6.40256603740309,6.384686129389021,5.936094705428934,0.1042888227652242,1.0275240129570526,0.0799363843750803,6.880282440300751,6.931210803485492,6.377544807327523,0.0969236810336519,1.2686368299726785,0.0732557063440168
aug-cc-pCVQZ,acetone,6.441581272975073,5.959512560625897,4.8936170620478885,3.5208687449179165e-05,-0.36464563548326,0.0001143156138291,6.788976044544523,6.471047051557664,5.103740210399715,2.137268093768986e-05,-0.4677592453115574,6.933414465739243e-05
aug-cc-pCVQZ,acetaldehyde,4.912049457494724,4.074021617429879,3.4760835360236406,0.2333315489046456,0.2662007228021248,0.0888365848695647,5.188504775717695,4.41201678824497,3.6365430821488034,0.2644467255735329,0.3452361322765906,0.1006751444536552
aug-cc-pCVQZ,acetic_acid,5.091326181415955,5.016825436017113,3.6788624559522254,-0.1773708818187798,-0.0001626786581169,0.000126260783422,5.617205771881066,5.514253935302299,3.906471861113905,-0.1239877247860381,-9.881845670185024e-05,0.0001032402884926
aug-cc-pCVQZ,dimethyl_ether,4.942740541374113,4.347118921905857,4.5254635313912015,-0.2299368727781824,0.1709993571057491,-0.3792304060052663,5.2583785364838125,4.614545584235344,4.819382488991512,-0.2345691164863188,0.1964005742732854,-0.3868702970104057
aug-cc-pCVQZ,N-methylacetamide,7.178069756830721,6.0209888493860255,7.592956772658118,-0.0751560211567305,-0.9786689806086158,0.1549910412617656,7.803982411840156,6.411533498938118,8.346339638394541,-0.1165883434950297,-1.2046148049252636,0.2410408926022115
aug-cc-pCVQZ,dimethyl_sulfide,7.625010444596568,6.312777525801713,6.943797015694764,-0.2559205610730056,0.5525508943492555,-0.4408396801710233,7.905954314776642,6.548469950566066,7.205611118357276,-0.2600748142483829,0.5754243381802311,-0.447995755502395
aug-cc-pCVQZ,dimethyl_sulfone,7.40506001514902,6.945490178653748,7.235581394753818,0.0293728119401469,-0.0370439432461618,-0.2311461948719992,8.107992502306073,7.638006334186604,7.942751039986783,0.0286027849053788,-0.0388940530786239,-0.2248783283283475
aug-cc-pCVQZ,fluoromethane,2.453686869677965,2.278374965524335,2.278374955151405,1.215114634188843e-07,-2.0745859608102202e-08,-1.4966655860130874e-07,2.633580862942283,2.3996430029539666,2.399642992581037,1.6744872397968205e-07,-1.926401249323776e-08,-2.3116814991885314e-07
aug-cc-pCVQZ,phosphine,4.318538207631406,4.299572839196463,4.451410120072005,0.0005968331895241,0.001687920183893,0.0536922703409024,4.39007812469284,4.362043660756649,4.586488227243074,0.0008822250890701,0.002495086752901,0.0793674573304233
aug-cc-pCVQZ,hydrogen_sulfide,3.5116464679167105,3.5518817971291883,3.505632680361221,0.0072333032756099,0.0210609758789252,-0.0186844294859777,3.5845574388297727,3.6757610966436793,3.597186643869388,0.0006243066350337,0.0357813694944252,-0.0016129446472693
aug-cc-pCVQZ,silane,4.364709361458967,4.364709512607373,4.364709151036677,9.63200624661888e-08,-1.5263025283103765e-07,-3.11187894121533e-07,4.525637620272103,4.525637781793439,4.5256373905858,1.0521114515537545e-07,-1.6448502974995318e-07,-3.3637929507422855e-07
aug-cc-pCVQZ,ammonia,1.8926790545801664,1.885466710550149,1.950296604562104,0.0031596611014341,0.0088575899806964,0.0235499989134322,2.0396427833178468,2.014651573982981,2.2392914938564066,0.0109484584776048,0.0306921211723703,0.0816023154296359
aug-cc-pCVQZ,dimethyl_amine,5.571461204791697,4.88823653000216,5.262222882080976,-0.1527425501690963,-0.1880572400697901,0.2907372614322781,5.922367073806189,5.114568717798913,5.666663757447611,-0.2045675019869917,-0.1637603427913585,0.2616453276853653
aug-cc-pCVQZ,trimethyl_amine,7.119697008658093,7.143899298889323,6.563846629077339,0.0756492109953468,-0.2039132116574357,0.2391244641839708,7.58608483706548,7.605662369880198,7.136450543934295,0.0611935938223307,-0.1649479365609301,0.1934307659423606
aug-cc-pCVQZ,acetonitrile,5.680043921113321,3.495954879111364,3.4959548746658227,3.043713973931566e-06,-0.0,1.1651763864179116e-05,5.711580423963142,3.545883152569365,3.545883142196436,3.002222254715361e-06,-1.481847114864443e-09,1.1528770553645366e-05
aug-cc-pCVQZ,imidazole,7.826100199589684,8.10640875301066,4.956768026242397,-0.1188061455339503,0.0038402675539029,-0.0040629076736757,8.06642095154025,8.423151042818063,5.01430922997913,-0.1587276743558434,0.0041554831084826,-0.0042718599716485
aug-cc-pCVQZ,pyrrole,8.785838223217057,9.076341583973337,5.7325435134672,0.0021649489978746,0.0013288671461142,-0.0009186222179054,8.923318453462278,9.323022349648545,5.749965296590933,0.0029786327304938,0.0012709476697827,-0.0009383841310292
aug-cc-pCVQZ,pyrazole,7.795725290019956,8.107314859547834,4.966100579342196,-0.0884591924918924,0.001276925441044,-0.0059525768967162,8.14557386852723,8.322233168843299,5.049241425502536,-0.1719563665731651,0.0015369229265826,-0.0065809156377495
aug-cc-pCVQZ,furan,7.688205061043385,8.223166206380286,5.125216919968564,0.0327768770499299,-0.0024714957468324,0.0197210259982388,7.703825061814613,8.438673068303597,5.109608763601324,0.0450208003578329,-0.002571807905426,0.01991501756774
aug-cc-pCVQZ,thiophene,11.138020729023596,10.070078958137604,6.5476277101576965,0.0034072540447741,0.0002248940092345,0.022724368529373,11.222081098364889,10.396848197566523,6.5568695519863605,0.0026324361982836,0.0002877747097066,0.0231402844864905
aug-cc-pCVQZ,pyridine,10.35561867341513,11.039933100054784,6.03277781747457,-0.0245308868652571,-0.0068371270039095,-0.0069847397224096,10.683081291336803,11.32567723021442,5.98619141600294,-0.0230368856403566,-0.0073877191542143,-0.0075807193679956
aug-cc-pCVQZ,phenol,12.863950980471843,12.00015688946673,6.8614273183274594,-0.1910290400032373,0.0111166999897909,0.0223250551873305,13.574892463040795,12.33666995532556,6.885625460868615,-0.2014079031231364,0.0117973138514953,0.0249002906051332
aug-cc-pCVQZ,chlorobenzene,15.68088029051752,12.58825255715451,7.675440138072061,0.01631220267737,0.0025321077393717,0.0723620443589141,16.228837595140632,12.889514493980942,7.690141098744497,0.0176138082821122,0.0026816216677202,0.0771701655374196
aug-cc-pCVQZ,fluorobenzene,11.606325076241898,11.51624223275733,6.4886941302712,-0.0005760784388333,-4.512372649473716e-05,-0.0012859958272341,12.07741934592431,11.786663039792913,6.460348951150117,-0.0018590631527301,-5.197282385964061e-05,-0.0014684304710864
aug-cc-pCVQZ,toluene,14.586946527065471,12.824782185528887,7.942302347053332,-0.0037422981955978,-0.2820962078430883,-0.0325938615220085,15.06812451741422,13.13531904938452,7.921223052580372,-0.0041606443819837,-0.3012539229972355,-0.0366704629448727
aug-cc-pCVQZ,benzene,11.65996145575517,11.659674064843864,6.677897376071283,-0.0002303160878278,0.0454501492590466,0.0252334528101211,11.88737587650978,11.88706960390254,6.576035280969705,-0.0002454946478253,0.0484501205879944,0.0268998299006583
aug-cc-pCVQZ,cytosine,13.913981549696398,10.86890438755769,6.417624690777653,-0.0629747073712776,0.0109129978761461,0.0191578663025529,15.660335446434244,12.10584336079375,6.780117575828488,-0.2183378019155608,0.0187692667151508,0.0441877103553974
aug-cc-pCV5Z,bromine,9.230438586860831,5.119833126377334,5.119833126377334,0.0,-0.0,-0.0,8.986038939588068,5.283888057411433,5.283888057411433,-0.0,-0.0,-0.0
aug-cc-pCV5Z,chlorine,6.264991317176591,3.5460314899111047,3.5460314899111047,0.0,-0.0,-0.0,6.180219307058707,3.692156995527944,3.692156995527944,0.0,-0.0,-0.0
aug-cc-pCV5Z,nitrogen,2.269771103334034,1.4724614775554472,1.4724614775554472,-0.0,-0.0,-0.0,2.1412589747817967,1.5047529548370435,1.5047529548370435,-0.0,-0.0,-0.0
aug-cc-pCV5Z,oxygen,2.765180313265348,1.1669819326620885,1.1669819326620885,0.0,-0.0,0.0,1.7524674703962049,1.1739445691529329,1.1739445691529329,-0.0,-0.0,0.0
aug-cc-pCV5Z,carbon_monoxide,2.160686406856709,1.6749395173184427,1.6749395173184427,-0.0,0.0,-0.0,2.322852421446102,1.7689798972920412,1.7689798972920412,-0.0,-0.0,-0.0
aug-cc-pCV5Z,nitrogen_monoxide,1.3541716505298822,1.2919138385650693,2.1462163757568065,0.0,0.0,0.0,1.475088626523225,1.3155683995746204,1.9092717635071448,0.0,0.0,0.0
aug-cc-pCV5Z,sulfur_monoxide,4.724371219088573,2.853672823607771,2.853672823607771,0.0,0.0,0.0,3.928528765692872,2.9068851962786777,2.9068851962786777,0.0,-0.0,0.0
aug-cc-pCV5Z,carbon_dioxide,3.539263162105044,1.7822050256670516,1.7822050256670516,0.0,0.0,0.0,4.097975256678929,1.922197621002531,1.922197621002531,0.0,0.0,0.0
aug-cc-pCV5Z,sulfur_dioxide,4.307600775578183,3.142770850943115,3.386362845601017,0.4956480881317714,-0.4502526575592883,-0.6475360570697254,4.707061232438574,3.3840700680254727,3.6902165819323023,0.50175519500932,-0.5658766816350844,-0.6555141381871133
aug-cc-pCV5Z,ethene,5.368580601995936,3.570062634209804,3.4061457535347723,6.371942593917107e-08,0.0893365526768844,-1.6300318263508873e-07,5.016033448008102,3.6156985493050167,3.351018238688921,4.0009872101339966e-08,0.144253759334653,-1.0669299227023989e-07
aug-cc-pCV5Z,propane,5.987317359005145,5.573361481076385,5.511243356911701,0.2232337625454941,-0.2332731493098488,-0.1954936186377153,6.2661736370522805,5.780358114283042,5.70552244031745,0.2552157323475972,-0.281029098616885,-0.223502048001946
aug-cc-pCV5Z,1-3-butadiene,12.812118729075062,6.236230776309211,6.143510962174189,1.1785216214652758,-0.6716426051588642,-1.0956861869590055,11.5241402778302,6.3223256091188285,6.206838749257526,1.0940964169187657,-0.8408181240996507,-1.0176351448133905
aug-cc-pCV5Z,isobutene,9.245857618044496,6.559689009145317,6.742606216510579,4.32254803405958e-06,-0.6438604597764618,1.7545069839995005e-06,9.056200169803388,6.774695463152715,7.0003806024067625,3.166707284465315e-06,-0.7944016667825423,1.3425534860671853e-06
aug-cc-pCV5Z,1-pentene,10.175109092704202,8.261305443584776,9.399234789986393,-0.0343855791689094,0.00700884344758,1.925559093380692,10.3369306504499,8.508788103416956,9.476889154995982,0.116035623412268,0.1958056185840558,1.863509683948572
aug-cc-pCV5Z,water,1.3307786296087156,1.2548722173733362,1.210926888304976,0.038636167225224,-0.0606544948782488,-0.027096537695921,1.458841328749486,1.4284672416049078,1.411621285005999,0.0162884768232139,-0.0232512214888977,-0.0114235386626303
aug-cc-pCV5Z,methanol,3.1720151037549646,2.8377429434134247,2.708656370899721,0.0986157222343714,0.0062795938817187,0.0047870507943792,3.404010352568368,2.9833124466561425,2.910044064591905,0.076534882860806,0.0035642957564661,0.0037155523370216
aug-cc-pCV5Z,ethanol,5.046716568441096,4.502479257250811,4.209615933452647,-0.0269416579991696,-3.712027022735429e-06,-7.667076972308628e-06,5.367318533554065,4.777416808384854,4.45121630039677,-0.0242889664326728,-4.709310131039199e-06,-7.873053721274786e-06
aug-cc-pCV5Z,methylformate,5.032147730739269,4.277019161672556,4.46947915919704,0.1839261437192768,0.6910430483522734,0.2109422511993443,5.503397607705366,4.624790297217781,4.860777424327104,0.2587132397727493,0.8472097159863109,0.2968052786647836
aug-cc-pCV5Z,methylacetate,6.402394672157185,6.384255374214894,5.935946787449927,0.1041483599590533,1.026877220773898,0.0798249361354185,6.8741362482237,6.925059952481112,6.372090068823823,0.0967763128199257,1.2670416956458828,0.073143149682713
aug-cc-pCV5Z,acetone,6.441196192774569,5.959315223045612,4.894947710374235,3.5193868978030524e-05,-0.364122906504256,0.00011426374918,6.782486509972807,6.465627220926449,5.101411142388328,2.126895163964935e-05,-0.466701888121217,6.899776536231819e-05
aug-cc-pCV5Z,acetaldehyde,4.911803860599448,4.074283284957116,3.477764664902206,0.2330915311637567,0.2655688661560409,0.0887451667573545,5.183396690155116,4.408523218087602,3.635458285595438,0.2644675662713563,0.3441638662224277,0.1006829686064217
aug-cc-pCV5Z,acetic_acid,5.091373923566303,5.01699863282605,3.680154728883839,-0.1771246477292442,-0.0001626045657611,0.0001266312452007,5.612133569246373,5.509374897366417,3.904668319808875,-0.1236143882239192,-9.844651307601926e-05,0.0001030846945455
aug-cc-pCV5Z,dimethyl_ether,4.941495527510688,4.347469750692148,4.525054895748959,-0.2296473509707273,0.1702711700242691,-0.378752903000208,5.252726168475944,4.611617122402618,4.8152000807209525,-0.2340258165056663,0.1951982702074046,-0.3859742418422125
aug-cc-pCV5Z,N-methylacetamide,7.17778257485986,6.021653632675002,7.59235989501318,-0.0752203377670569,-0.9778839009708548,0.1551269636883766,7.796920922810127,6.407005091221015,8.339646678814589,-0.1167004556021991,-1.203267770333521,0.2412783600842156
aug-cc-pCV5Z,dimethyl_sulfide,7.626118316473207,6.313149770242508,6.944802766077482,-0.2557644114332768,0.553105623816705,-0.44057070713751,7.899463363559082,6.540212465693323,7.198326181600796,-0.2602875334017217,0.5762759483079081,-0.4483621822114172
aug-cc-pCV5Z,dimethyl_sulfone,7.404914943798322,6.945675812605522,7.235300716609944,0.0293974520939729,-0.0369850694602882,-0.2313467362057481,8.099966117418282,7.63069194275502,7.934717635589209,0.0286051929069404,-0.0388029402269194,-0.2249042206429855
aug-cc-pCV5Z,fluoromethane,2.4524928595103868,2.27918979176108,2.27918978138815,1.2002961630401988e-07,-2.0745859608102202e-08,-1.4670286437157985e-07,2.6298279873219794,2.399101830905771,2.399101819050994,1.6448502974995318e-07,-1.926401249323776e-08,-2.2524076145939534e-07
aug-cc-pCV5Z,phosphine,4.318166741160346,4.299381495687756,4.449776703706844,0.0005911651243097,0.0016718880799573,0.0531823297024996,4.386458693850772,4.3588770423830105,4.579696376595913,0.0008679756472135,0.0024547849569181,0.0780855128732012
aug-cc-pCV5Z,hydrogen_sulfide,3.511801734375559,3.5468170215122354,3.505119707863621,0.0071647841468657,0.0189881681346528,-0.01850742136626,3.580249374369413,3.6607718915160015,3.5912925525146004,0.0006154451892868,0.0316396201450031,-0.0015900189905553
aug-cc-pCV5Z,silane,4.364885855377736,4.364886005044294,4.364885643473598,9.63200624661888e-08,-1.5263025283103765e-07,-3.11187894121533e-07,4.525009819441572,4.525009980962908,4.525009588273423,1.0521114515537545e-07,-1.6448502974995318e-07,-3.3637929507422855e-07
aug-cc-pCV5Z,ammonia,1.8933740601410505,1.8856965702290651,1.9547075551494952,0.0033634387892818,0.0094288450071709,0.0250688151501183,2.038778749383958,2.013143994592967,2.2435685995668417,0.0112303917459847,0.0314824717403189,0.0837036502127165
aug-cc-pCV5Z,dimethyl_amine,5.570921680557492,4.888543687272128,5.262467065294104,-0.1525998008728271,-0.1876576762955852,0.2900407784698207,5.9176520882007,5.111740726682423,5.662607178742963,-0.2040459673767622,-0.1634107854298918,0.2609367632233803
aug-cc-pCV5Z,trimethyl_amine,7.119167932927897,7.143336983846493,6.564080965416389,0.0755453127667352,-0.2036331544075033,0.2387960468534447,7.580242896356206,7.599807083655809,7.130915081809011,0.0611518827897415,-0.1648355043747839,0.1932989185953155
aug-cc-pCV5Z,acetonitrile,5.679154178613836,3.4969589327791355,3.4969589298154418,3.040750279701837e-06,-0.0,1.1641390934375062e-05,5.705806769732615,3.542906029841081,3.542906017986305,2.9977767133707684e-06,-1.481847114864443e-09,1.1512470235381855e-05
aug-cc-pCV5Z,imidazole,7.826432986887352,8.110065607901616,4.956474796853461,-0.1191515981789088,0.0038461830875854,-0.0040647451640981,8.058948104714828,8.418052575925106,5.005314069757831,-0.1581673257241343,0.0041597893561984,-0.0042740738512381
aug-cc-pCV5Z,pyrrole,8.786822851351,9.078101483398989,5.73260112027379,0.0021707267197755,0.0013316441276075,-0.0009187111287323,8.917706227210902,9.3148097306609,5.738935472851945,0.0029592575794669,0.0012743929643247,-0.0009399341431114
aug-cc-pCV5Z,pyrazole,7.7965438549569726,8.108417676843963,4.965118538513317,-0.0882864906198905,0.0012775241072784,-0.0059566178937984,8.138139158519156,8.316396703559116,5.039562938157465,-0.1715443686198193,0.0015373763717997,-0.0065858575978775
aug-cc-pCV5Z,furan,7.6884460923677,8.22568784042425,5.125868274758984,0.0329165722592953,-0.002472097376761,0.0197177437068794,7.698330258610468,8.431564046063663,5.100708574961617,0.0449219344820233,-0.00257416848788,0.019941413710397
aug-cc-pCV5Z,thiophene,11.138127321250265,10.072693533632613,6.546575123033219,0.0033992565158952,0.0002239100627502,0.022731682926732,11.210565538478267,10.388992099139935,6.543205450113125,0.0026207636885598,0.0002867359348791,0.0231522000191411
aug-cc-pCV5Z,pyridine,10.355600098461544,11.039765492773164,6.032776593468853,-0.0245255492519494,-0.0068380398217323,-0.0069843514784655,10.674950480682828,11.317114437416906,5.97673731142985,-0.0230214136746303,-0.0073922639793156,-0.0075823568090575
aug-cc-pCV5Z,phenol,12.863804102749514,11.999769636878357,6.86047061856609,-0.1906846409515775,0.011119345086891,0.0223288709436513,13.565275783538883,12.327216040428898,6.873306677608164,-0.2005976024474804,0.0118069903131553,0.0249124891705828
aug-cc-pCV5Z,chlorobenzene,15.681807384455384,12.587332364178662,7.674108991845085,0.0163219561950801,0.0025323774355466,0.0723817662621658,16.215763252118794,12.87747779810097,7.675754474891302,0.0176083195203987,0.0026827093435025,0.0771812571630743
aug-cc-pCV5Z,fluorobenzene,11.606233289149756,11.516496911893576,6.488642529390966,-0.0005738615955495,-4.522301025143307e-05,-0.00128629071481,12.068985934680244,11.778848538296687,6.450049174210738,-0.0018551051390863,-5.2052843603843285e-05,-0.0014699701102388
aug-cc-pCV5Z,toluene,14.585678873541829,12.82310997440626,7.942280633547559,-0.0037326024699253,-0.2820009873111814,-0.0324180225796645,15.058084592739364,13.124450364664495,7.909683254120498,-0.0041483050410582,-0.3012929118766747,-0.0364404654541746
aug-cc-pCV5Z,benzene,11.65965191567504,11.659364524763737,6.677558945899802,-0.0002303160878278,0.0454503152259234,0.0252335654305018,11.87890532721332,11.878598888639202,6.564605889010971,-0.0002456294959128,0.0484769257204552,0.0269147506192578
aug-cc-pCV5Z,cytosine,13.914276521737545,10.870118224839668,6.418094771210512,-0.0627531816005352,0.0108688121588751,0.0192478618415328,15.64872681913958,12.096308098417872,6.77079969597882,-0.2161962705476423,0.0186866226197077,0.0442578106150132
